Мотор;x;y;z;time;
;0,05189505;0,1147655;2,148197;0;
;0,05189505;0,1147655;2,148197;0,01;
;0,05189505;0,1147655;2,148197;0,02;
;0,05189505;0,1147655;2,148197;0,03;
;0,05189505;0,1147655;2,148197;0,04;
;0,05189505;0,1147655;2,148197;0,05;
;0,05189505;0,1147655;2,148197;0,05999999;
;0,05189505;0,1147655;2,148197;0,06999999;
;0,05189505;0,1147655;2,148197;0,07999999;
;0,05189505;0,1147655;2,148197;0,08999999;
;0,05189505;0,1147655;2,148197;0,09999999;
;0,05189505;0,1147655;2,148197;0,11;
;0,05189505;0,1147655;2,148197;0,12;
;0,05189505;0,1147655;2,148197;0,13;
;0,05189505;0,1147655;2,148197;0,14;
;0,05189505;0,1147655;2,148197;0,15;
;0,05189505;0,1147655;2,148197;0,16;
;0,05189505;0,1147655;2,148197;0,17;
;0,05189505;0,1147655;2,148197;0,18;
;0,05189505;0,1147655;2,148197;0,19;
;0,05189505;0,1147655;2,148197;0,2;
;0,05189505;0,1147655;2,148197;0,21;
;0,05189505;0,1147655;2,148197;0,22;
;0,05189505;0,1147655;2,148197;0,23;
;0,05189505;0,1147655;2,148197;0,24;
;0,05189505;0,1147655;2,148197;0,25;
;0,05189505;0,1147655;2,148197;0,26;
;0,05189505;0,1147655;2,148197;0,27;
;0,05189505;0,1147655;2,148197;0,28;
;0,05189505;0,1147655;2,148197;0,29;
;0,05189505;0,1147655;2,148197;0,3;
;0,05189505;0,1147655;2,148197;0,31;
;0,05189505;0,1147655;2,148197;0,32;
;0,05189505;0,1147655;2,148197;0,33;
;0,05189505;0,1147655;2,148197;0,3399999;
;0,05189505;0,1147655;2,148197;0,3499999;
;0,05189505;0,1147655;2,148197;0,3599999;
;0,05189505;0,1147655;2,148197;0,3699999;
;0,05189505;0,1147655;2,148197;0,3799999;
;0,05189505;0,1147655;2,148197;0,3899999;
;0,05189505;0,1147655;2,148197;0,3999999;
;0,05189505;0,1147655;2,148197;0,4099999;
;0,05189505;0,1147655;2,148197;0,4199999;
;0,05189505;0,1147655;2,148197;0,4299999;
;0,05189505;0,1147655;2,148197;0,4399998;
;0,05189505;0,1147655;2,148197;0,4499998;
;0,05189505;0,1147655;2,148197;0,4599998;
;0,05189505;0,1147655;2,148197;0,4699998;
;0,05189505;0,1147655;2,148197;0,4799998;
;0,05189505;0,1147655;2,148197;0,4899998;
;0,05189505;0,1147655;2,148197;0,4999998;
;0,05189505;0,1147655;2,148197;0,5099998;
;0,05189505;0,1147655;2,148197;0,5199998;
;0,05189505;0,1147655;2,148197;0,5299998;
;0,05189505;0,1147655;2,148197;0,5399998;
;0,05189505;0,1147655;2,148197;0,5499998;
;0,05189505;0,1147655;2,148197;0,5599998;
;0,05189505;0,1147655;2,148197;0,5699998;
;0,05189505;0,1147655;2,148197;0,5799997;
;0,05189505;0,1147655;2,148197;0,5899997;
;0,05189505;0,1147655;2,148197;0,5999997;
;0,05189505;0,1147655;2,148197;0,6099997;
;0,05189505;0,1147655;2,148197;0,6199997;
;0,05189505;0,1147655;2,148197;0,6299997;
;0,05189505;0,1147655;2,148197;0,6399997;
;0,05189505;0,1147655;2,148197;0,6499997;
;0,05189505;0,1147655;2,148197;0,6599997;
;0,05189505;0,1147655;2,148197;0,6699997;
;0,05189505;0,1147655;2,148197;0,6799996;
;0,05189505;0,1147655;2,148197;0,6899996;
;0,05189505;0,1147655;2,148197;0,6999996;
;0,05189505;0,1147655;2,148197;0,7099996;
;0,05189505;0,1147655;2,148197;0,7199996;
;0,05189505;0,1147655;2,148197;0,7299996;
;0,05189505;0,1147655;2,148197;0,7399996;
;0,05189505;0,1147655;2,148197;0,7499996;
;0,05189505;0,1147655;2,148197;0,7599996;
;0,05189505;0,1147655;2,148197;0,7699996;
;0,05189505;0,1147655;2,148197;0,7799996;
;0,05189505;0,1147655;2,148197;0,7899995;
;0,05189505;0,1147655;2,148197;0,7999995;
;0,05189505;0,1147655;2,148197;0,8099995;
;0,05189505;0,1147655;2,148197;0,8199995;
;0,05189505;0,1147655;2,148197;0,8299995;
;0,05189505;0,1147655;2,148197;0,8399995;
;0,05189505;0,1147655;2,148197;0,8499995;
;0,05189505;0,1147655;2,148197;0,8599995;
;0,05189505;0,1147655;2,148197;0,8699995;
;0,05189505;0,1147655;2,148197;0,8799995;
;0,05189505;0,1147655;2,148197;0,8899994;
;0,05189505;0,1147655;2,148197;0,8999994;
;0,05189505;0,1147655;2,148197;0,9099994;
;0,05189505;0,1147655;2,148197;0,9199994;
;0,05189505;0,1147655;2,148197;0,9299994;
;0,05189505;0,1147655;2,148197;0,9399994;
;0,05189505;0,1147655;2,148197;0,9499994;
;0,05189505;0,1147655;2,148197;0,9599994;
;0,05189505;0,1147655;2,148197;0,9699994;
;0,05189505;0,1147655;2,148197;0,9799994;
;0,05189505;0,1147655;2,148197;0,9899994;
;0,05189505;0,1147655;2,148197;0,9999993;
;0,05189505;0,1147655;2,148197;1,009999;
;0,05189505;0,1147655;2,148197;1,019999;
;0,05189505;0,1147655;2,148197;1,029999;
;0,05189505;0,1147655;2,148197;1,039999;
;0,05189505;0,1147655;2,148197;1,049999;
;0,05189505;0,1147655;2,148197;1,059999;
;0,05189505;0,1147655;2,148197;1,069999;
;0,05189505;0,1147655;2,148197;1,079999;
;0,05189505;0,1147655;2,148197;1,089999;
;0,05189505;0,1147655;2,148197;1,099999;
;0,05189505;0,1147655;2,148197;1,109999;
;0,05189505;0,1147655;2,148197;1,119999;
;0,05189505;0,1147655;2,148197;1,129999;
;0,05189505;0,1147655;2,148197;1,139999;
;0,05189505;0,1147655;2,148197;1,149999;
;0,05189505;0,1147655;2,148197;1,159999;
;0,05189505;0,1147655;2,148197;1,169999;
;0,05189505;0,1147655;2,148197;1,179999;
;0,05189505;0,1147655;2,148197;1,189999;
;0,05189505;0,1147655;2,148197;1,199999;
;0,05189505;0,1147655;2,148197;1,209999;
;0,05189505;0,1147655;2,148197;1,219999;
;0,05189505;0,1147655;2,148197;1,229999;
;0,05189505;0,1147655;2,148197;1,239999;
;0,05189505;0,1147655;2,148197;1,249999;
;0,05189505;0,1147655;2,148197;1,259999;
;0,05189505;0,1147655;2,148197;1,269999;
;0,05189505;0,1147655;2,148197;1,279999;
;0,05189505;0,1147655;2,148197;1,289999;
;0,05189505;0,1147655;2,148197;1,299999;
;0,05189505;0,1147655;2,148197;1,309999;
;0,05189505;0,1147655;2,148197;1,319999;
;0,05189505;0,1147655;2,148197;1,329999;
;0,05189505;0,1147655;2,148197;1,339999;
;0,05189505;0,1147655;2,148197;1,349999;
;0,05189505;0,1147655;2,148197;1,359999;
;0,05189505;0,1147655;2,148197;1,369999;
;0,05189505;0,1147655;2,148197;1,379999;
;0,05189505;0,1147655;2,148197;1,389999;
;0,05189505;0,1147655;2,148197;1,399999;
;0,05189505;0,1147655;2,148197;1,409999;
;0,05189505;0,1147655;2,148197;1,419999;
;0,05189505;0,1147655;2,148197;1,429999;
;0,05189505;0,1147655;2,148197;1,439999;
;0,05189505;0,1147655;2,148197;1,449999;
;0,05189505;0,1147655;2,148197;1,459999;
;0,05189505;0,1147655;2,148197;1,469999;
;0,05189505;0,1147655;2,148197;1,479999;
;0,05189505;0,1147655;2,148197;1,489999;
;0,05189505;0,1147655;2,148197;1,499999;
;0,05189505;0,1147655;2,148197;1,509999;
;0,05189505;0,1147655;2,148197;1,519999;
;0,05189505;0,1147655;2,148197;1,529999;
;0,05189505;0,1147655;2,148197;1,539999;
;0,05189505;0,1147655;2,148197;1,549999;
;0,05189505;0,1147655;2,148197;1,559999;
;0,05189505;0,1147655;2,148197;1,569999;
;0,05189505;0,1147655;2,148197;1,579999;
;0,05189505;0,1147655;2,148197;1,589999;
;0,05189505;0,1147655;2,148197;1,599999;
;0,05189505;0,1147655;2,148197;1,609999;
;0,05189505;0,1147655;2,148197;1,619999;
;0,05189505;0,1147655;2,148197;1,629999;
;0,05189505;0,1147655;2,148197;1,639999;
;0,05189505;0,1147655;2,148197;1,649999;
;0,05189505;0,1147655;2,148197;1,659999;
;0,05189505;0,1147655;2,148197;1,669999;
;0,05189505;0,1147655;2,148197;1,679999;
;0,05189505;0,1147655;2,148197;1,689999;
;0,05189505;0,1147655;2,148197;1,699999;
;0,05189505;0,1147655;2,148197;1,709999;
;0,05189505;0,1147655;2,148197;1,719999;
;0,05189505;0,1147655;2,148197;1,729999;
;0,05189505;0,1147655;2,148197;1,739999;
;0,05189505;0,1147655;2,148197;1,749999;
;0,05189505;0,1147655;2,148197;1,759999;
;0,05189505;0,1147655;2,148197;1,769999;
;0,05189505;0,1147655;2,148197;1,779999;
;0,05189505;0,1147655;2,148197;1,789999;
;0,05189505;0,1147655;2,148197;1,799999;
;0,05189505;0,1147655;2,148197;1,809999;
;0,05189505;0,1147655;2,148197;1,819999;
;0,05189505;0,1147655;2,148197;1,829999;
;0,05189505;0,1147655;2,148197;1,839999;
;0,05189505;0,1147655;2,148197;1,849999;
;0,05189505;0,1147655;2,148197;1,859999;
;0,05189505;0,1147655;2,148197;1,869999;
;0,05189505;0,1147655;2,148197;1,879999;
;0,05189505;0,1147655;2,148197;1,889999;
;0,05189505;0,1147655;2,148197;1,899999;
;0,05189505;0,1147655;2,148197;1,909999;
;0,05189505;0,1147655;2,148197;1,919999;
;0,05189505;0,1147655;2,148197;1,929999;
;0,05189505;0,1147655;2,148197;1,939999;
;0,05189505;0,1147655;2,148197;1,949998;
;0,05189505;0,1147655;2,148197;1,959998;
;0,05189505;0,1147655;2,148197;1,969998;
;0,05189505;0,1147655;2,148197;1,979998;
;0,05189505;0,1147655;2,148197;1,989998;
;0,05189505;0,1147655;2,148197;1,999998;
;0,05189505;0,1147655;2,148197;2,009999;
;0,05189505;0,1147655;2,148197;2,019999;
;0,05189505;0,1147655;2,148197;2,029999;
;0,05189505;0,1147655;2,148197;2,039999;
;0,05189505;0,1147655;2,148197;2,049999;
;0,05189505;0,1147655;2,148197;2,059999;
;0,05189505;0,1147655;2,148197;2,069999;
;0,05189505;0,1147655;2,148197;2,079998;
;0,05189505;0,1147655;2,148197;2,089998;
;0,05189505;0,1147655;2,148197;2,099998;
;0,05189505;0,1147655;2,148197;2,109998;
;0,05189505;0,1147655;2,148197;2,119998;
;0,05189505;0,1147655;2,148197;2,129998;
;0,05189505;0,1147655;2,148197;2,139998;
;0,05189505;0,1147655;2,148197;2,149998;
;0,05189505;0,1147655;2,148197;2,159998;
;0,05189505;0,1147655;2,148197;2,169998;
;0,05189505;0,1147655;2,148197;2,179998;
;0,05189505;0,1147655;2,148197;2,189998;
;0,05189505;0,1147655;2,148197;2,199998;
;0,05189505;0,1147655;2,148197;2,209998;
;0,05189505;0,1147655;2,148197;2,219998;
;0,05189505;0,1147655;2,148197;2,229998;
;0,05189505;0,1147655;2,148197;2,239998;
;0,05189505;0,1147655;2,148197;2,249998;
;0,05189505;0,1147655;2,148197;2,259998;
;0,05189505;0,1147655;2,148197;2,269998;
;0,05189505;0,1147655;2,148197;2,279998;
;0,05189505;0,1147655;2,148197;2,289998;
;0,05189505;0,1147655;2,148197;2,299998;
;0,05189505;0,1147655;2,148197;2,309998;
;0,05189505;0,1147655;2,148197;2,319998;
;0,05189505;0,1147655;2,148197;2,329998;
;0,05189505;0,1147655;2,148197;2,339998;
;0,05189505;0,1147655;2,148197;2,349998;
;0,05189505;0,1147655;2,148197;2,359998;
;0,05189505;0,1147655;2,148197;2,369998;
;0,05189505;0,1147655;2,148197;2,379998;
;0,05189505;0,1147655;2,148197;2,389998;
;0,05189505;0,1147655;2,148197;2,399998;
;0,05189505;0,1147655;2,148197;2,409998;
;0,05189505;0,1147655;2,148197;2,419998;
;0,05189505;0,1147655;2,148197;2,429998;
;0,05189505;0,1147655;2,148197;2,439998;
;0,05189505;0,1147655;2,148197;2,449998;
;0,05189505;0,1147655;2,148197;2,459998;
;0,05189505;0,1147655;2,148197;2,469998;
;0,05189505;0,1147655;2,148197;2,479998;
;0,05189505;0,1147655;2,148197;2,489998;
;0,05189505;0,1147655;2,148197;2,499998;
;0,05189505;0,1147655;2,148197;2,509998;
;0,05189505;0,1147655;2,148197;2,519998;
;0,05189505;0,1147655;2,148197;2,529998;
;0,05189505;0,1147655;2,148197;2,539998;
;0,05189505;0,1147655;2,148197;2,549998;
;0,05189505;0,1147655;2,148197;2,559998;
;0,05189505;0,1147655;2,148197;2,569998;
;0,05189505;0,1147655;2,148197;2,579998;
;0,05189505;0,1147655;2,148197;2,589998;
;0,05189505;0,1147655;2,148197;2,599998;
;0,05189505;0,1147655;2,148197;2,609998;
;0,05189505;0,1147655;2,148197;2,619998;
;0,05189505;0,1147655;2,148197;2,629998;
;0,05189505;0,1147655;2,148197;2,639998;
;0,05189505;0,1147655;2,148197;2,649998;
;0,05189505;0,1147655;2,148197;2,659998;
;0,05189505;0,1147655;2,148197;2,669998;
;0,05189505;0,1147655;2,148197;2,679998;
;0,05189505;0,1147655;2,148197;2,689998;
;0,05189505;0,1147655;2,148197;2,699998;
;0,05189505;0,1147655;2,148197;2,709998;
;0,05189505;0,1147655;2,148197;2,719998;
;0,05189505;0,1147655;2,148197;2,729998;
;0,05189505;0,1147655;2,148197;2,739998;
;0,05189505;0,1147655;2,148197;2,749998;
;0,05189505;0,1147655;2,148197;2,759998;
;0,05189505;0,1147655;2,148197;2,769998;
;0,05189505;0,1147655;2,148197;2,779998;
;0,05189505;0,1147655;2,148197;2,789998;
;0,05189505;0,1147655;2,148197;2,799998;
;0,05189505;0,1147655;2,148197;2,809998;
;0,05189505;0,1147655;2,148197;2,819998;
;0,05189505;0,1147655;2,148197;2,829998;
;0,05189505;0,1147655;2,148197;2,839998;
;0,05189505;0,1147655;2,148197;2,849998;
;0,05189505;0,1147655;2,148197;2,859998;
;0,05189505;0,1147655;2,148197;2,869998;
;0,05189505;0,1147655;2,148197;2,879998;
;0,05189505;0,1147655;2,148197;2,889998;
;0,05189505;0,1147655;2,148197;2,899998;
;0,05189505;0,1147655;2,148197;2,909998;
;0,05189505;0,1147655;2,148197;2,919998;
;0,05189505;0,1147655;2,148197;2,929998;
;0,05189505;0,1147655;2,148197;2,939998;
;0,05189505;0,1147655;2,148197;2,949998;
;0,05189505;0,1147655;2,148197;2,959998;
;0,05189505;0,1147655;2,148197;2,969998;
;0,05189505;0,1147655;2,148197;2,979998;
;0,05189505;0,1147655;2,148197;2,989998;
;0,05189505;0,1147655;2,148197;2,999998;
;0,05189505;0,1147655;2,148197;3,009998;
;0,05189505;0,1147655;2,148197;3,019998;
;0,05189505;0,1147655;2,148197;3,029998;
;0,05189505;0,1147655;2,148197;3,039998;
;0,05189505;0,1147655;2,148197;3,049998;
;0,05189505;0,1147655;2,148197;3,059998;
;0,05189505;0,1147655;2,148196;3,069998;
;0,05189505;0,1147655;2,148196;3,079998;
;0,05189505;0,1147655;2,148196;3,089998;
;0,05189505;0,1147655;2,148196;3,099998;
;0,05189505;0,1147655;2,148196;3,109998;
;0,05189505;0,1147655;2,148196;3,119998;
;0,05189505;0,1147655;2,148196;3,129997;
;0,05189505;0,1147655;2,148196;3,139997;
;0,05189505;0,1147655;2,148196;3,149997;
;0,05189505;0,1147655;2,148196;3,159997;
;0,05189505;0,1147655;2,148196;3,169997;
;0,05189505;0,1147655;2,148196;3,179997;
;0,05189505;0,1147655;2,148196;3,189997;
;0,05189505;0,1147655;2,148196;3,199997;
;0,05189506;0,1147655;2,148196;3,209997;
;0,05189506;0,1147655;2,148196;3,219997;
;0,05189505;0,1147655;2,148196;3,229997;
;0,05189558;0,1147655;2,148196;3,239997;
;0,05189558;0,1147655;2,148196;3,249997;
;0,0518975;0,1147655;2,148196;3,259997;
;0,05138892;0,1148633;2,148196;3,269997;
;0,05116258;0,1158042;2,148196;3,279997;
;0,05108239;0,1172051;2,148197;3,289997;
;0,05108239;0,1172051;2,148197;3,299997;
;0,05088968;0,1186783;2,148196;3,309997;
;0,05060847;0,1199832;2,148196;3,319997;
;0,05060847;0,1199832;2,148196;3,329997;
;0,0502477;0,121243;2,148195;3,339997;
;0,04990729;0,1224089;2,148195;3,349997;
;0,04966449;0,1232959;2,148195;3,359997;
;0,04966449;0,1232959;2,148195;3,369997;
;0,04933023;0,1243352;2,148195;3,379997;
;0,04897327;0,125482;2,148194;3,389997;
;0,04872424;0,1263578;2,148194;3,399997;
;0,04872424;0,1263578;2,148194;3,409997;
;0,04839886;0,1273391;2,148194;3,419997;
;0,04808784;0,1282768;2,148193;3,429997;
;0,04808784;0,1282768;2,148193;3,439997;
;0,0477598;0,1292435;2,148193;3,449997;
;0,04752937;0,1299297;2,148193;3,459997;
;0,0472351;0,1307407;2,148192;3,469997;
;0,0472351;0,1307407;2,148192;3,479997;
;0,04693301;0,1315819;2,148192;3,489997;
;0,04668383;0,1322722;2,148192;3,499997;
;0,04639147;0,1330676;2,148191;3,509997;
;0,04639147;0,1330676;2,148191;3,519997;
;0,04611315;0,1338205;2,148191;3,529997;
;0,045846;0,134541;2,148191;3,539997;
;0,0456467;0,1350578;2,14819;3,549997;
;0,0456467;0,1350578;2,14819;3,559997;
;0,04540978;0,1356977;2,14819;3,569997;
;0,04517368;0,1363264;2,14819;3,579997;
;0,04498761;0,1367866;2,14819;3,589997;
;0,04498761;0,1367866;2,14819;3,599997;
;0,04475172;0,1374022;2,14819;3,609997;
;0,04456881;0,1378118;2,14819;3,619997;
;0,04435052;0,1383129;2,14819;3,629997;
;0,04435052;0,1383129;2,14819;3,639997;
;0,04412701;0,1387892;2,14819;3,649997;
;0,04394645;0,1391233;2,14819;3,659997;
;0,04375022;0,1395559;2,14819;3,669997;
;0,04375022;0,1395559;2,14819;3,679997;
;0,0435532;0,1400291;2,14819;3,689997;
;0,04339128;0,1404023;2,14819;3,699997;
;0,04321672;0,1408514;2,14819;3,709997;
;0,04307111;0,1411838;2,14819;3,719997;
;0,04307111;0,1411838;2,14819;3,729997;
;0,04292167;0,1415563;2,14819;3,739997;
;0,04280562;0,1418256;2,14819;3,749997;
;0,04268759;0,1421348;2,14819;3,759997;
;0,04268759;0,1421348;2,14819;3,769997;
;0,04256995;0,1424435;2,14819;3,779997;
;0,04248241;0,1426558;2,14819;3,789997;
;0,0424041;0,1428704;2,14819;3,799997;
;0,04233087;0,1430943;2,14819;3,809997;
;0,04227923;0,1432335;2,14819;3,819997;
;0,04227923;0,1432335;2,14819;3,829997;
;0,04223529;0,1433971;2,14819;3,839997;
;0,04220556;0,1435357;2,14819;3,849997;
;0,04219389;0,1436214;2,14819;3,859997;
;0,04219389;0,1436214;2,14819;3,869997;
;0,0421935;0,1436989;2,14819;3,879997;
;0,042203;0,1437359;2,14819;3,889997;
;0,04224014;0,1437607;2,14819;3,899997;
;0,04228174;0,1437522;2,14819;3,909997;
;0,04228174;0,1437522;2,14819;3,919997;
;0,04234764;0,1437005;2,14819;3,929997;
;0,04243118;0,1436219;2,14819;3,939997;
;0,04251501;0,143536;2,14819;3,949997;
;0,04251501;0,143536;2,14819;3,959997;
;0,04262738;0,1433797;2,14819;3,969997;
;0,04274103;0,1432458;2,14819;3,979997;
;0,04288438;0,1430269;2,14819;3,989997;
;0,04303481;0,1428247;2,14819;3,999997;
;0,04303481;0,1428247;2,14819;4,009997;
;0,04322547;0,1425293;2,14819;4,019997;
;0,04339259;0,1422812;2,14819;4,029997;
;0,04294958;0,142146;2,148191;4,039998;
;0,04294958;0,142146;2,148191;4,049998;
;0,04258151;0,142348;2,148191;4,059998;
;0,04244412;0,1425459;2,148191;4,069998;
;0,04239463;0,142797;2,14819;4,079998;
;0,04239463;0,142797;2,14819;4,089999;
;0,04235666;0,1430095;2,14819;4,099999;
;0,04230562;0,1431792;2,14819;4,109999;
;0,04225193;0,1433531;2,14819;4,119999;
;0,04221794;0,1434642;2,14819;4,13;
;0,04221794;0,1434642;2,14819;4,14;
;0,04219567;0,1435856;2,14819;4,15;
;0,04219147;0,1436766;2,14819;4,16;
;0,04220278;0,1437304;2,14819;4,170001;
;0,04220278;0,1437304;2,14819;4,180001;
;0,04223013;0,1437607;2,14819;4,190001;
;0,04227323;0,1437529;2,14819;4,200001;
;0,04232675;0,1437259;2,14819;4,210001;
;0,04240127;0,1436584;2,14819;4,220002;
;0,04248383;0,1435775;2,14819;4,230002;
;0,04248383;0,1435775;2,14819;4,240002;
;0,04259082;0,1434411;2,14819;4,250002;
;0,04272366;0,1432676;2,14819;4,260003;
;0,04285783;0,1431028;2,14819;4,270003;
;0,04285783;0,1431028;2,14819;4,280003;
;0,04301831;0,1428352;2,14819;4,290003;
;0,04320443;0,1425733;2,14819;4,300004;
;0,04340424;0,142313;2,14819;4,310004;
;0,04330536;0,1420158;2,148191;4,320004;
;0,04330536;0,1420158;2,148191;4,330004;
;0,04289211;0,1420217;2,148191;4,340004;
;0,04262052;0,1421861;2,148192;4,350005;
;0,04250815;0,1424643;2,148191;4,360005;
;0,04245945;0,1426769;2,148191;4,370005;
;0,04245945;0,1426769;2,148191;4,380005;
;0,04240767;0,1428715;2,148191;4,390006;
;0,04233959;0,1430944;2,148191;4,400006;
;0,04227992;0,1432392;2,148191;4,410006;
;0,04227992;0,1432392;2,148191;4,420006;
;0,04223487;0,1433966;2,148191;4,430007;
;0,04220971;0,1435056;2,148191;4,440007;
;0,0421947;0,1436258;2,148191;4,450007;
;0,04219076;0,1436922;2,148191;4,460007;
;0,04219076;0,1436922;2,148191;4,470007;
;0,04220606;0,1437453;2,148191;4,480008;
;0,04223318;0,1437597;2,148191;4,490008;
;0,04228339;0,1437482;2,148191;4,500008;
;0,04233515;0,143717;2,148191;4,510008;
;0,04233515;0,143717;2,148191;4,520009;
;0,04241249;0,1436328;2,148191;4,530009;
;0,04249407;0,1435522;2,148191;4,540009;
;0,04259592;0,1434131;2,148191;4,550009;
;0,04270743;0,1432824;2,148191;4,560009;
;0,04270743;0,1432824;2,148191;4,57001;
;0,04284894;0,1430607;2,148191;4,58001;
;0,0430064;0,142849;2,148191;4,59001;
;0,04318291;0,142567;2,148191;4,60001;
;0,04336254;0,1423174;2,148191;4,610011;
;0,04336254;0,1423174;2,148191;4,620011;
;0,04347818;0,1419688;2,148191;4,630011;
;0,04306983;0,1417641;2,148192;4,640011;
;0,04273773;0,1419763;2,148193;4,650012;
;0,04259624;0,1421831;2,148192;4,660012;
;0,04259624;0,1421831;2,148192;4,670012;
;0,04253649;0,1424226;2,148192;4,680012;
;0,04247596;0,1427198;2,148192;4,690012;
;0,04241317;0,1429146;2,148192;4,700013;
;0,04241317;0,1429146;2,148192;4,710013;
;0,04234013;0,1431223;2,148192;4,720013;
;0,04228685;0,1432606;2,148192;4,730013;
;0,04224074;0,1434201;2,148192;4,740014;
;0,04224074;0,1434201;2,148192;4,750014;
;0,04220933;0,1435526;2,148192;4,760014;
;0,04218878;0,143635;2,148192;4,770014;
;0,04218147;0,1437057;2,148192;4,780015;
;0,04219053;0,1437429;2,148192;4,790015;
;0,04220964;0,1437544;2,148192;4,800015;
;0,04220964;0,1437544;2,148192;4,810015;
;0,04225464;0,1437592;2,148192;4,820015;
;0,0422962;0,1437397;2,148192;4,830016;
;0,04235752;0,1436816;2,148192;4,840016;
;0,04242808;0,1436165;2,148192;4,850016;
;0,04250284;0,1435291;2,148192;4,860016;
;0,04250284;0,1435291;2,148192;4,870017;
;0,04259913;0,1434008;2,148192;4,880017;
;0,04273084;0,1432175;2,148192;4,890017;
;0,04287066;0,1430432;2,148192;4,900017;
;0,04287066;0,1430432;2,148192;4,910017;
;0,04303751;0,1427913;2,148191;4,920018;
;0,04321108;0,1425611;2,148191;4,930018;
;0,04360575;0,1422226;2,148192;4,940018;
;0,04340308;0,142005;2,148192;4,950018;
;0,04291648;0,141963;2,148193;4,960019;
;0,04291648;0,141963;2,148193;4,970019;
;0,04262281;0,1421518;2,148193;4,980019;
;0,04251174;0,1424518;2,148193;4,990019;
;0,04246853;0,1426585;2,148193;5,00002;
;0,04246853;0,1426585;2,148193;5,01002;
;0,04240428;0,1429075;2,148193;5,02002;
;0,04233672;0,1430783;2,148193;5,03002;
;0,04227958;0,1432683;2,148193;5,04002;
;0,04223553;0,1434034;2,148192;5,050021;
;0,04223553;0,1434034;2,148192;5,060021;
;0,04220523;0,1435174;2,148192;5,070021;
;0,0421936;0,1436117;2,148192;5,080021;
;0,04219365;0,1436798;2,148192;5,090022;
;0,04220582;0,1437319;2,148192;5,100022;
;0,04222912;0,1437598;2,148192;5,110022;
;0,04222912;0,1437598;2,148192;5,120022;
;0,04226818;0,1437552;2,148192;5,130023;
;0,04231939;0,1437228;2,148192;5,140023;
;0,04239856;0,1436377;2,148192;5,150023;
;0,04246491;0,1435798;2,148192;5,160023;
;0,04246491;0,1435798;2,148192;5,170023;
;0,04255533;0,1434622;2,148192;5,180024;
;0,0426836;0,1432731;2,148192;5,190024;
;0,04281864;0,1431189;2,148192;5,200024;
;0,04294453;0,1429442;2,148192;5,210024;
;0,04294453;0,1429442;2,148192;5,220025;
;0,04311693;0,1426541;2,148192;5,230025;
;0,04330098;0,1423912;2,148192;5,240025;
;0,04365547;0,1420806;2,148192;5,250025;
;0,04320655;0,1418289;2,148193;5,260026;
;0,04277119;0,1419565;2,148194;5,270026;
;0,04257618;0,1421897;2,148194;5,280026;
;0,04249734;0,1425027;2,148193;5,290026;
;0,04244617;0,142728;2,148193;5,300026;
;0,04244617;0,142728;2,148193;5,310027;
;0,04237464;0,1429693;2,148193;5,320027;
;0,04231022;0,1431375;2,148193;5,330027;
;0,04225796;0,1433205;2,148193;5,340027;
;0,04222023;0,1434616;2,148193;5,350028;
;0,04219845;0,1435736;2,148193;5,360028;
;0,04219404;0,1436569;2,148193;5,370028;
;0,04220243;0,1437209;2,148193;5,380028;
;0,04223184;0,1437584;2,148193;5,390028;
;0,04223184;0,1437584;2,148193;5,400029;
;0,0422764;0,1437549;2,148193;5,410029;
;0,04233239;0,1437246;2,148193;5,420029;
;0,04240786;0,1436605;2,148193;5,430029;
;0,04240786;0,1436605;2,148193;5,44003;
;0,04251348;0,1435536;2,148193;5,45003;
;0,04263017;0,1434074;2,148192;5,46003;
;0,04276281;0,1432268;2,148192;5,47003;
;0,04290013;0,1430357;2,148192;5,480031;
;0,0430411;0,142831;2,148192;5,490031;
;0,04320138;0,142593;2,148192;5,500031;
;0,04323466;0,1422477;2,148193;5,510031;
;0,04323466;0,1422477;2,148193;5,520031;
;0,04286957;0,1421651;2,148194;5,530032;
;0,04257951;0,1423373;2,148194;5,540032;
;0,04245721;0,1425614;2,148194;5,550032;
;0,04240961;0,1427765;2,148194;5,560032;
;0,04236887;0,1429682;2,148193;5,570033;
;0,04230618;0,1431912;2,148193;5,580033;
;0,04230618;0,1431912;2,148193;5,590033;
;0,04225107;0,143351;2,148193;5,600033;
;0,04221559;0,1434864;2,148193;5,610034;
;0,04221559;0,1434864;2,148193;5,620034;
;0,04219436;0,1436011;2,148193;5,630034;
;0,04218907;0,143682;2,148193;5,640034;
;0,04220169;0,1437338;2,148193;5,650034;
;0,04222085;0,1437575;2,148193;5,660035;
;0,04225073;0,1437593;2,148193;5,670035;
;0,04229911;0,1437387;2,148193;5,680035;
;0,04237547;0,1436618;2,148193;5,690035;
;0,04237547;0,1436618;2,148193;5,700036;
;0,04246787;0,1435678;2,148193;5,710036;
;0,04246787;0,1435678;2,148193;5,720036;
;0,04256792;0,1434424;2,148193;5,730036;
;0,04267753;0,1433013;2,148193;5,740036;
;0,0427918;0,1431392;2,148193;5,750037;
;0,04292137;0,1429535;2,148193;5,760037;
;0,04306159;0,1427546;2,148193;5,770037;
;0,0432508;0,1424347;2,148193;5,780037;
;0,0432508;0,1424347;2,148193;5,790038;
;0,04367435;0,142103;2,148193;5,800038;
;0,04361586;0,1419321;2,148193;5,810038;
;0,04361586;0,1419321;2,148193;5,820038;
;0,04302381;0,1418893;2,148194;5,830039;
;0,04263868;0,1420916;2,148194;5,840039;
;0,04249297;0,1424119;2,148194;5,850039;
;0,04249297;0,1424119;2,148194;5,860039;
;0,0424472;0,1426711;2,148194;5,870039;
;0,04239619;0,142904;2,148194;5,88004;
;0,04233212;0,1430971;2,148194;5,89004;
;0,04227662;0,1432621;2,148194;5,90004;
;0,04222984;0,1434246;2,148194;5,91004;
;0,04219966;0,1435436;2,148194;5,920041;
;0,04218723;0,1436093;2,148194;5,930041;
;0,04218723;0,1436093;2,148194;5,940041;
;0,04219142;0,1437006;2,148193;5,950041;
;0,04219142;0,1437006;2,148193;5,960042;
;0,04221045;0,1437436;2,148193;5,970042;
;0,0422331;0,1437593;2,148193;5,980042;
;0,0422331;0,1437593;2,148193;5,990042;
;0,04227934;0,1437524;2,148193;6,000042;
;0,04232574;0,1437295;2,148193;6,010043;
;0,04232574;0,1437295;2,148193;6,020043;
;0,04240859;0,1436411;2,148193;6,030043;
;0,04240859;0,1436411;2,148193;6,040043;
;0,04251529;0,1435263;2,148193;6,050044;
;0,04260955;0,1434335;2,148193;6,060044;
;0,04260955;0,1434335;2,148193;6,070044;
;0,04273026;0,1432451;2,148193;6,080044;
;0,04273026;0,1432451;2,148193;6,090044;
;0,04288945;0,1430185;2,148193;6,100045;
;0,04302196;0,1428639;2,148193;6,110045;
;0,04302196;0,1428639;2,148193;6,120045;
;0,04318738;0,14256;2,148193;6,130045;
;0,04318738;0,14256;2,148193;6,140046;
;0,04359227;0,1421695;2,148193;6,150046;
;0,04354048;0,1419723;2,148194;6,160046;
;0,04354048;0,1419723;2,148194;6,170046;
;0,04298776;0,1419517;2,148195;6,180047;
;0,04298776;0,1419517;2,148195;6,190047;
;0,04261113;0,1421701;2,148195;6,200047;
;0,04250503;0,1423384;2,148195;6,210047;
;0,04250503;0,1423384;2,148195;6,220047;
;0,04246254;0,1426567;2,148194;6,230048;
;0,04246254;0,1426567;2,148194;6,240048;
;0,04240622;0,1428975;2,148194;6,250048;
;0,04234983;0,1430276;2,148194;6,260048;
;0,04234983;0,1430276;2,148194;6,270049;
;0,04228613;0,1432586;2,148194;6,280049;
;0,04228613;0,1432586;2,148194;6,290049;
;0,04223263;0,1434216;2,148194;6,300049;
;0,04220265;0,143499;2,148194;6,31005;
;0,04220265;0,143499;2,148194;6,32005;
;0,04219266;0,1436173;2,148194;6,33005;
;0,04218884;0,1436744;2,148194;6,34005;
;0,04218884;0,1436744;2,148194;6,35005;
;0,04221486;0,143745;2,148194;6,360051;
;0,04223589;0,1437638;2,148194;6,370051;
;0,04223589;0,1437638;2,148194;6,380051;
;0,0422754;0,1437479;2,148194;6,390051;
;0,0422754;0,1437479;2,148194;6,400052;
;0,04234474;0,1437034;2,148194;6,410052;
;0,04240244;0,1436648;2,148194;6,420052;
;0,04240244;0,1436648;2,148194;6,430052;
;0,04249352;0,1435461;2,148194;6,440053;
;0,04260834;0,1434083;2,148194;6,450053;
;0,04274664;0,1432209;2,148194;6,460053;
;0,04289438;0,1430125;2,148194;6,470053;
;0,04300844;0,1428763;2,148194;6,480053;
;0,04300844;0,1428763;2,148194;6,490054;
;0,04316168;0,1425665;2,148194;6,500054;
;0,04316168;0,1425665;2,148194;6,510054;
;0,04338208;0,1422309;2,148194;6,520054;
;0,04380116;0,1419735;2,148194;6,530055;
;0,04380116;0,1419735;2,148194;6,540055;
;0,0432622;0,1417177;2,148195;6,550055;
;0,0432622;0,1417177;2,148195;6,560055;
;0,04278101;0,1419109;2,148195;6,570055;
;0,0425695;0,1421957;2,148195;6,580056;
;0,04250614;0,1424709;2,148195;6,590056;
;0,04247383;0,1426527;2,148195;6,600056;
;0,04247383;0,1426527;2,148195;6,610056;
;0,04240694;0,1429039;2,148195;6,620057;
;0,04240694;0,1429039;2,148195;6,630057;
;0,04232323;0,1431346;2,148195;6,640057;
;0,04225524;0,1433165;2,148195;6,650057;
;0,04221825;0,1434159;2,148195;6,660058;
;0,04221825;0,1434159;2,148195;6,670058;
;0,04219861;0,1435591;2,148195;6,680058;
;0,04218851;0,1436482;2,148195;6,690058;
;0,04218851;0,1436482;2,148195;6,700058;
;0,04219494;0,1437181;2,148195;6,710059;
;0,0422041;0,1437475;2,148195;6,720059;
;0,0422041;0,1437475;2,148195;6,730059;
;0,04223805;0,1437606;2,148195;6,740059;
;0,04229963;0,1437434;2,148195;6,75006;
;0,04229963;0,1437434;2,148195;6,76006;
;0,04237383;0,1436946;2,148194;6,77006;
;0,04243835;0,1436433;2,148194;6,78006;
;0,04243835;0,1436433;2,148194;6,790061;
;0,04254058;0,1435051;2,148194;6,800061;
;0,04254058;0,1435051;2,148194;6,810061;
;0,0426757;0,14333;2,148194;6,820061;
;0,04279133;0,1432072;2,148194;6,830061;
;0,04279133;0,1432072;2,148194;6,840062;
;0,04292959;0,1429742;2,148194;6,850062;
;0,04306129;0,1428192;2,148194;6,860062;
;0,04306129;0,1428192;2,148194;6,870062;
;0,04322658;0,142483;2,148194;6,880063;
;0,04322658;0,142483;2,148194;6,890063;
;0,04346238;0,1421005;2,148195;6,900063;
;0,04329822;0,1419223;2,148196;6,910063;
;0,04329822;0,1419223;2,148196;6,920063;
;0,04286032;0,1420245;2,148196;6,930064;
;0,04286032;0,1420245;2,148196;6,940064;
;0,04257885;0,1422814;2,148196;6,950064;
;0,04257885;0,1422814;2,148196;6,960064;
;0,04243238;0,1427404;2,148196;6,970065;
;0,04243238;0,1427404;2,148196;6,980065;
;0,04237685;0,1429896;2,148196;6,990065;
;0,04237685;0,1429896;2,148196;7,000065;
;0,04231799;0,1431853;2,148196;7,010066;
;0,04231799;0,1431853;2,148196;7,020066;
;0,042255;0,1433596;2,148196;7,030066;
;0,04221534;0,1434446;2,148196;7,040066;
;0,04221534;0,1434446;2,148196;7,050066;
;0,04219967;0,1435645;2,148196;7,060067;
;0,04219967;0,1435645;2,148196;7,070067;
;0,04219009;0,1436566;2,148195;7,080067;
;0,04219009;0,1436566;2,148195;7,090067;
;0,04219778;0,1437279;2,148195;7,100068;
;0,04220616;0,1437532;2,148195;7,110068;
;0,04220616;0,1437532;2,148195;7,120068;
;0,04223765;0,1437599;2,148195;7,130068;
;0,04228206;0,1437421;2,148195;7,140069;
;0,04232077;0,1437173;2,148195;7,150069;
;0,04232077;0,1437173;2,148195;7,160069;
;0,04239986;0,1436386;2,148195;7,170069;
;0,04239986;0,1436386;2,148195;7,180069;
;0,04250383;0,1435228;2,148195;7,19007;
;0,04259064;0,1434395;2,148195;7,20007;
;0,04259064;0,1434395;2,148195;7,21007;
;0,04270786;0,1432738;2,148195;7,22007;
;0,04270786;0,1432738;2,148195;7,230071;
;0,04286535;0,1430472;2,148195;7,240071;
;0,04300244;0,1428951;2,148195;7,250071;
;0,04300244;0,1428951;2,148195;7,260071;
;0,04316247;0,1426309;2,148195;7,270072;
;0,04316247;0,1426309;2,148195;7,280072;
;0,0434209;0,142318;2,148195;7,290072;
;0,0434209;0,142318;2,148195;7,300072;
;0,04299319;0,1421364;2,148196;7,310072;
;0,04299319;0,1421364;2,148196;7,320073;
;0,04260369;0,1423165;2,148196;7,330073;
;0,04246772;0,1424615;2,148196;7,340073;
;0,04246772;0,1424615;2,148196;7,350073;
;0,04242135;0,1427504;2,148196;7,360074;
;0,04242135;0,1427504;2,148196;7,370074;
;0,04236943;0,1430001;2,148196;7,380074;
;0,0423203;0,1431209;2,148196;7,390074;
;0,0423203;0,1431209;2,148196;7,400074;
;0,04226734;0,1432877;2,148196;7,410075;
;0,04226734;0,1432877;2,148196;7,420075;
;0,04222376;0,1434343;2,148196;7,430075;
;0,04222376;0,1434343;2,148196;7,440075;
;0,04220209;0,143565;2,148196;7,450076;
;0,04219513;0,1436298;2,148196;7,460076;
;0,04219513;0,1436298;2,148196;7,470076;
;0,04219903;0,1437057;2,148196;7,480076;
;0,04219903;0,1437057;2,148196;7,490077;
;0,04221943;0,14375;2,148196;7,500077;
;0,04224427;0,1437639;2,148195;7,510077;
;0,04224427;0,1437639;2,148195;7,520077;
;0,04228837;0,1437444;2,148195;7,530077;
;0,04235036;0,1436993;2,148195;7,540078;
;0,04235036;0,1436993;2,148195;7,550078;
;0,042435;0,1436161;2,148195;7,560078;
;0,042435;0,1436161;2,148195;7,570078;
;0,04254099;0,1434976;2,148195;7,580079;
;0,04263265;0,1434032;2,148195;7,590079;
;0,04263265;0,1434032;2,148195;7,600079;
;0,04275215;0,1431866;2,148195;7,610079;
;0,04275215;0,1431866;2,148195;7,62008;
;0,04291218;0,1429667;2,148195;7,63008;
;0,04309381;0,1427002;2,148195;7,64008;
;0,04324225;0,1425232;2,148195;7,65008;
;0,04324225;0,1425232;2,148195;7,66008;
;0,0434777;0,1422056;2,148195;7,670081;
;0,0434777;0,1422056;2,148195;7,680081;
;0,04328374;0,1419079;2,148196;7,690081;
;0,04328374;0,1419079;2,148196;7,700081;
;0,04287989;0,1419671;2,148197;7,710082;
;0,04265551;0,1420823;2,148197;7,720082;
;0,04265551;0,1420823;2,148197;7,730082;
;0,04255654;0,142345;2,148197;7,740082;
;0,04255654;0,142345;2,148197;7,750082;
;0,04248649;0,1426213;2,148196;7,760083;
;0,04243142;0,1427799;2,148196;7,770083;
;0,04243142;0,1427799;2,148196;7,780083;
;0,04235694;0,1430379;2,148196;7,790083;
;0,04235694;0,1430379;2,148196;7,800084;
;0,04229021;0,1432409;2,148196;7,810084;
;0,04224503;0,1433454;2,148196;7,820084;
;0,04224503;0,1433454;2,148196;7,830084;
;0,04221504;0,1434912;2,148196;7,840085;
;0,04221504;0,1434912;2,148196;7,850085;
;0,04219311;0,1436093;2,148196;7,860085;
;0,04218215;0,1436646;2,148196;7,870085;
;0,04218215;0,1436646;2,148196;7,880085;
;0,04220271;0,1437285;2,148196;7,890086;
;0,04220271;0,1437285;2,148196;7,900086;
;0,04223664;0,1437604;2,148196;7,910086;
;0,04226543;0,1437619;2,148196;7,920086;
;0,04226543;0,1437619;2,148196;7,930087;
;0,04232541;0,1437175;2,148196;7,940087;
;0,04240685;0,1436434;2,148196;7,950087;
;0,04247581;0,1435828;2,148196;7,960087;
;0,04247581;0,1435828;2,148196;7,970088;
;0,04258226;0,1434408;2,148196;7,980088;
;0,04258226;0,1434408;2,148196;7,990088;
;0,04271805;0,1432701;2,148196;8,000088;
;0,04283673;0,14314;2,148195;8,010088;
;0,04283673;0,14314;2,148195;8,020088;
;0,04300276;0,1428381;2,148195;8,030088;
;0,04317138;0,1426562;2,148195;8,040089;
;0,04317138;0,1426562;2,148195;8,050089;
;0,04336735;0,1423548;2,148195;8,060089;
;0,04336735;0,1423548;2,148195;8,070089;
;0,04331771;0,1420522;2,148196;8,08009;
;0,04292903;0,1419173;2,148197;8,09009;
;0,04292903;0,1419173;2,148197;8,10009;
;0,04262791;0,1421935;2,148197;8,11009;
;0,04262791;0,1421935;2,148197;8,12009;
;0,04249958;0,1424882;2,148197;8,130091;
;0,04245773;0,1426539;2,148197;8,140091;
;0,04245773;0,1426539;2,148197;8,150091;
;0,04239633;0,1429242;2,148197;8,160091;
;0,04239633;0,1429242;2,148197;8,170092;
;0,04231858;0,1431578;2,148197;8,180092;
;0,04226093;0,1432769;2,148197;8,190092;
;0,04226093;0,1432769;2,148197;8,200092;
;0,04222081;0,1434574;2,148197;8,210093;
;0,04220289;0,1435449;2,148196;8,220093;
;0,04220289;0,1435449;2,148196;8,230093;
;0,04219122;0,1436419;2,148196;8,240093;
;0,04219122;0,1436419;2,148196;8,250093;
;0,04219443;0,1437091;2,148196;8,260094;
;0,04219443;0,1437091;2,148196;8,270094;
;0,04221203;0,1437534;2,148196;8,280094;
;0,04223225;0,143762;2,148196;8,290094;
;0,04223225;0,143762;2,148196;8,300095;
;0,04228093;0,1437474;2,148196;8,310095;
;0,04228093;0,1437474;2,148196;8,320095;
;0,04235087;0,1436986;2,148196;8,330095;
;0,04241405;0,1436493;2,148196;8,340096;
;0,04241405;0,1436493;2,148196;8,350096;
;0,04251713;0,1435067;2,148196;8,360096;
;0,04251713;0,1435067;2,148196;8,370096;
;0,04265257;0,1433569;2,148196;8,380096;
;0,0427634;0,1432589;2,148196;8,390097;
;0,0427634;0,1432589;2,148196;8,400097;
;0,04290487;0,1430297;2,148196;8,410097;
;0,04304011;0,1428784;2,148196;8,420097;
;0,04304011;0,1428784;2,148196;8,430098;
;0,04320833;0,1425706;2,148196;8,440098;
;0,04347115;0,1422104;2,148196;8,450098;
;0,04362222;0,1419807;2,148196;8,460098;
;0,04362222;0,1419807;2,148196;8,470098;
;0,0430832;0,1419211;2,148198;8,480099;
;0,0430832;0,1419211;2,148198;8,490099;
;0,042656;0,1421406;2,148198;8,500099;
;0,04252088;0,1423027;2,148198;8,510099;
;0,04252088;0,1423027;2,148198;8,5201;
;0,04247467;0,1426171;2,148197;8,5301;
;0,04247467;0,1426171;2,148197;8,5401;
;0,04241899;0,1428708;2,148197;8,5501;
;0,04236187;0,1430189;2,148197;8,560101;
;0,04236187;0,1430189;2,148197;8,570101;
;0,04229039;0,143252;2,148197;8,580101;
;0,04224019;0,143365;2,148197;8,590101;
;0,04224019;0,143365;2,148197;8,600101;
;0,04220602;0,1435125;2,148197;8,610102;
;0,04220602;0,1435125;2,148197;8,620102;
;0,04218712;0,1436171;2,148197;8,630102;
;0,0421823;0,1436663;2,148197;8,640102;
;0,0421823;0,1436663;2,148197;8,650103;
;0,04219899;0,1437323;2,148197;8,660103;
;0,04219899;0,1437323;2,148197;8,670103;
;0,042229;0,1437547;2,148197;8,680103;
;0,04225918;0,1437624;2,148197;8,690104;
;0,04225918;0,1437624;2,148197;8,700104;
;0,04231083;0,1437347;2,148197;8,710104;
;0,04231083;0,1437347;2,148197;8,720104;
;0,04239081;0,1436602;2,148197;8,730104;
;0,04245844;0,1435994;2,148196;8,740105;
;0,04245844;0,1435994;2,148196;8,750105;
;0,04256659;0,1434437;2,148196;8,760105;
;0,04267527;0,1433211;2,148196;8,770105;
;0,04267527;0,1433211;2,148196;8,780106;
;0,0428136;0,1431019;2,148196;8,790106;
;0,0429359;0,1429711;2,148196;8,800106;
;0,0429359;0,1429711;2,148196;8,810106;
;0,04308429;0,1426964;2,148196;8,820107;
;0,04308429;0,1426964;2,148196;8,830107;
;0,04327777;0,1423957;2,148196;8,840107;
;0,04345671;0,1421933;2,148196;8,850107;
;0,04345671;0,1421933;2,148196;8,860107;
;0,04327174;0,1418553;2,148197;8,870108;
;0,04327174;0,1418553;2,148197;8,880108;
;0,04288841;0,1419242;2,148198;8,890108;
;0,04266351;0,1420614;2,148198;8,900108;
;0,04258259;0,142256;2,148198;8,910109;
;0,04258259;0,142256;2,148198;8,920109;
;0,04251272;0,1425643;2,148198;8,930109;
;0,04251272;0,1425643;2,148198;8,940109;
;0,04242603;0,1428201;2,148198;8,950109;
;0,0423575;0,1429679;2,148198;8,96011;
;0,0423575;0,1429679;2,148198;8,97011;
;0,04229752;0,1432106;2,148198;8,98011;
;0,04229752;0,1432106;2,148198;8,99011;
;0,04224725;0,1433932;2,148197;9,000111;
;0,04221372;0,1434889;2,148197;9,010111;
;0,04221372;0,1434889;2,148197;9,020111;
;0,04219652;0,1436229;2,148197;9,030111;
;0,04218659;0,1436802;2,148197;9,040112;
;0,04218659;0,1436802;2,148197;9,050112;
;0,04219671;0,1437332;2,148197;9,060112;
;0,04219671;0,1437332;2,148197;9,070112;
;0,04223341;0,1437611;2,148197;9,080112;
;0,04226467;0,1437608;2,148197;9,090113;
;0,04226467;0,1437608;2,148197;9,100113;
;0,04232331;0,1437084;2,148197;9,110113;
;0,04232331;0,1437084;2,148197;9,120113;
;0,04240358;0,143629;2,148197;9,130114;
;0,04247297;0,143571;2,148197;9,140114;
;0,04247297;0,143571;2,148197;9,150114;
;0,04258391;0,1434341;2,148197;9,160114;
;0,04268252;0,1433395;2,148197;9,170115;
;0,04268252;0,1433395;2,148197;9,180115;
;0,04281829;0,1431184;2,148197;9,190115;
;0,04295086;0,1429698;2,148197;9,200115;
;0,04295086;0,1429698;2,148197;9,210115;
;0,04311438;0,1426741;2,148196;9,220116;
;0,04311438;0,1426741;2,148196;9,230116;
;0,04343811;0,1423465;2,148196;9,240116;
;0,04350699;0,1421565;2,148197;9,250116;
;0,04350699;0,1421565;2,148197;9,260117;
;0,04298511;0,1421176;2,148198;9,270117;
;0,04263325;0,1422012;2,148199;9,280117;
;0,04263325;0,1422012;2,148199;9,290117;
;0,04249426;0,1424869;2,148198;9,300117;
;0,04249426;0,1424869;2,148198;9,310118;
;0,04243979;0,1427379;2,148198;9,320118;
;0,04240193;0,1428767;2,148198;9,330118;
;0,04240193;0,1428767;2,148198;9,340118;
;0,04234294;0,1431018;2,148198;9,350119;
;0,04234294;0,1431018;2,148198;9,360119;
;0,04227869;0,1432711;2,148198;9,370119;
;0,0422362;0,1433633;2,148198;9,380119;
;0,0422362;0,1433633;2,148198;9,39012;
;0,04220643;0,1435289;2,148198;9,40012;
;0,04218883;0,1436066;2,148198;9,41012;
;0,04218883;0,1436066;2,148198;9,42012;
;0,04219719;0,1436952;2,148197;9,43012;
;0,04223251;0,1437633;2,148197;9,440121;
;0,04223251;0,1437633;2,148197;9,450121;
;0,04228707;0,1437467;2,148197;9,460121;
;0,04235945;0,1437034;2,148197;9,470121;
;0,04235945;0,1437034;2,148197;9,480122;
;0,04245232;0,1436103;2,148197;9,490122;
;0,04253689;0,1435327;2,148197;9,500122;
;0,04253689;0,1435327;2,148197;9,510122;
;0,04264437;0,1433651;2,148197;9,520123;
;0,04274308;0,1432524;2,148197;9,530123;
;0,04274308;0,1432524;2,148197;9,540123;
;0,04286934;0,14301;2,148197;9,550123;
;0,04299971;0,1428354;2,148197;9,560123;
;0,04299971;0,1428354;2,148197;9,570124;
;0,04316441;0,1425184;2,148197;9,580124;
;0,04316441;0,1425184;2,148197;9,590124;
;0,04339086;0,1421926;2,148197;9,600124;
;0,04373188;0,1419577;2,148198;9,610125;
;0,04373188;0,1419577;2,148198;9,620125;
;0,0431778;0,1418295;2,148199;9,630125;
;0,04273519;0,1418926;2,148199;9,640125;
;0,04273519;0,1418926;2,148199;9,650126;
;0,0425539;0,1421971;2,148199;9,660126;
;0,0425539;0,1421971;2,148199;9,670126;
;0,0424912;0,1425034;2,148199;9,680126;
;0,04245697;0,1426734;2,148198;9,690126;
;0,04245697;0,1426734;2,148198;9,700127;
;0,04238071;0,1429647;2,148198;9,710127;
;0,04238071;0,1429647;2,148198;9,720127;
;0,04230171;0,1431938;2,148198;9,730127;
;0,04225142;0,143314;2,148198;9,740128;
;0,04225142;0,143314;2,148198;9,750128;
;0,04222201;0,1434884;2,148198;9,760128;
;0,04222201;0,1434884;2,148198;9,770128;
;0,04220312;0,1436111;2,148198;9,780128;
;0,04219407;0,1436729;2,148198;9,790129;
;0,04219407;0,1436729;2,148198;9,800129;
;0,04221413;0,1437394;2,148198;9,810129;
;0,04223203;0,1437589;2,148198;9,820129;
;0,04223203;0,1437589;2,148198;9,83013;
;0,04227288;0,1437523;2,148198;9,84013;
;0,04227288;0,1437523;2,148198;9,85013;
;0,04233074;0,143711;2,148198;9,86013;
;0,04238022;0,1436674;2,148198;9,870131;
;0,04238022;0,1436674;2,148198;9,880131;
;0,04245993;0,1435419;2,148198;9,890131;
;0,04245993;0,1435419;2,148198;9,900131;
;0,04256472;0,1434106;2,148198;9,910131;
;0,04265182;0,1433198;2,148197;9,920132;
;0,04265182;0,1433198;2,148197;9,930132;
;0,04276277;0,1431181;2,148197;9,940132;
;0,04276277;0,1431181;2,148197;9,950132;
;0,0429124;0,1429041;2,148197;9,960133;
;0,04303618;0,1427573;2,148197;9,970133;
;0,04303618;0,1427573;2,148197;9,980133;
;0,0431979;0,1424708;2,148197;9,990133;
;0,04335047;0,1422869;2,148197;10,00013;
;0,04335047;0,1422869;2,148197;10,01013;
;0,04330613;0,1420185;2,148197;10,02013;
;0,04330613;0,1420185;2,148197;10,03013;
;0,04275545;0,1421595;2,148197;10,04013;
;0,04250571;0,142309;2,148199;10,05013;
;0,04250571;0,142309;2,148199;10,06013;
;0,0424214;0,1426306;2,148199;10,07014;
;0,04239255;0,1428007;2,148198;10,08014;
;0,04239255;0,1428007;2,148198;10,09014;
;0,04233928;0,1430367;2,148198;10,10014;
;0,04233928;0,1430367;2,148198;10,11014;
;0,0422748;0,1432544;2,148198;10,12014;
;0,04222901;0,1433626;2,148198;10,13014;
;0,04222901;0,1433626;2,148198;10,14014;
;0,04220479;0,1435181;2,148198;10,15014;
;0,04220479;0,1435181;2,148198;10,16014;
;0,04219883;0,1436344;2,148197;10,17014;
;0,04220154;0,1436887;2,148197;10,18014;
;0,04220154;0,1436887;2,148197;10,19014;
;0,04224585;0,143741;2,148197;10,20014;
;0,04231879;0,1437609;2,148197;10,21014;
;0,04236193;0,14376;2,148197;10,22014;
;0,04236193;0,14376;2,148197;10,23014;
;0,04241275;0,1437105;2,148196;10,24014;
;0,04248027;0,1436406;2,148196;10,25014;
;0,04253682;0,1435841;2,148196;10,26014;
;0,04253682;0,1435841;2,148196;10,27014;
;0,04261914;0,143434;2,148196;10,28014;
;0,04273065;0,1432609;2,148196;10,29014;
;0,04273065;0,1432609;2,148196;10,30014;
;0,04288104;0,1430287;2,148196;10,31014;
;0,04301751;0,1428692;2,148196;10,32014;
;0,04301751;0,1428692;2,148196;10,33014;
;0,04319062;0,142564;2,148196;10,34014;
;0,04319062;0,142564;2,148196;10,35014;
;0,04364476;0,142172;2,148196;10,36014;
;0,0435254;0,1419658;2,148196;10,37014;
;0,04299421;0,1418489;2,148197;10,38014;
;0,04299421;0,1418489;2,148197;10,39014;
;0,04264017;0,1421036;2,148198;10,40014;
;0,04264017;0,1421036;2,148198;10,41014;
;0,04250941;0,1424214;2,148197;10,42014;
;0,04250941;0,1424214;2,148197;10,43014;
;0,04246029;0,1427106;2,148196;10,44014;
;0,04242764;0,1428773;2,148195;10,45014;
;0,04239117;0,1430243;2,148194;10,46014;
;0,04239117;0,1430243;2,148194;10,47014;
;0,04234591;0,1432363;2,148194;10,48014;
;0,04230508;0,1433568;2,148194;10,49014;
;0,04230508;0,1433568;2,148194;10,50014;
;0,04227335;0,1435321;2,148194;10,51015;
;0,04225391;0,1436142;2,148194;10,52015;
;0,04225391;0,1436142;2,148194;10,53015;
;0,04225211;0,1436994;2,148194;10,54015;
;0,04225425;0,1437369;2,148194;10,55015;
;0,04225425;0,1437369;2,148194;10,56015;
;0,04227716;0,143761;2,148194;10,57015;
;0,04230718;0,1437542;2,148194;10,58015;
;0,04230718;0,1437542;2,148194;10,59015;
;0,04236461;0,1436979;2,148194;10,60015;
;0,04242256;0,1436488;2,148193;10,61015;
;0,04242256;0,1436488;2,148193;10,62015;
;0,0425586;0,1435048;2,148193;10,63015;
;0,04270221;0,1434031;2,148193;10,64015;
;0,04270221;0,1434031;2,148193;10,65015;
;0,04286207;0,1431805;2,148193;10,66015;
;0,04298482;0,143031;2,148193;10,67015;
;0,04298482;0,143031;2,148193;10,68015;
;0,04312633;0,1427177;2,148193;10,69015;
;0,04326733;0,1425224;2,148193;10,70015;
;0,04326733;0,1425224;2,148193;10,71015;
;0,04347111;0,1421178;2,148193;10,72015;
;0,04326406;0,1419244;2,148194;10,73015;
;0,04326406;0,1419244;2,148194;10,74015;
;0,04258322;0,14224;2,148194;10,75015;
;0,04258322;0,14224;2,148194;10,76015;
;0,04240362;0,14255;2,148194;10,77015;
;0,0423014;0,1427292;2,148194;10,78015;
;0,0423014;0,1427292;2,148194;10,79015;
;0,04227468;0,1430031;2,148194;10,80015;
;0,0422678;0,1431457;2,148194;10,81015;
;0,04225056;0,1432641;2,148194;10,82015;
;0,04225056;0,1432641;2,148194;10,83015;
;0,04222625;0,1434826;2,148194;10,84015;
;0,04220613;0,143578;2,148194;10,85015;
;0,04220613;0,143578;2,148194;10,86015;
;0,04223054;0,1436747;2,148193;10,87015;
;0,04227345;0,1437264;2,148193;10,88015;
;0,04227345;0,1437264;2,148193;10,89015;
;0,04230805;0,1437589;2,148193;10,90015;
;0,04233227;0,143757;2,148193;10,91015;
;0,04236143;0,1437438;2,148193;10,92015;
;0,04239726;0,143711;2,148193;10,93015;
;0,04239726;0,143711;2,148193;10,94016;
;0,04247044;0,1435963;2,148193;10,95016;
;0,04247044;0,1435963;2,148193;10,96016;
;0,04257104;0,1434497;2,148193;10,97016;
;0,04266021;0,1433514;2,148193;10,98016;
;0,04266021;0,1433514;2,148193;10,99016;
;0,04280113;0,1431194;2,148193;11,00016;
;0,04294931;0,142965;2,148193;11,01016;
;0,04294931;0,142965;2,148193;11,02016;
;0,0431456;0,1426476;2,148193;11,03016;
;0,0431456;0,1426476;2,148193;11,04016;
;0,04335816;0,1423133;2,148193;11,05016;
;0,04337863;0,1421109;2,148193;11,06016;
;0,04337863;0,1421109;2,148193;11,07016;
;0,04288669;0,1421065;2,148193;11,08016;
;0,04257054;0,1423221;2,148194;11,09016;
;0,04248302;0,1424836;2,148194;11,10016;
;0,04248302;0,1424836;2,148194;11,11016;
;0,04242386;0,1427949;2,148193;11,12016;
;0,04237127;0,1429489;2,148193;11,13016;
;0,04237127;0,1429489;2,148193;11,14016;
;0,04229019;0,1431759;2,148193;11,15016;
;0,04222355;0,1432986;2,148193;11,16016;
;0,04222355;0,1432986;2,148193;11,17016;
;0,04216285;0,1434686;2,148193;11,18016;
;0,04216285;0,1434686;2,148193;11,19016;
;0,04215069;0,143598;2,148193;11,20016;
;0,04217008;0,1436587;2,148192;11,21016;
;0,04217008;0,1436587;2,148192;11,22016;
;0,04221738;0,1437306;2,148192;11,23016;
;0,04225235;0,1437545;2,148191;11,24016;
;0,04225235;0,1437545;2,148191;11,25016;
;0,04230666;0,143759;2,148191;11,26016;
;0,04230666;0,143759;2,148191;11,27016;
;0,04238112;0,1437286;2,148191;11,28016;
;0,0424426;0,143693;2,148191;11,29016;
;0,0424426;0,143693;2,148191;11,30016;
;0,04254385;0,1435772;2,148191;11,31016;
;0,04263836;0,143495;2,148191;11,32016;
;0,04263836;0,143495;2,148191;11,33016;
;0,0427551;0,1433034;2,148191;11,34016;
;0,04285457;0,1431824;2,148191;11,35016;
;0,04285457;0,1431824;2,148191;11,36016;
;0,0429689;0,1429462;2,148191;11,37016;
;0,0429689;0,1429462;2,148191;11,38017;
;0,04312432;0,1426558;2,148191;11,39017;
;0,04326595;0,1424565;2,14819;11,40017;
;0,04326595;0,1424565;2,14819;11,41017;
;0,04301496;0,1421228;2,148191;11,42017;
;0,04268474;0,1420199;2,148191;11,43017;
;0,04268474;0,1420199;2,148191;11,44017;
;0,04253703;0,1423185;2,148191;11,45017;
;0,04249194;0,142598;2,148191;11,46017;
;0,0424652;0,1427665;2,148191;11,47017;
;0,0424652;0,1427665;2,148191;11,48017;
;0,04240255;0,1430499;2,148191;11,49017;
;0,04234507;0,1431882;2,148191;11,50017;
;0,04234507;0,1431882;2,148191;11,51017;
;0,04229848;0,1433826;2,148191;11,52017;
;0,04227003;0,1434792;2,148191;11,53017;
;0,04227003;0,1434792;2,148191;11,54017;
;0,04225315;0,143613;2,148191;11,55017;
;0,04225315;0,143613;2,148191;11,56017;
;0,0422506;0,1437004;2,14819;11,57017;
;0,04225628;0,1437344;2,14819;11,58017;
;0,04225628;0,1437344;2,14819;11,59017;
;0,04227487;0,1437604;2,14819;11,60017;
;0,04229335;0,1437587;2,14819;11,61017;
;0,04229335;0,1437587;2,14819;11,62017;
;0,0423393;0,1437077;2,14819;11,63017;
;0,04238049;0,1436706;2,14819;11,64017;
;0,04238049;0,1436706;2,14819;11,65017;
;0,04242704;0,1435643;2,14819;11,66017;
;0,04242704;0,1435643;2,14819;11,67017;
;0,04252532;0,1434;2,14819;11,68017;
;0,04265739;0,1432744;2,14819;11,69017;
;0,04265739;0,1432744;2,14819;11,70017;
;0,04284331;0,143029;2,14819;11,71017;
;0,04300059;0,142862;2,14819;11,72017;
;0,04300059;0,142862;2,14819;11,73017;
;0,04318117;0,1425506;2,14819;11,74017;
;0,04318117;0,1425506;2,14819;11,75017;
;0,04344167;0,1421941;2,14819;11,76017;
;0,04328449;0,1420113;2,148191;11,77017;
;0,04328449;0,1420113;2,148191;11,78017;
;0,04283547;0,1421591;2,148192;11,79017;
;0,0425745;0,1423004;2,148192;11,80017;
;0,0425745;0,1423004;2,148192;11,81017;
;0,04244235;0,1426173;2,148191;11,82018;
;0,0423983;0,1427784;2,148191;11,83018;
;0,0423983;0,1427784;2,148191;11,84018;
;0,04236027;0,1430182;2,148191;11,85018;
;0,04236027;0,1430182;2,148191;11,86018;
;0,04230799;0,1432317;2,148191;11,87018;
;0,04226125;0,1433423;2,148191;11,88018;
;0,04222576;0,1434499;2,148191;11,89018;
;0,04222576;0,1434499;2,148191;11,90018;
;0,04220247;0,1435952;2,148191;11,91018;
;0,0421911;0,1436607;2,148191;11,92018;
;0,0421911;0,1436607;2,148191;11,93018;
;0,04221959;0,1437306;2,148191;11,94018;
;0,04221959;0,1437306;2,148191;11,95018;
;0,0422561;0,1437608;2,14819;11,96018;
;0,04228472;0,1437606;2,14819;11,97018;
;0,04228472;0,1437606;2,14819;11,98018;
;0,04234552;0,143721;2,14819;11,99018;
;0,04242172;0,1436524;2,14819;12,00018;
;0,04248597;0,1435927;2,14819;12,01018;
;0,04248597;0,1435927;2,14819;12,02018;
;0,04259465;0,1434219;2,14819;12,03018;
;0,0427099;0,1433042;2,14819;12,04018;
;0,0427099;0,1433042;2,14819;12,05018;
;0,04286493;0,1430711;2,14819;12,06018;
;0,04299784;0,1429231;2,14819;12,07018;
;0,04299784;0,1429231;2,14819;12,08018;
;0,04315232;0,1426282;2,14819;12,09018;
;0,04315232;0,1426282;2,14819;12,10018;
;0,04344331;0,1422514;2,14819;12,11018;
;0,04353584;0,142029;2,14819;12,12018;
;0,04353584;0,142029;2,14819;12,13018;
;0,0430176;0,1419998;2,148191;12,14018;
;0,04265609;0,1420976;2,148191;12,15018;
;0,04265609;0,1420976;2,148191;12,16018;
;0,04247009;0,142572;2,148191;12,17018;
;0,04247009;0,142572;2,148191;12,18018;
;0,04242049;0,1428507;2,148191;12,19018;
;0,04242049;0,1428507;2,148191;12,20018;
;0,04235858;0,1430881;2,14819;12,21018;
;0,04231248;0,1432143;2,14819;12,22018;
;0,04231248;0,1432143;2,14819;12,23018;
;0,04231009;0,1434136;2,148189;12,24018;
;0,04229558;0,143512;2,148189;12,25019;
;0,04229558;0,143512;2,148189;12,26019;
;0,04227246;0,1436336;2,148188;12,27019;
;0,04225599;0,1436828;2,148188;12,28019;
;0,04225599;0,1436828;2,148188;;0,05189505;0,1147655;2,148197;0;
;0,05189505;0,1147655;2,148197;0,01;
;0,05189505;0,1147655;2,148197;0,02;
;0,05189505;0,1147655;2,148197;0,03;
;0,05189505;0,1147655;2,148197;0,04;
;0,05189505;0,1147655;2,148197;0,05;
;0,05189505;0,1147655;2,148197;0,05999999;
;0,05189505;0,1147655;2,148197;0,06999999;
;0,05189505;0,1147655;2,148197;0,07999999;
;0,05189505;0,1147655;2,148197;0,08999999;
;0,05189505;0,1147655;2,148197;0,09999999;
;0,05189505;0,1147655;2,148197;0,11;
;0,05189505;0,1147655;2,148197;0,12;
;0,05189505;0,1147655;2,148197;0,13;
;0,05189505;0,1147655;2,148197;0,14;
;0,05189505;0,1147655;2,148197;0,15;
;0,05189505;0,1147655;2,148197;0,16;
;0,05189505;0,1147655;2,148197;0,17;
;0,05189505;0,1147655;2,148197;0,18;
;0,05189505;0,1147655;2,148197;0,19;
;0,05189505;0,1147655;2,148197;0,2;
;0,05189505;0,1147655;2,148197;0,21;
;0,05189505;0,1147655;2,148197;0,22;
;0,05189505;0,1147655;2,148197;0,23;
;0,05189505;0,1147655;2,148197;0,24;
;0,05189505;0,1147655;2,148197;0,25;
;0,05189505;0,1147655;2,148197;0,26;
;0,05189505;0,1147655;2,148197;0,27;
;0,05189505;0,1147655;2,148197;0,28;
;0,05189505;0,1147655;2,148197;0,29;
;0,05189505;0,1147655;2,148197;0,3;
;0,05189505;0,1147655;2,148197;0,31;
;0,05189505;0,1147655;2,148197;0,32;
;0,05189505;0,1147655;2,148197;0,33;
;0,05189505;0,1147655;2,148197;0,3399999;
;0,05189505;0,1147655;2,148197;0,3499999;
;0,05189505;0,1147655;2,148197;0,3599999;
;0,05189505;0,1147655;2,148197;0,3699999;
;0,05189505;0,1147655;2,148197;0,3799999;
;0,05189505;0,1147655;2,148197;0,3899999;
;0,05189505;0,1147655;2,148197;0,3999999;
;0,05189505;0,1147655;2,148197;0,4099999;
;0,05189505;0,1147655;2,148197;0,4199999;
;0,05189505;0,1147655;2,148197;0,4299999;
;0,05189505;0,1147655;2,148197;0,4399998;
;0,05189505;0,1147655;2,148197;0,4499998;
;0,05189505;0,1147655;2,148197;0,4599998;
;0,05189505;0,1147655;2,148197;0,4699998;
;0,05189505;0,1147655;2,148197;0,4799998;
;0,05189505;0,1147655;2,148197;0,4899998;
;0,05189505;0,1147655;2,148197;0,4999998;
;0,05189505;0,1147655;2,148197;0,5099998;
;0,05189505;0,1147655;2,148197;0,5199998;
;0,05189505;0,1147655;2,148197;0,5299998;
;0,05189505;0,1147655;2,148197;0,5399998;
;0,05189505;0,1147655;2,148197;0,5499998;
;0,05189505;0,1147655;2,148197;0,5599998;
;0,05189505;0,1147655;2,148197;0,5699998;
;0,05189505;0,1147655;2,148197;0,5799997;
;0,05189505;0,1147655;2,148197;0,5899997;
;0,05189505;0,1147655;2,148197;0,5999997;
;0,05189505;0,1147655;2,148197;0,6099997;
;0,05189505;0,1147655;2,148197;0,6199997;
;0,05189505;0,1147655;2,148197;0,6299997;
;0,05189505;0,1147655;2,148197;0,6399997;
;0,05189505;0,1147655;2,148197;0,6499997;
;0,05189505;0,1147655;2,148197;0,6599997;
;0,05189505;0,1147655;2,148197;0,6699997;
;0,05189505;0,1147655;2,148197;0,6799996;
;0,05189505;0,1147655;2,148197;0,6899996;
;0,05189505;0,1147655;2,148197;0,6999996;
;0,05189505;0,1147655;2,148197;0,7099996;
;0,05189505;0,1147655;2,148197;0,7199996;
;0,05189505;0,1147655;2,148197;0,7299996;
;0,05189505;0,1147655;2,148197;0,7399996;
;0,05189505;0,1147655;2,148197;0,7499996;
;0,05189505;0,1147655;2,148197;0,7599996;
;0,05189505;0,1147655;2,148197;0,7699996;
;0,05189505;0,1147655;2,148197;0,7799996;
;0,05189505;0,1147655;2,148197;0,7899995;
;0,05189505;0,1147655;2,148197;0,7999995;
;0,05189505;0,1147655;2,148197;0,8099995;
;0,05189505;0,1147655;2,148197;0,8199995;
;0,05189505;0,1147655;2,148197;0,8299995;
;0,05189505;0,1147655;2,148197;0,8399995;
;0,05189505;0,1147655;2,148197;0,8499995;
;0,05189505;0,1147655;2,148197;0,8599995;
;0,05189505;0,1147655;2,148197;0,8699995;
;0,05189505;0,1147655;2,148197;0,8799995;
;0,05189505;0,1147655;2,148197;0,8899994;
;0,05189505;0,1147655;2,148197;0,8999994;
;0,05189505;0,1147655;2,148197;0,9099994;
;0,05189505;0,1147655;2,148197;0,9199994;
;0,05189505;0,1147655;2,148197;0,9299994;
;0,05189505;0,1147655;2,148197;0,9399994;
;0,05189505;0,1147655;2,148197;0,9499994;
;0,05189505;0,1147655;2,148197;0,9599994;
;0,05189505;0,1147655;2,148197;0,9699994;
;0,05189505;0,1147655;2,148197;0,9799994;
;0,05189505;0,1147655;2,148197;0,9899994;
;0,05189505;0,1147655;2,148197;0,9999993;
;0,05189505;0,1147655;2,148197;1,009999;
;0,05189505;0,1147655;2,148197;1,019999;
;0,05189505;0,1147655;2,148197;1,029999;
;0,05189505;0,1147655;2,148197;1,039999;
;0,05189505;0,1147655;2,148197;1,049999;
;0,05189505;0,1147655;2,148197;1,059999;
;0,05189505;0,1147655;2,148197;1,069999;
;0,05189505;0,1147655;2,148197;1,079999;
;0,05189505;0,1147655;2,148197;1,089999;
;0,05189505;0,1147655;2,148197;1,099999;
;0,05189505;0,1147655;2,148197;1,109999;
;0,05189505;0,1147655;2,148197;1,119999;
;0,05189505;0,1147655;2,148197;1,129999;
;0,05189505;0,1147655;2,148197;1,139999;
;0,05189505;0,1147655;2,148197;1,149999;
;0,05189505;0,1147655;2,148197;1,159999;
;0,05189505;0,1147655;2,148197;1,169999;
;0,05189505;0,1147655;2,148197;1,179999;
;0,05189505;0,1147655;2,148197;1,189999;
;0,05189505;0,1147655;2,148197;1,199999;
;0,05189505;0,1147655;2,148197;1,209999;
;0,05189505;0,1147655;2,148197;1,219999;
;0,05189505;0,1147655;2,148197;1,229999;
;0,05189505;0,1147655;2,148197;1,239999;
;0,05189505;0,1147655;2,148197;1,249999;
;0,05189505;0,1147655;2,148197;1,259999;
;0,05189505;0,1147655;2,148197;1,269999;
;0,05189505;0,1147655;2,148197;1,279999;
;0,05189505;0,1147655;2,148197;1,289999;
;0,05189505;0,1147655;2,148197;1,299999;
;0,05189505;0,1147655;2,148197;1,309999;
;0,05189505;0,1147655;2,148197;1,319999;
;0,05189505;0,1147655;2,148197;1,329999;
;0,05189505;0,1147655;2,148197;1,339999;
;0,05189505;0,1147655;2,148197;1,349999;
;0,05189505;0,1147655;2,148197;1,359999;
;0,05189505;0,1147655;2,148197;1,369999;
;0,05189505;0,1147655;2,148197;1,379999;
;0,05189505;0,1147655;2,148197;1,389999;
;0,05189505;0,1147655;2,148197;1,399999;
;0,05189505;0,1147655;2,148197;1,409999;
;0,05189505;0,1147655;2,148197;1,419999;
;0,05189505;0,1147655;2,148197;1,429999;
;0,05189505;0,1147655;2,148197;1,439999;
;0,05189505;0,1147655;2,148197;1,449999;
;0,05189505;0,1147655;2,148197;1,459999;
;0,05189505;0,1147655;2,148197;1,469999;
;0,05189505;0,1147655;2,148197;1,479999;
;0,05189505;0,1147655;2,148197;1,489999;
;0,05189505;0,1147655;2,148197;1,499999;
;0,05189505;0,1147655;2,148197;1,509999;
;0,05189505;0,1147655;2,148197;1,519999;
;0,05189505;0,1147655;2,148197;1,529999;
;0,05189505;0,1147655;2,148197;1,539999;
;0,05189505;0,1147655;2,148197;1,549999;
;0,05189505;0,1147655;2,148197;1,559999;
;0,05189505;0,1147655;2,148197;1,569999;
;0,05189505;0,1147655;2,148197;1,579999;
;0,05189505;0,1147655;2,148197;1,589999;
;0,05189505;0,1147655;2,148197;1,599999;
;0,05189505;0,1147655;2,148197;1,609999;
;0,05189505;0,1147655;2,148197;1,619999;
;0,05189505;0,1147655;2,148197;1,629999;
;0,05189505;0,1147655;2,148197;1,639999;
;0,05189505;0,1147655;2,148197;1,649999;
;0,05189505;0,1147655;2,148197;1,659999;
;0,05189505;0,1147655;2,148197;1,669999;
;0,05189505;0,1147655;2,148197;1,679999;
;0,05189505;0,1147655;2,148197;1,689999;
;0,05189505;0,1147655;2,148197;1,699999;
;0,05189505;0,1147655;2,148197;1,709999;
;0,05189505;0,1147655;2,148197;1,719999;
;0,05189505;0,1147655;2,148197;1,729999;
;0,05189505;0,1147655;2,148197;1,739999;
;0,05189505;0,1147655;2,148197;1,749999;
;0,05189505;0,1147655;2,148197;1,759999;
;0,05189505;0,1147655;2,148197;1,769999;
;0,05189505;0,1147655;2,148197;1,779999;
;0,05189505;0,1147655;2,148197;1,789999;
;0,05189505;0,1147655;2,148197;1,799999;
;0,05189505;0,1147655;2,148197;1,809999;
;0,05189505;0,1147655;2,148197;1,819999;
;0,05189505;0,1147655;2,148197;1,829999;
;0,05189505;0,1147655;2,148197;1,839999;
;0,05189505;0,1147655;2,148197;1,849999;
;0,05189505;0,1147655;2,148197;1,859999;
;0,05189505;0,1147655;2,148197;1,869999;
;0,05189505;0,1147655;2,148197;1,879999;
;0,05189505;0,1147655;2,148197;1,889999;
;0,05189505;0,1147655;2,148197;1,899999;
;0,05189505;0,1147655;2,148197;1,909999;
;0,05189505;0,1147655;2,148197;1,919999;
;0,05189505;0,1147655;2,148197;1,929999;
;0,05189505;0,1147655;2,148197;1,939999;
;0,05189505;0,1147655;2,148197;1,949998;
;0,05189505;0,1147655;2,148197;1,959998;
;0,05189505;0,1147655;2,148197;1,969998;
;0,05189505;0,1147655;2,148197;1,979998;
;0,05189505;0,1147655;2,148197;1,989998;
;0,05189505;0,1147655;2,148197;1,999998;
;0,05189505;0,1147655;2,148197;2,009999;
;0,05189505;0,1147655;2,148197;2,019999;
;0,05189505;0,1147655;2,148197;2,029999;
;0,05189505;0,1147655;2,148197;2,039999;
;0,05189505;0,1147655;2,148197;2,049999;
;0,05189505;0,1147655;2,148197;2,059999;
;0,05189505;0,1147655;2,148197;2,069999;
;0,05189505;0,1147655;2,148197;2,079998;
;0,05189505;0,1147655;2,148197;2,089998;
;0,05189505;0,1147655;2,148197;2,099998;
;0,05189505;0,1147655;2,148197;2,109998;
;0,05189505;0,1147655;2,148197;2,119998;
;0,05189505;0,1147655;2,148197;2,129998;
;0,05189505;0,1147655;2,148197;2,139998;
;0,05189505;0,1147655;2,148197;2,149998;
;0,05189505;0,1147655;2,148197;2,159998;
;0,05189505;0,1147655;2,148197;2,169998;
;0,05189505;0,1147655;2,148197;2,179998;
;0,05189505;0,1147655;2,148197;2,189998;
;0,05189505;0,1147655;2,148197;2,199998;
;0,05189505;0,1147655;2,148197;2,209998;
;0,05189505;0,1147655;2,148197;2,219998;
;0,05189505;0,1147655;2,148197;2,229998;
;0,05189505;0,1147655;2,148197;2,239998;
;0,05189505;0,1147655;2,148197;2,249998;
;0,05189505;0,1147655;2,148197;2,259998;
;0,05189505;0,1147655;2,148197;2,269998;
;0,05189505;0,1147655;2,148197;2,279998;
;0,05189505;0,1147655;2,148197;2,289998;
;0,05189505;0,1147655;2,148197;2,299998;
;0,05189505;0,1147655;2,148197;2,309998;
;0,05189505;0,1147655;2,148197;2,319998;
;0,05189505;0,1147655;2,148197;2,329998;
;0,05189505;0,1147655;2,148197;2,339998;
;0,05189505;0,1147655;2,148197;2,349998;
;0,05189505;0,1147655;2,148197;2,359998;
;0,05189505;0,1147655;2,148197;2,369998;
;0,05189505;0,1147655;2,148197;2,379998;
;0,05189505;0,1147655;2,148197;2,389998;
;0,05189505;0,1147655;2,148197;2,399998;
;0,05189505;0,1147655;2,148197;2,409998;
;0,05189505;0,1147655;2,148197;2,419998;
;0,05189505;0,1147655;2,148197;2,429998;
;0,05189505;0,1147655;2,148197;2,439998;
;0,05189505;0,1147655;2,148197;2,449998;
;0,05189505;0,1147655;2,148197;2,459998;
;0,05189505;0,1147655;2,148197;2,469998;
;0,05189505;0,1147655;2,148197;2,479998;
;0,05189505;0,1147655;2,148197;2,489998;
;0,05189505;0,1147655;2,148197;2,499998;
;0,05189505;0,1147655;2,148197;2,509998;
;0,05189505;0,1147655;2,148197;2,519998;
;0,05189505;0,1147655;2,148197;2,529998;
;0,05189505;0,1147655;2,148197;2,539998;
;0,05189505;0,1147655;2,148197;2,549998;
;0,05189505;0,1147655;2,148197;2,559998;
;0,05189505;0,1147655;2,148197;2,569998;
;0,05189505;0,1147655;2,148197;2,579998;
;0,05189505;0,1147655;2,148197;2,589998;
;0,05189505;0,1147655;2,148197;2,599998;
;0,05189505;0,1147655;2,148197;2,609998;
;0,05189505;0,1147655;2,148197;2,619998;
;0,05189505;0,1147655;2,148197;2,629998;
;0,05189505;0,1147655;2,148197;2,639998;
;0,05189505;0,1147655;2,148197;2,649998;
;0,05189505;0,1147655;2,148197;2,659998;
;0,05189505;0,1147655;2,148197;2,669998;
;0,05189505;0,1147655;2,148197;2,679998;
;0,05189505;0,1147655;2,148197;2,689998;
;0,05189505;0,1147655;2,148197;2,699998;
;0,05189505;0,1147655;2,148197;2,709998;
;0,05189505;0,1147655;2,148197;2,719998;
;0,05189505;0,1147655;2,148197;2,729998;
;0,05189505;0,1147655;2,148197;2,739998;
;0,05189505;0,1147655;2,148197;2,749998;
;0,05189505;0,1147655;2,148197;2,759998;
;0,05189505;0,1147655;2,148197;2,769998;
;0,05189505;0,1147655;2,148197;2,779998;
;0,05189505;0,1147655;2,148197;2,789998;
;0,05189505;0,1147655;2,148197;2,799998;
;0,05189505;0,1147655;2,148197;2,809998;
;0,05189505;0,1147655;2,148197;2,819998;
;0,05189505;0,1147655;2,148197;2,829998;
;0,05189505;0,1147655;2,148197;2,839998;
;0,05189505;0,1147655;2,148197;2,849998;
;0,05189505;0,1147655;2,148197;2,859998;
;0,05189505;0,1147655;2,148197;2,869998;
;0,05189505;0,1147655;2,148197;2,879998;
;0,05189505;0,1147655;2,148197;2,889998;
;0,05189505;0,1147655;2,148197;2,899998;
;0,05189505;0,1147655;2,148197;2,909998;
;0,05189505;0,1147655;2,148197;2,919998;
;0,05189505;0,1147655;2,148197;2,929998;
;0,05189505;0,1147655;2,148197;2,939998;
;0,05189505;0,1147655;2,148197;2,949998;
;0,05189505;0,1147655;2,148197;2,959998;
;0,05189505;0,1147655;2,148197;2,969998;
;0,05189505;0,1147655;2,148197;2,979998;
;0,05189505;0,1147655;2,148197;2,989998;
;0,05189505;0,1147655;2,148197;2,999998;
;0,05189505;0,1147655;2,148197;3,009998;
;0,05189505;0,1147655;2,148197;3,019998;
;0,05189505;0,1147655;2,148197;3,029998;
;0,05189505;0,1147655;2,148197;3,039998;
;0,05189505;0,1147655;2,148197;3,049998;
;0,05189505;0,1147655;2,148197;3,059998;
;0,05189505;0,1147655;2,148197;3,069998;
;0,05189505;0,1147655;2,148197;3,079998;
;0,05189505;0,1147655;2,148197;3,089998;
;0,05189505;0,1147655;2,148197;3,099998;
;0,05189505;0,1147655;2,148197;3,109998;
;0,05189505;0,1147655;2,148197;3,119998;
;0,05189505;0,1147655;2,148197;3,129997;
;0,05189505;0,1147655;2,148197;3,139997;
;0,05189505;0,1147655;2,148197;3,149997;
;0,05189505;0,1147655;2,148197;3,159997;
;0,05189505;0,1147655;2,148196;3,169997;
;0,05189505;0,1147655;2,148196;3,179997;
;0,05189505;0,1147655;2,148196;3,189997;
;0,05189505;0,1147655;2,148196;3,199997;
;0,05189505;0,1147655;2,148196;3,209997;
;0,05189505;0,1147655;2,148196;3,219997;
;0,05189505;0,1147655;2,148196;3,229997;
;0,05189505;0,1147655;2,148196;3,239997;
;0,05189505;0,1147655;2,148196;3,249997;
;0,05189505;0,1147655;2,148196;3,259997;
;0,05189505;0,1147655;2,148196;3,269997;
;0,05189505;0,1147655;2,148196;3,279997;
;0,05189505;0,1147655;2,148196;3,289997;
;0,05189505;0,1147655;2,148196;3,299997;
;0,05189506;0,1147655;2,148196;3,309997;
;0,05189506;0,1147655;2,148196;3,319997;
;0,05189505;0,1147655;2,148196;3,329997;
;0,05189505;0,1147655;2,148196;3,339997;
;0,05189505;0,1147655;2,148196;3,349997;
;0,05189505;0,1147655;2,148196;3,359997;
;0,05189505;0,1147655;2,148196;3,369997;
;0,05189505;0,1147655;2,148196;3,379997;
;0,05189505;0,1147655;2,148196;3,389997;
;0,05189505;0,1147655;2,148196;3,399997;
;0,05189505;0,1147655;2,148196;3,409997;
;0,05189505;0,1147655;2,148196;3,419997;
;0,05189512;0,1147655;2,148196;3,429997;
;0,05189557;0,1147655;2,148196;3,439997;
;0,05189609;0,1147655;2,148196;3,449997;
;0,05189609;0,1147655;2,148196;3,459997;
;0,05189675;0,1147655;2,148196;3,469997;
;0,05189757;0,1147655;2,148196;3,479997;
;0,05189757;0,1147655;2,148196;3,489997;
;0,05189881;0,1147655;2,148196;3,499997;
;0,05190155;0,1147655;2,148196;3,509997;
;0,0519067;0,1147655;2,148196;3,519997;
;0,0519067;0,1147655;2,148196;3,529997;
;0,05195166;0,1147655;2,148197;3,539997;
;0,05185514;0,1151085;2,148198;3,549997;
;0,05185514;0,1151085;2,148198;3,559997;
;0,05175668;0,1155146;2,148198;3,569997;
;0,05166416;0,1159749;2,148197;3,579997;
;0,05159957;0,1163028;2,148197;3,589997;
;0,05159957;0,1163028;2,148197;3,599997;
;0,05152615;0,1166735;2,148197;3,609997;
;0,05145562;0,1170077;2,148197;3,619997;
;0,05140271;0,1172437;2,148197;3,629997;
;0,05140271;0,1172437;2,148197;3,639997;
;0,0513472;0,1175164;2,148197;3,649997;
;0,05129755;0,1177621;2,148197;3,659997;
;0,05125007;0,1179915;2,148197;3,669997;
;0,05121429;0,1181489;2,148197;3,679997;
;0,05121429;0,1181489;2,148197;3,689997;
;0,05118389;0,1183131;2,148197;3,699997;
;0,05115619;0,1184522;2,148197;3,709997;
;0,05113717;0,1185363;2,148197;3,719997;
;0,05113717;0,1185363;2,148197;3,729997;
;0,05112698;0,1186083;2,148196;3,739997;
;0,05112171;0,1186495;2,148196;3,749997;
;0,05112126;0,1186641;2,148196;3,759997;
;0,05112126;0,1186641;2,148196;3,769997;
;0,0511297;0,1186455;2,148196;3,779997;
;0,05114751;0,1185882;2,148196;3,789997;
;0,05116768;0,1185281;2,148196;3,799997;
;0,05116768;0,1185281;2,148196;3,809997;
;0,05119728;0,1184171;2,148196;3,819997;
;0,05123323;0,1182634;2,148196;3,829997;
;0,05127014;0,1181266;2,148196;3,839997;
;0,05127014;0,1181266;2,148196;3,849997;
;0,05134733;0,117807;2,148196;3,859997;
;0,05134733;0,117807;2,148196;3,869997;
;0,05139753;0,1174554;2,148196;3,879997;
;0,05146809;0,1172525;2,148196;3,889997;
;0,05146809;0,1172525;2,148196;3,899997;
;0,05156786;0,1168969;2,148196;3,909997;
;0,05156786;0,1168969;2,148196;3,919997;
;0,05153937;0,1168856;2,148196;3,929997;
;0,05146117;0,1170176;2,148197;3,939997;
;0,05146117;0,1170176;2,148197;3,949997;
;0,05138362;0,1173166;2,148197;3,959997;
;0,05138362;0,1173166;2,148197;3,969997;
;0,05132832;0,1176;2,148197;3,979997;
;0,05129629;0,1177504;2,148196;3,989997;
;0,05129629;0,1177504;2,148196;3,999997;
;0,05124591;0,1180278;2,148196;4,009997;
;0,05121267;0,1181612;2,148196;4,019997;
;0,05121267;0,1181612;2,148196;4,029997;
;0,0511802;0,1183282;2,148196;4,039998;
;0,05115935;0,1184171;2,148196;4,049998;
;0,05115935;0,1184171;2,148196;4,059998;
;0,05114121;0,1185308;2,148196;4,069998;
;0,05114121;0,1185308;2,148196;4,079998;
;0,0511294;0,1186086;2,148196;4,089999;
;0,0511294;0,1186086;2,148196;4,099999;
;0,05112223;0,1186542;2,148196;4,109999;
;0,05112067;0,1186654;2,148196;4,119999;
;0,05112959;0,1186463;2,148196;4,13;
;0,0511429;0,1186065;2,148196;4,14;
;0,0511429;0,1186065;2,148196;4,15;
;0,05116889;0,1185028;2,148196;4,16;
;0,05119898;0,1184086;2,148196;4,170001;
;0,05123224;0,1182569;2,148196;4,180001;
;0,05123224;0,1182569;2,148196;4,190001;
;0,05127075;0,118106;2,148196;4,200001;
;0,05130969;0,1179393;2,148196;4,210001;
;0,05135721;0,1176873;2,148196;4,220002;
;0,05135721;0,1176873;2,148196;4,230002;
;0,05142394;0,1174051;2,148195;4,240002;
;0,05149045;0,1171614;2,148195;4,250002;
;0,05158933;0,1168151;2,148195;4,260003;
;0,05157649;0,1167129;2,148196;4,270003;
;0,05157649;0,1167129;2,148196;4,280003;
;0,05147477;0,1169641;2,148196;4,290003;
;0,05140264;0,1172059;2,148196;4,300004;
;0,05135743;0,1174211;2,148196;4,310004;
;0,05131752;0,1176455;2,148196;4,320004;
;0,05131752;0,1176455;2,148196;4,330004;
;0,05127891;0,1178885;2,148196;4,340004;
;0,05123491;0,1181124;2,148195;4,350005;
;0,0512004;0,1182608;2,148195;4,360005;
;0,0512004;0,1182608;2,148195;4,370005;
;0,05117022;0,1184103;2,148195;4,380005;
;0,05114578;0,1185217;2,148195;4,390006;
;0,05113441;0,1185806;2,148195;4,400006;
;0,05113441;0,1185806;2,148195;4,410006;
;0,05112128;0,1186511;2,148195;4,420006;
;0,05112128;0,1186511;2,148195;4,430007;
;0,05112712;0,1186591;2,148195;4,440007;
;0,05113594;0,1186338;2,148195;4,450007;
;0,05114844;0,1185903;2,148195;4,460007;
;0,05114844;0,1185903;2,148195;4,470007;
;0,05116992;0,1185104;2,148195;4,480008;
;0,05119732;0,1183952;2,148195;4,490008;
;0,05123055;0,1182755;2,148195;4,500008;
;0,05123055;0,1182755;2,148195;4,510008;
;0,05126709;0,118104;2,148195;4,520009;
;0,0513012;0,1179779;2,148195;4,530009;
;0,0513012;0,1179779;2,148195;4,540009;
;0,05134635;0,1177145;2,148194;4,550009;
;0,05140436;0,1175124;2,148194;4,560009;
;0,0514628;0,1172352;2,148194;4,57001;
;0,0514628;0,1172352;2,148194;4,58001;
;0,05154762;0,1168993;2,148194;4,59001;
;0,05156263;0,1166389;2,148195;4,60001;
;0,0515008;0,116861;2,148196;4,610011;
;0,05143287;0,1171026;2,148196;4,620011;
;0,05143287;0,1171026;2,148196;4,630011;
;0,05137107;0,1174029;2,148195;4,640011;
;0,05131376;0,1176884;2,148195;4,650012;
;0,05127057;0,1178855;2,148195;4,660012;
;0,05127057;0,1178855;2,148195;4,670012;
;0,05122983;0,1181014;2,148195;4,680012;
;0,05120173;0,1182441;2,148195;4,690012;
;0,05117244;0,1183907;2,148195;4,700013;
;0,05117244;0,1183907;2,148195;4,710013;
;0,05113986;0,1185462;2,148195;4,720013;
;0,05113986;0,1185462;2,148195;4,730013;
;0,05112857;0,1186268;2,148195;4,740014;
;0,05112503;0,1186523;2,148195;4,750014;
;0,05112672;0,118662;2,148194;4,760014;
;0,05112672;0,118662;2,148194;4,770014;
;0,05113415;0,1186364;2,148194;4,780015;
;0,05115018;0,1185906;2,148194;4,790015;
;0,05116886;0,1185153;2,148194;4,800015;
;0,05119046;0,1184313;2,148194;4,810015;
;0,05119046;0,1184313;2,148194;4,820015;
;0,05122179;0,1183026;2,148194;4,830016;
;0,05125648;0,1181637;2,148194;4,840016;
;0,05130191;0,1179595;2,148194;4,850016;
;0,05130191;0,1179595;2,148194;4,860016;
;0,05135651;0,1177215;2,148194;4,870017;
;0,05141281;0,1175071;2,148194;4,880017;
;0,05146563;0,117279;2,148194;4,890017;
;0,05152474;0,116966;2,148194;4,900017;
;0,05152474;0,116966;2,148194;4,910017;
;0,05160356;0,1166739;2,148194;4,920018;
;0,05160356;0,1166739;2,148194;4,930018;
;0,05157586;0,1166738;2,148194;4,940018;
;0,05149293;0,1168755;2,148195;4,950018;
;0,05142706;0,1171134;2,148195;4,960019;
;0,05136739;0,1174096;2,148195;4,970019;
;0,05132052;0,1176274;2,148194;4,980019;
;0,05132052;0,1176274;2,148194;4,990019;
;0,05127062;0,1178796;2,148194;5,00002;
;0,05123306;0,1180582;2,148194;5,01002;
;0,05120034;0,1182131;2,148194;5,02002;
;0,05120034;0,1182131;2,148194;5,03002;
;0,05116712;0,1183883;2,148194;5,04002;
;0,05114351;0,1184967;2,148194;5,050021;
;0,05112885;0,1185873;2,148194;5,060021;
;0,05112058;0,1186348;2,148194;5,070021;
;0,05112058;0,1186348;2,148194;5,080021;
;0,05111949;0,1186616;2,148194;5,090022;
;0,05112559;0,1186538;2,148194;5,100022;
;0,05113893;0,1186179;2,148194;5,110022;
;0,0511583;0,1185446;2,148194;5,120022;
;0,05118377;0,1184483;2,148194;5,130023;
;0,05121479;0,1183313;2,148194;5,140023;
;0,05125662;0,1181399;2,148194;5,150023;
;0,05130505;0,1179606;2,148194;5,160023;
;0,05130505;0,1179606;2,148194;5,170023;
;0,05136406;0,1176843;2,148194;5,180024;
;0,05143084;0,1174407;2,148193;5,190024;
;0,05149833;0,1171855;2,148193;5,200024;
;0,0516873;0,1169333;2,148194;5,210024;
;0,0516873;0,1169333;2,148194;5,220025;
;0,05155198;0,1171093;2,148195;5,230025;
;0,05140288;0,1173018;2,148195;5,240025;
;0,05131698;0,1175892;2,148194;5,250025;
;0,05128226;0,1178038;2,148194;5,260026;
;0,05128226;0,1178038;2,148194;5,270026;
;0,05124655;0,1180337;2,148194;5,280026;
;0,05121447;0,1181871;2,148194;5,290026;
;0,05118221;0,1183333;2,148194;5,300026;
;0,0511568;0,1184326;2,148194;5,310027;
;0,05114052;0,1185159;2,148194;5,320027;
;0,05112673;0,1186053;2,148194;5,330027;
;0,05111877;0,1186486;2,148194;5,340027;
;0,05111866;0,118664;2,148194;5,350028;
;0,05111866;0,118664;2,148194;5,360028;
;0,05112786;0,1186437;2,148194;5,370028;
;0,05114116;0,1186083;2,148194;5,380028;
;0,05114116;0,1186083;2,148194;5,390028;
;0,05116284;0,118523;2,148194;5,400029;
;0,05119448;0,1184098;2,148194;5,410029;
;0,05123064;0,1182621;2,148194;5,420029;
;0,05127024;0,1181053;2,148194;5,430029;
;0,05131556;0,1179128;2,148193;5,44003;
;0,05137119;0,1176748;2,148193;5,45003;
;0,05147031;0,1173599;2,148193;5,46003;
;0,05150524;0,1171919;2,148194;5,47003;
;0,05150524;0,1171919;2,148194;5,480031;
;0,05140816;0,1174325;2,148195;5,490031;
;0,05131878;0,1176537;2,148195;5,500031;
;0,0512558;0,1179183;2,148194;5,510031;
;0,0512558;0,1179183;2,148194;5,520031;
;0,05121776;0,1181249;2,148194;5,530032;
;0,05117415;0,1183731;2,148194;5,540032;
;0,05117415;0,1183731;2,148194;5,550032;
;0,05115326;0,1184849;2,148194;5,560032;
;0,05113981;0,1185423;2,148194;5,570033;
;0,05113981;0,1185423;2,148194;5,580033;
;0,05112803;0,1186261;2,148194;5,590033;
;0,05112262;0,1186563;2,148194;5,600033;
;0,05112643;0,1186592;2,148194;5,610034;
;0,05113387;0,1186403;2,148194;5,620034;
;0,05114728;0,1185917;2,148194;5,630034;
;0,05117223;0,1184899;2,148194;5,640034;
;0,05119464;0,1184295;2,148194;5,650034;
;0,05119464;0,1184295;2,148194;5,660035;
;0,05123005;0,1182553;2,148194;5,670035;
;0,05126496;0,1181523;2,148193;5,680035;
;0,05126496;0,1181523;2,148193;5,690035;
;0,05130344;0,117945;2,148193;5,700036;
;0,05135556;0,1177224;2,148193;5,710036;
;0,05141127;0,1174859;2,148193;5,720036;
;0,05147253;0,117208;2,148193;5,730036;
;0,05155507;0,1169073;2,148193;5,740036;
;0,05155122;0,1167746;2,148193;5,750037;
;0,05148017;0,1169218;2,148194;5,760037;
;0,05148017;0,1169218;2,148194;5,770037;
;0,05140574;0,1172362;2,148194;5,780037;
;0,05134986;0,117499;2,148194;5,790038;
;0,05130235;0,1177338;2,148194;5,800038;
;0,05126292;0,1179376;2,148194;5,810038;
;0,0512247;0,1181166;2,148194;5,820038;
;0,0511866;0,118309;2,148194;5,830039;
;0,05116514;0,1183924;2,148193;5,840039;
;0,05116514;0,1183924;2,148193;5,850039;
;0,05114308;0,1185269;2,148193;5,860039;
;0,05112776;0,118602;2,148193;5,870039;
;0,05112316;0,1186409;2,148193;5,88004;
;0,05112339;0,118661;2,148193;5,89004;
;0,0511288;0,1186526;2,148193;5,90004;
;0,0511288;0,1186526;2,148193;5,91004;
;0,05114554;0,1186046;2,148193;5,920041;
;0,0511601;0,1185619;2,148193;5,930041;
;0,0511601;0,1185619;2,148193;5,940041;
;0,0511849;0,1184343;2,148193;5,950041;
;0,0512151;0,1183507;2,148193;5,960042;
;0,0512151;0,1183507;2,148193;5,970042;
;0,05124623;0,1181994;2,148193;5,980042;
;0,05130786;0,1179978;2,148193;5,990042;
;0,05130786;0,1179978;2,148193;6,000042;
;0,05120292;0,1185328;2,148193;6,010043;
;0,05113034;0,118619;2,148193;6,020043;
;0,0511233;0,1186022;2,148193;6,030043;
;0,05114713;0,1185552;2,148193;6,040043;
;0,05114713;0,1185552;2,148193;6,050044;
;0,05118108;0,1184562;2,148193;6,060044;
;0,05121618;0,1183317;2,148193;6,070044;
;0,05124886;0,1182021;2,148193;6,080044;
;0,05124886;0,1182021;2,148193;6,090044;
;0,05128787;0,1180213;2,148193;6,100045;
;0,05133692;0,1177906;2,148193;6,110045;
;0,05133692;0,1177906;2,148193;6,120045;
;0,05138952;0,11758;2,148193;6,130045;
;0,05138952;0,11758;2,148193;6,140046;
;0,05145154;0,1172708;2,148193;6,150046;
;0,05152883;0,1169909;2,148193;6,160046;
;0,05154362;0,1167222;2,148193;6,170046;
;0,05154362;0,1167222;2,148193;6,180047;
;0,05148299;0,1168889;2,148194;6,190047;
;0,05142739;0,11713;2,148194;6,200047;
;0,05142739;0,11713;2,148194;6,210047;
;0,05137061;0,117421;2,148193;6,220047;
;0,05132634;0,1176288;2,148193;6,230048;
;0,05128233;0,1178564;2,148193;6,240048;
;0,05128233;0,1178564;2,148193;6,250048;
;0,05123971;0,1180578;2,148193;6,260048;
;0,05120708;0,1181972;2,148193;6,270049;
;0,05118067;0,1183371;2,148193;6,280049;
;0,05118067;0,1183371;2,148193;6,290049;
;0,05115622;0,1184603;2,148193;6,300049;
;0,05113776;0,1185499;2,148193;6,31005;
;0,05113776;0,1185499;2,148193;6,32005;
;0,05113094;0,1186073;2,148193;6,33005;
;0,05113094;0,1186073;2,148193;6,34005;
;0,05112681;0,1186526;2,148193;6,35005;
;0,05112566;0,1186619;2,148193;6,360051;
;0,05113341;0,1186461;2,148193;6,370051;
;0,05113341;0,1186461;2,148193;6,380051;
;0,0511433;0,1186042;2,148193;6,390051;
;0,05116116;0,1185387;2,148193;6,400052;
;0,05116116;0,1185387;2,148193;6,410052;
;0,05118116;0,118472;2,148193;6,420052;
;0,05118116;0,118472;2,148193;6,430052;
;0,05120704;0,1183477;2,148193;6,440053;
;0,05124154;0,1182239;2,148192;6,450053;
;0,05127949;0,1180676;2,148192;6,460053;
;0,05127949;0,1180676;2,148192;6,470053;
;0,05132335;0,1178721;2,148192;6,480053;
;0,05132335;0,1178721;2,148192;6,490054;
;0,05137851;0,1176178;2,148192;6,500054;
;0,05143475;0,1173981;2,148192;6,510054;
;0,05143475;0,1173981;2,148192;6,520054;
;0,05149537;0,1170928;2,148192;6,530055;
;0,05156956;0,1168046;2,148192;6,540055;
;0,05156956;0,1168046;2,148192;6,550055;
;0,05157716;0,1166386;2,148192;6,560055;
;0,05157716;0,1166386;2,148192;6,570055;
;0,05150195;0,1168301;2,148193;6,580056;
;0,05143742;0,1170728;2,148193;6,590056;
;0,05143742;0,1170728;2,148193;6,600056;
;0,05137732;0,1173591;2,148193;6,610056;
;0,05132525;0,1176075;2,148193;6,620057;
;0,05132525;0,1176075;2,148193;6,630057;
;0,05128329;0,1178133;2,148192;6,640057;
;0,05124089;0,1180388;2,148192;6,650057;
;0,05124089;0,1180388;2,148192;6,660058;
;0,05120285;0,1182206;2,148192;6,670058;
;0,05120285;0,1182206;2,148192;6,680058;
;0,05117267;0,1183636;2,148192;6,690058;
;0,05115191;0,1184727;2,148192;6,700058;
;0,05115191;0,1184727;2,148192;6,710059;
;0,05113413;0,1185723;2,148192;6,720059;
;0,05113413;0,1185723;2,148192;6,730059;
;0,05112283;0,1186291;2,148192;6,740059;
;0,05112283;0,1186291;2,148192;6,75006;
;0,05112432;0,1186551;2,148192;6,76006;
;0,0511286;0,1186596;2,148192;6,77006;
;0,05113636;0,1186355;2,148192;6,78006;
;0,05113636;0,1186355;2,148192;6,790061;
;0,05115164;0,1185858;2,148192;6,800061;
;0,05115164;0,1185858;2,148192;6,810061;
;0,0511723;0,118486;2,148192;6,820061;
;0,05119707;0,1183854;2,148192;6,830061;
;0,05123076;0,1182485;2,148192;6,840062;
;0,05123076;0,1182485;2,148192;6,850062;
;0,05126799;0,1181069;2,148192;6,860062;
;0,05126799;0,1181069;2,148192;6,870062;
;0,05131235;0,1179005;2,148192;6,880063;
;0,05136718;0,1176934;2,148192;6,890063;
;0,05136718;0,1176934;2,148192;6,900063;
;0,051426;0,1174216;2,148191;6,910063;
;0,051426;0,1174216;2,148191;6,920063;
;0,05149154;0,1171542;2,148191;6,930064;
;0,05159823;0,1168012;2,148192;6,940064;
;0,05159823;0,1168012;2,148192;6,950064;
;0,05155709;0,1168737;2,148192;6,960064;
;0,05155709;0,1168737;2,148192;6,970065;
;0,05145412;0,1171327;2,148192;6,980065;
;0,05138351;0,1173588;2,148192;6,990065;
;0,05134076;0,117554;2,148192;7,000065;
;0,0513012;0,1177618;2,148192;7,010066;
;0,0513012;0,1177618;2,148192;7,020066;
;0,05126137;0,1179477;2,148192;7,030066;
;0,05126137;0,1179477;2,148192;7,040066;
;0,05122518;0,1181212;2,148192;7,050066;
;0,05122518;0,1181212;2,148192;7,060067;
;0,0511902;0,1182925;2,148192;7,070067;
;0,05116504;0,1184152;2,148192;7,080067;
;0,05116504;0,1184152;2,148192;7,090067;
;0,05114474;0,1185111;2,148192;7,100068;
;0,05113025;0,1185842;2,148192;7,110068;
;0,05113025;0,1185842;2,148192;7,120068;
;0,05112559;0,1186347;2,148192;7,130068;
;0,05112559;0,1186347;2,148192;7,140069;
;0,05112296;0,1186596;2,148192;7,150069;
;0,05112296;0,1186596;2,148192;7,160069;
;0,05112658;0,1186556;2,148192;7,170069;
;0,05113935;0,1186216;2,148192;7,180069;
;0,05113935;0,1186216;2,148192;7,19007;
;0,05115522;0,1185657;2,148192;7,20007;
;0,05115522;0,1185657;2,148192;7,21007;
;0,051179;0,1184652;2,148192;7,22007;
;0,0512116;0,1183498;2,148192;7,230071;
;0,0512116;0,1183498;2,148192;7,240071;
;0,0512486;0,1181924;2,148192;7,250071;
;0,0512486;0,1181924;2,148192;7,260071;
;0,05128944;0,118026;2,148192;7,270072;
;0,05133461;0,1178299;2,148192;7,280072;
;0,05133461;0,1178299;2,148192;7,290072;
;0,05138343;0,1176044;2,148192;7,300072;
;0,05138343;0,1176044;2,148192;7,310072;
;0,05144335;0,117313;2,148191;7,320073;
;0,05151445;0,1170379;2,148191;7,330073;
;0,05151445;0,1170379;2,148191;7,340073;
;0,05160872;0,1166808;2,148192;7,350073;
;0,05160872;0,1166808;2,148192;7,360074;
;0,05156393;0,1167809;2,148193;7,370074;
;0,05146929;0,1170169;2,148193;7,380074;
;0,05146929;0,1170169;2,148193;7,390074;
;0,05140223;0,1172608;2,148192;7,400074;
;0,05135004;0,1175276;2,148192;7,410075;
;0,05135004;0,1175276;2,148192;7,420075;
;0,0513106;0,1177203;2,148192;7,430075;
;0,0513106;0,1177203;2,148192;7,440075;
;0,0512666;0,1179408;2,148192;7,450076;
;0,05122655;0,118102;2,148192;7,460076;
;0,05122655;0,118102;2,148192;7,470076;
;0,05119527;0,1182435;2,148192;7,480076;
;0,05117636;0,118361;2,148192;7,490077;
;0,05117636;0,118361;2,148192;7,500077;
;0,05115308;0,118489;2,148192;7,510077;
;0,05115308;0,118489;2,148192;7,520077;
;0,05113526;0,1185686;2,148192;7,530077;
;0,05112812;0,1186263;2,148192;7,540078;
;0,05112812;0,1186263;2,148192;7,550078;
;0,05112403;0,1186601;2,148192;7,560078;
;0,05112403;0,1186601;2,148192;7,570078;
;0,05112475;0,1186577;2,148192;7,580079;
;0,0511325;0,1186368;2,148192;7,590079;
;0,0511325;0,1186368;2,148192;7,600079;
;0,05114771;0,1185803;2,148192;7,610079;
;0,05114771;0,1185803;2,148192;7,62008;
;0,05117148;0,1185012;2,148192;7,63008;
;0,05119896;0,1184138;2,148192;7,64008;
;0,05122877;0,1182805;2,148192;7,65008;
;0,05122877;0,1182805;2,148192;7,66008;
;0,05126353;0,1181336;2,148192;7,670081;
;0,05126353;0,1181336;2,148192;7,680081;
;0,05130861;0,1179126;2,148192;7,690081;
;0,05136026;0,1176956;2,148191;7,700081;
;0,05136026;0,1176956;2,148191;7,710082;
;0,05141353;0,1174712;2,148191;7,720082;
;0,05141353;0,1174712;2,148191;7,730082;
;0,05147918;0,1171739;2,148191;7,740082;
;0,05159043;0,1168789;2,148191;7,750082;
;0,05159043;0,1168789;2,148191;7,760083;
;0,05156094;0,1168284;2,148191;7,770083;
;0,05146711;0,1170311;2,148192;7,780083;
;0,05146711;0,1170311;2,148192;7,790083;
;0,05138787;0,1173088;2,148192;7,800084;
;0,05133843;0,1175424;2,148191;7,810084;
;0,05129381;0,1177759;2,148191;7,820084;
;0,05129381;0,1177759;2,148191;7,830084;
;0,05125609;0,1179562;2,148191;7,840085;
;0,05125609;0,1179562;2,148191;7,850085;
;0,05121636;0,1181647;2,148191;7,860085;
;0,05118309;0,1183156;2,148191;7,870085;
;0,05118309;0,1183156;2,148191;7,880085;
;0,05115777;0,1184314;2,148191;7,890086;
;0,05115777;0,1184314;2,148191;7,900086;
;0,05114186;0,1185342;2,148191;7,910086;
;0,05113081;0,1186027;2,148191;7,920086;
;0,05113081;0,1186027;2,148191;7,930087;
;0,05112362;0,118646;2,148191;7,940087;
;0,05112328;0,1186616;2,148191;7,950087;
;0,05112328;0,1186616;2,148191;7,960087;
;0,05113048;0,1186464;2,148191;7,970088;
;0,05113048;0,1186464;2,148191;7,980088;
;0,05114138;0,1186062;2,148191;7,990088;
;0,05115805;0,1185443;2,148191;8,000088;
;0,05115805;0,1185443;2,148191;8,010088;
;0,05118289;0,1184438;2,148191;8,020088;
;0,05118289;0,1184438;2,148191;8,030088;
;0,05121343;0,1183272;2,148191;8,040089;
;0,05124919;0,1181929;2,148191;8,050089;
;0,05124919;0,1181929;2,148191;8,060089;
;0,05129331;0,1180008;2,148191;8,070089;
;0,05129331;0,1180008;2,148191;8,08009;
;0,05134353;0,1177945;2,148191;8,09009;
;0,05139738;0,1175659;2,148191;8,10009;
;0,05139738;0,1175659;2,148191;8,11009;
;0,05145716;0,1173063;2,148191;8,12009;
;0,05152693;0,117008;2,148191;8,130091;
;0,05152693;0,117008;2,148191;8,140091;
;0,05158795;0,1166825;2,148191;8,150091;
;0,05158795;0,1166825;2,148191;8,160091;
;0,05152117;0,1169061;2,148191;8,170092;
;0,05143289;0,1171633;2,148191;8,180092;
;0,05143289;0,1171633;2,148191;8,190092;
;0,05137345;0,1174138;2,148191;8,200092;
;0,05132648;0,1176405;2,148191;8,210093;
;0,05132648;0,1176405;2,148191;8,220093;
;0,05128825;0,1178437;2,148191;8,230093;
;0,05125007;0,1180159;2,148191;8,240093;
;0,05125007;0,1180159;2,148191;8,250093;
;0,05121793;0,1181685;2,148191;8,260094;
;0,05118717;0,1182993;2,148191;8,270094;
;0,05118717;0,1182993;2,148191;8,280094;
;0,05116051;0,1184377;2,148191;8,290094;
;0,05116051;0,1184377;2,148191;8,300095;
;0,05114198;0,1185289;2,148191;8,310095;
;0,05112881;0,1186005;2,148191;8,320095;
;0,05112881;0,1186005;2,148191;8,330095;
;0,05112275;0,1186426;2,148191;8,340096;
;0,05112375;0,1186601;2,148191;8,350096;
;0,05112375;0,1186601;2,148191;8,360096;
;0,05112826;0,1186548;2,148191;8,370096;
;0,05112826;0,1186548;2,148191;8,380096;
;0,05114338;0,1186067;2,148191;8,390097;
;0,05116183;0,118554;2,148191;8,400097;
;0,05116183;0,118554;2,148191;8,410097;
;0,05118375;0,11845;2,148191;8,420097;
;0,05121227;0,1183307;2,148191;8,430098;
;0,05121227;0,1183307;2,148191;8,440098;
;0,05124483;0,1181877;2,148191;8,450098;
;0,05128185;0,1180284;2,148191;8,460098;
;0,05128185;0,1180284;2,148191;8,470098;
;0,05132969;0,1178132;2,14819;8,480099;
;0,05132969;0,1178132;2,14819;8,490099;
;0,05138648;0,1175951;2,14819;8,500099;
;0,05144794;0,1173461;2,14819;8,510099;
;0,05144794;0,1173461;2,14819;8,5201;
;0,05151614;0,1170729;2,14819;8,5301;
;0,05158913;0,1167629;2,14819;8,5401;
;0,05158913;0,1167629;2,14819;8,5501;
;0,05160013;0,1164928;2,14819;8,560101;
;0,05160013;0,1164928;2,14819;8,570101;
;0,05152321;0,1167187;2,148191;8,580101;
;0,05145638;0,1169729;2,148191;8,590101;
;0,05145638;0,1169729;2,148191;8,600101;
;0,05140569;0,1172348;2,148191;8,610102;
;0,05135756;0,1174762;2,148191;8,620102;
;0,05135756;0,1174762;2,148191;8,630102;
;0,05130923;0,1177157;2,148191;8,640102;
;0,05126578;0,1179257;2,148191;8,650103;
;0,05126578;0,1179257;2,148191;8,660103;
;0,05122459;0,1181185;2,148191;8,670103;
;0,05119019;0,1182753;2,148191;8,680103;
;0,05119019;0,1182753;2,148191;8,690104;
;0,05116668;0,1183972;2,14819;8,700104;
;0,0511501;0,1184969;2,14819;8,710104;
;0,0511501;0,1184969;2,14819;8,720104;
;0,05113446;0,1185872;2,14819;8,730104;
;0,05113446;0,1185872;2,14819;8,740105;
;0,05112662;0,1186375;2,14819;8,750105;
;0,05112497;0,1186622;2,14819;8,760105;
;0,05112497;0,1186622;2,14819;8,770105;
;0,05112711;0,1186542;2,14819;8,780106;
;0,05113686;0,118625;2,14819;8,790106;
;0,05113686;0,118625;2,14819;8,800106;
;0,05115045;0,1185778;2,14819;8,810106;
;0,05117027;0,1185018;2,14819;8,820107;
;0,05117027;0,1185018;2,14819;8,830107;
;0,05120418;0,1183817;2,14819;8,840107;
;0,05120418;0,1183817;2,14819;8,850107;
;0,05123931;0,118256;2,14819;8,860107;
;0,0512782;0,1180902;2,14819;8,870108;
;0,0512782;0,1180902;2,14819;8,880108;
;0,051321;0,1178967;2,14819;8,890108;
;0,05136589;0,1176771;2,14819;8,900108;
;0,05136589;0,1176771;2,14819;8,910109;
;0,05142105;0,1174487;2,14819;8,920109;
;0,05148676;0,1171973;2,14819;8,930109;
;0,05148676;0,1171973;2,14819;8,940109;
;0,05166744;0,1168304;2,14819;8,950109;
;0,05159647;0,1168348;2,148191;8,96011;
;0,05159647;0,1168348;2,148191;8,97011;
;0,05145588;0,1171146;2,148191;8,98011;
;0,05145588;0,1171146;2,148191;8,99011;
;0,0513746;0,1173601;2,148191;9,000111;
;0,05133412;0,1175705;2,14819;9,010111;
;0,05133412;0,1175705;2,14819;9,020111;
;0,05130026;0,117768;2,14819;9,030111;
;0,05126117;0,1179537;2,14819;9,040112;
;0,05126117;0,1179537;2,14819;9,050112;
;0,05122052;0,1181464;2,14819;9,060112;
;0,05119057;0,1182706;2,14819;9,070112;
;0,05119057;0,1182706;2,14819;9,080112;
;0,05116163;0,11842;2,14819;9,090113;
;0,05116163;0,11842;2,14819;9,100113;
;0,05114194;0,1185234;2,14819;9,110113;
;0,05112783;0,1185984;2,14819;9,120113;
;0,05112783;0,1185984;2,14819;9,130114;
;0,05112012;0,1186463;2,14819;9,140114;
;0,05112014;0,1186635;2,14819;9,150114;
;0,05112014;0,1186635;2,14819;9,160114;
;0,0511295;0,1186492;2,14819;9,170115;
;0,05114256;0,1186127;2,14819;9,180115;
;0,05114256;0,1186127;2,14819;9,190115;
;0,05116042;0,1185467;2,14819;9,200115;
;0,05118745;0,1184493;2,14819;9,210115;
;0,05118745;0,1184493;2,14819;9,220116;
;0,05121913;0,1183099;2,14819;9,230116;
;0,05125958;0,1181471;2,14819;9,240116;
;0,05125958;0,1181471;2,14819;9,250116;
;0,05130665;0,1179614;2,14819;9,260117;
;0,05135883;0,1177498;2,14819;9,270117;
;0,05135883;0,1177498;2,14819;9,280117;
;0,05141492;0,1175025;2,14819;9,290117;
;0,05148054;0,1172194;2,14819;9,300117;
;0,05148054;0,1172194;2,14819;9,310118;
;0,05145196;0,1169162;2,14819;9,320118;
;0,05141893;0,1171227;2,148191;9,330118;
;0,05141893;0,1171227;2,148191;9,340118;
;0,05136795;0,1173859;2,14819;9,350119;
;0,05131385;0,1176344;2,14819;9,360119;
;0,05131385;0,1176344;2,14819;9,370119;
;0,05126304;0,1178643;2,14819;9,380119;
;0,05122466;0,1180303;2,14819;9,39012;
;0,05118947;0,1182017;2,14819;9,40012;
;0,05118947;0,1182017;2,14819;9,41012;
;0,05115777;0,1183529;2,14819;9,42012;
;0,05113164;0,1184748;2,14819;9,43012;
;0,05113164;0,1184748;2,14819;9,440121;
;0,05111297;0,1185669;2,14819;9,450121;
;0,05110443;0,1186292;2,14819;9,460121;
;0,05110443;0,1186292;2,14819;9,470121;
;0,05110265;0,1186574;2,14819;9,480122;
;0,05110541;0,1186559;2,14819;9,490122;
;0,05110541;0,1186559;2,14819;9,500122;
;0,05111672;0,1186281;2,14819;9,510122;
;0,05113446;0,1185673;2,14819;9,520123;
;0,05113446;0,1185673;2,14819;9,530123;
;0,05115695;0,1184746;2,14819;9,540123;
;0,05118724;0,1183612;2,14819;9,550123;
;0,05118724;0,1183612;2,14819;9,560123;
;0,05122533;0,1182006;2,14819;9,570124;
;0,0512651;0,1180458;2,14819;9,580124;
;0,05130989;0,1178246;2,14819;9,590124;
;0,05130989;0,1178246;2,14819;9,600124;
;0,05137154;0,1175348;2,14819;9,610125;
;0,05143353;0,1172946;2,14819;9,620125;
;0,05149432;0,1169693;2,14819;9,630125;
;0,05149432;0,1169693;2,14819;9,640125;
;0,05156501;0,1166225;2,14819;9,650126;
;0,05163562;0,1162947;2,14819;9,660126;
;0,05170409;0,1158898;2,14819;9,670126;
;0,05170409;0,1158898;2,14819;9,680126;
;0,05176312;0,1155112;2,14819;9,690126;
;0,05182695;0,1151205;2,14819;9,700127;
;0,05182695;0,1151205;2,14819;9,710127;
;0,05185392;0,1149856;2,14819;9,720127;
;0,05187182;0,1148801;2,14819;9,730127;
;0,05187182;0,1148801;2,14819;9,740128;
;0,05187172;0,1147884;2,14819;9,750128;
;0,05186945;0,1147701;2,14819;9,760128;
;0,05188544;0,1147664;2,14819;9,770128;
;0,05190222;0,1147657;2,14819;9,780128;
;0,05192313;0,1147655;2,14819;9,790129;
;0,05189844;0,1148454;2,14819;9,800129;
;0,05181878;0,1152457;2,14819;9,810129;
;0,05181878;0,1152457;2,14819;9,820129;
;0,0517466;0,1156062;2,14819;9,83013;
;0,0516643;0,1160253;2,14819;9,84013;
;0,05159924;0,1163366;2,14819;9,85013;
;0,05153857;0,1166267;2,14819;9,86013;
;0,05153857;0,1166267;2,14819;9,870131;
;0,05146604;0,1169764;2,14819;9,880131;
;0,05140354;0,1172666;2,14819;9,890131;
;0,05135554;0,1174752;2,14819;9,900131;
;0,05135554;0,1174752;2,14819;9,910131;
;0,0513051;0,1177226;2,14819;9,920132;
;0,05126221;0,117937;2,14819;9,930132;
;0,05126221;0,117937;2,14819;9,940132;
;0,05119633;0,118217;2,14819;9,950132;
;0,05119633;0,118217;2,14819;9,960133;
;0,05117046;0,1183813;2,14819;9,970133;
;0,05114846;0,118504;2,14819;9,980133;
;0,05114846;0,118504;2,14819;9,990133;
;0,05113004;0,118588;2,14819;10,00013;
;0,05111824;0,118638;2,14819;10,01013;
;0,05111824;0,118638;2,14819;10,02013;
;0,0511153;0,1186602;2,14819;10,03013;
;0,05112196;0,1186552;2,14819;10,04013;
;0,05112196;0,1186552;2,14819;10,05013;
;0,05114108;0,118617;2,14819;10,06013;
;0,05116382;0,1185575;2,14819;10,07014;
;0,05116382;0,1185575;2,14819;10,08014;
;0,05118615;0,1184667;2,14819;10,09014;
;0,05121533;0,1183336;2,148189;10,10014;
;0,05121533;0,1183336;2,148189;10,11014;
;0,05124756;0,1181957;2,148189;10,12014;
;0,05128574;0,117996;2,148189;10,13014;
;0,05132915;0,1178249;2,148189;10,14014;
;0,05132915;0,1178249;2,148189;10,15014;
;0,05138043;0,1175821;2,148189;10,16014;
;0,05147379;0,1172868;2,148189;10,17014;
;0,05144926;0,1172038;2,148189;10,18014;
;0,05144926;0,1172038;2,148189;10,19014;
;0,05135428;0,1174418;2,148189;10,20014;
;0,05128459;0,1176779;2,148189;10,21014;
;0,05128459;0,1176779;2,148189;10,22014;
;0,05123927;0,1178983;2,148189;10,23014;
;0,05121606;0,1180577;2,148189;10,24014;
;0,05119285;0,1182221;2,148189;10,25014;
;0,05119285;0,1182221;2,148189;10,26014;
;0,05116991;0,118357;2,148189;10,27014;
;0,05114809;0,1184752;2,148189;10,28014;
;0,05113366;0,1185548;2,148189;10,29014;
;0,05113366;0,1185548;2,148189;10,30014;
;0,05112627;0,1186171;2,148189;10,31014;
;0,05111962;0,1186565;2,148189;10,32014;
;0,05111962;0,1186565;2,148189;10,33014;
;0,05111666;0,1186636;2,148189;10,34014;
;0,05112343;0,1186311;2,148189;10,35014;
;0,05112343;0,1186311;2,148189;10,36014;
;0,05114015;0,118577;2,148189;10,37014;
;0,05116043;0,1185133;2,148189;10,38014;
;0,05118769;0,1184001;2,148189;10,39014;
;0,05118769;0,1184001;2,148189;10,40014;
;0,05122458;0,1182507;2,148189;10,41014;
;0,05126872;0,11808;2,148189;10,42014;
;0,05126872;0,11808;2,148189;10,43014;
;0,0513198;0,1178719;2,148188;10,44014;
;0,051382;0,1176195;2,148188;10,45014;
;0,051382;0,1176195;2,148188;10,46014;
;0,05146043;0,1173493;2,148188;10,47014;
;0,05145631;0,1170993;2,148188;10,48014;
;0,05145631;0,1170993;2,148188;10,49014;
;0,05138923;0,1172821;2,148188;10,50014;
;0,05132924;0,1175242;2,148188;10,51015;
;0,05128551;0,1177193;2,148188;10,52015;
;0,05128551;0,1177193;2,148188;10,53015;
;0,05123463;0,1179436;2,148188;10,54015;
;0,05118258;0,1181352;2,148188;10,55015;
;0,05118258;0,1181352;2,148188;10,56015;
;0,05114681;0,1183007;2,148188;10,57015;
;0,05113238;0,1184363;2,148188;10,58015;
;0,05113238;0,1184363;2,148188;10,59015;
;0,05112432;0,1185337;2,148188;10,60015;
;0,05111915;0,118608;2,148188;10,61015;
;0,05111915;0,118608;2,148188;10,62015;
;0,05112147;0,1186519;2,148188;10,63015;
;0,05113598;0,118661;2,148187;10,64015;
;0,05113598;0,118661;2,148187;10,65015;
;0,05114968;0,1186414;2,148187;10,66015;
;0,05115984;0,118595;2,148187;10,67015;
;0,05115984;0,118595;2,148187;10,68015;
;0,05117432;0,1185146;2,148187;10,69015;
;0,05119405;0,1184046;2,148187;10,70015;
;0,05119405;0,1184046;2,148187;10,71015;
;0,05122289;0,1182672;2,148187;10,72015;
;0,05126004;0,1180956;2,148187;10,73015;
;0,05129952;0,1179453;2,148187;10,74015;
;0,05129952;0,1179453;2,148187;10,75015;
;0,05134236;0,1177357;2,148187;10,76015;
;0,05139691;0,1174872;2,148187;10,77015;
;0,05139691;0,1174872;2,148187;10,78015;
;0,05146164;0,1172056;2,148187;10,79015;
;0,05140463;0,1172661;2,148187;10,80015;
;0,05140463;0,1172661;2,148187;10,81015;
;0,05133198;0,1174975;2,148187;10,82015;
;0,05128185;0,1177333;2,148187;10,83015;
;0,05128185;0,1177333;2,148187;10,84015;
;0,05124374;0,1179451;2,148186;10,85015;
;0,05121565;0,1180899;2,148186;10,86015;
;0,05118492;0,1182555;2,148186;10,87015;
;0,05118492;0,1182555;2,148186;10,88015;
;0,0511561;0,1183947;2,148186;10,89015;
;0,05113204;0,1184971;2,148186;10,90015;
;0,05113204;0,1184971;2,148186;10,91015;
;0,05110974;0,1185798;2,148186;10,92015;
;0,05109145;0,1186349;2,148186;10,93015;
;0,05109145;0,1186349;2,148186;10,94016;
;0,05107981;0,1186569;2,148186;10,95016;
;0,05109292;0,1186555;2,148186;10,96016;
;0,05109292;0,1186555;2,148186;10,97016;
;0,05111759;0,1186227;2,148186;10,98016;
;0,05113999;0,1185738;2,148185;10,99016;
;0,05116315;0,1184936;2,148185;11,00016;
;0,05116315;0,1184936;2,148185;11,01016;
;0,05119171;0,1183781;2,148185;11,02016;
;0,051227;0,1182252;2,148185;11,03016;
;0,051227;0,1182252;2,148185;11,04016;
;0,05126785;0,1180413;2,148185;11,05016;
;0,0513101;0,1178307;2,148185;11,06016;
;0,0513101;0,1178307;2,148185;11,07016;
;0,05135561;0,1175842;2,148185;11,08016;
;0,05144078;0,1173169;2,148185;11,09016;
;0,05161285;0,1170703;2,148185;11,10016;
;0,05161285;0,1170703;2,148185;11,11016;
;0,05149306;0,1171236;2,148185;11,12016;
;0,0513486;0,1173413;2,148186;11,13016;
;0,0513486;0,1173413;2,148186;11,14016;
;0,05128078;0,1175787;2,148186;11,15016;
;0,05125069;0,1178167;2,148185;11,16016;
;0,05122898;0,1179906;2,148185;11,17016;
;0,05122898;0,1179906;2,148185;11,18016;
;0,05119861;0,1181741;2,148185;11,19016;
;0,05116844;0,1183257;2,148185;11,20016;
;0,05116844;0,1183257;2,148185;11,21016;
;0,05114487;0,1184445;2,148185;11,22016;
;0,05112604;0,1185463;2,148185;11,23016;
;0,05111369;0,1186056;2,148185;11,24016;
;0,05111369;0,1186056;2,148185;11,25016;
;0,0511061;0,1186428;2,148185;11,26016;
;0,05109797;0,1186624;2,148185;11,27016;
;0,05109797;0,1186624;2,148185;11,28016;
;0,05109319;0,1186503;2,148185;11,29016;
;0,0511016;0,1185974;2,148185;11,30016;
;0,0511016;0,1185974;2,148185;11,31016;
;0,05113567;0,1185232;2,148185;11,32016;
;0,05117431;0,1184435;2,148185;11,33016;
;0,05122394;0,1183134;2,148184;11,34016;
;0,05122394;0,1183134;2,148184;11,35016;
;0,0512692;0,1181316;2,148184;11,36016;
;0,05131554;0,1179245;2,148184;11,37016;
;0,05131554;0,1179245;2,148184;11,38017;
;0,0513671;0,1176731;2,148184;11,39017;
;0,0514215;0,1174531;2,148184;11,40017;
;0,05153263;0,1171756;2,148184;11,41017;
;0,05153263;0,1171756;2,148184;11,42017;
;0,05147846;0,1171791;2,148184;11,43017;
;0,05137369;0,1173997;2,148184;11,44017;
;0,05137369;0,1173997;2,148184;11,45017;
;0,05130031;0,1176564;2,148184;11,46017;
;0,05125343;0,1178882;2,148184;11,47017;
;0,05125343;0,1178882;2,148184;11,48017;
;0,0512163;0,1180937;2,148184;11,49017;
;0,0511875;0,1182367;2,148184;11,50017;
;0,05116042;0,1183877;2,148184;11,51017;
;0,05116042;0,1183877;2,148184;11,52017;
;0,05113913;0,1185051;2,148184;11,53017;
;0,05112672;0,1185759;2,148184;11,54017;
;0,05112122;0,118636;2,148184;11,55017;
;0,05112122;0,118636;2,148184;11,56017;
;0,05112454;0,1186622;2,148184;11,57017;
;0,05114565;0,1186505;2,148184;11,58017;
;0,05115858;0,1186179;2,148184;11,59017;
;0,05115858;0,1186179;2,148184;11,60017;
;0,05116288;0,1185541;2,148184;11,61017;
;0,05117516;0,1184479;2,148184;11,62017;
;0,05117516;0,1184479;2,148184;11,63017;
;0,05120522;0,1183081;2,148184;11,64017;
;0,05124684;0,118143;2,148184;11,65017;
;0,0512896;0,1179825;2,148184;11,66017;
;0,0512896;0,1179825;2,148184;11,67017;
;0,05133899;0,1177415;2,148184;11,68017;
;0,05140186;0,1174801;2,148184;11,69017;
;0,05146514;0,1172664;2,148184;11,70017;
;0,05146514;0,1172664;2,148184;11,71017;
;0,05132273;0,1170918;2,148184;11,72017;
;0,05131516;0,1173024;2,148184;11,73017;
;0,05131516;0,1173024;2,148184;11,74017;
;0,05132082;0,1175571;2,148184;11,75017;
;0,05129672;0,1177993;2,148184;11,76017;
;0,05126192;0,1179785;2,148184;11,77017;
;0,05126192;0,1179785;2,148184;11,78017;
;0,05122904;0,1181727;2,148184;11,79017;
;0,05119289;0,1183393;2,148184;11,80017;
;0,05116414;0,1184438;2,148184;11,81017;
;0,05116414;0,1184438;2,148184;11,82018;
;0,05114262;0,1185441;2,148184;11,83018;
;0,0511255;0,1186168;2,148184;11,84018;
;0,05111519;0,1186516;2,148184;11,85018;
;0,05111519;0,1186516;2,148184;11,86018;
;0,05111331;0,1186599;2,148184;11,87018;
;0,05111946;0,1186465;2,148184;11,88018;
;0,05111946;0,1186465;2,148184;11,89018;
;0,05113377;0,1186003;2,148184;11,90018;
;0,05115686;0,118514;2,148184;11,91018;
;0,0511828;0,1184285;2,148184;11,92018;
;0,0511828;0,1184285;2,148184;11,93018;
;0,05121637;0,1182858;2,148184;11,94018;
;0,0512616;0,1181023;2,148184;11,95018;
;0,05131123;0,1179265;2,148184;11,96018;
;0,05131123;0,1179265;2,148184;11,97018;
;0,0513713;0,1176644;2,148184;11,98018;
;0,05144719;0,117436;2,148184;11,99018;
;0,05150443;0,1171396;2,148184;12,00018;
;0,05150443;0,1171396;2,148184;12,01018;
;0,05145763;0,117118;2,148184;12,02018;
;0,05139653;0,117293;2,148184;12,03018;
;0,05134784;0,1175395;2,148184;12,04018;
;0,05134784;0,1175395;2,148184;12,05018;
;0,05129695;0,1177751;2,148184;12,06018;
;0,05124652;0,1179872;2,148184;12,07018;
;0,05121038;0,1181291;2,148184;12,08018;
;0,05121038;0,1181291;2,148184;12,09018;
;0,05117945;0,1182826;2,148184;12,10018;
;0,05115466;0,1184154;2,148184;12,11018;
;0,0511378;0,1185042;2,148184;12,12018;
;0,0511378;0,1185042;2,148184;12,13018;
;0,05112753;0,118591;2,148183;12,14018;
;0,05112843;0,1186414;2,148183;12,15018;
;0,05112843;0,1186414;2,148183;12,16018;
;0,05113936;0,1186594;2,148183;12,17018;
;0,0511425;0,1186576;2,148183;12,18018;
;0,05114075;0,1186212;2,148183;12,19018;
;0,05114075;0,1186212;2,148183;12,20018;
;0,05114686;0,1185529;2,148183;12,21018;
;0,05116458;0,1184829;2,148183;12,22018;
;0,05119357;0,1183625;2,148183;12,23018;
;0,05119357;0,1183625;2,148183;12,24018;
;0,05123458;0,1181895;2,148183;12,25019;
;0,0512784;0,1180361;2,148183;12,26019;
;0,05132662;0,1178157;2,148183;12,27019;
;0,05132662;0,1178157;2,148183;12,28019;
;0,05138423;0,1175944;2,148183;12,29019;
;0,05153497;0,1172736;2,148183;12,30019;
;0,05153497;0,1172736;2,148183;12,31019;
;0,05143861;0,1174235;2,148183;12,32019;
;0,05132568;0,1175979;2,148183;12,33019;
;0,05125674;0,1178296;2,148183;12,34019;
;0,0512249;0,1180023;2,148183;12,35019;
;0,0512249;0,1180023;2,148183;12,36019;
;0,0511946;0,1182032;2,148183;12,37019;
;0,0511681;0,1183383;2,148183;12,38019;
;0,0511681;0,1183383;2,148183;12,39019;
;0,05114277;0,1184725;2,148183;12,40019;
;0,05112395;0,1185694;2,148183;12,41019;
;0,05111447;0,1186192;2,148183;12,42019;
;0,05111447;0,1186192;2,148183;12,43019;
;0,05110766;0,1186552;2,148183;12,44019;
;0,05110166;0,11866;2,148183;12,45019;
;0,0510994;0,1186396;2,148183;12,46019;
;0,0510994;0,1186396;2,148183;12,47019;
;0,05110425;0,1185854;2,148183;12,48019;
;0,05114139;0,1184977;2,148183;12,49019;
;0,05118389;0,1184023;2,148183;12,50019;
;0,05118389;0,1184023;2,148183;12,51019;
;0,05123056;0,118235;2,148183;12,52019;
;0,05127273;0,1180921;2,148183;12,53019;
;0,05127273;0,1180921;2,148183;12,54019;
;0,05131717;0,11788;2,148183;12,55019;
;0,05137382;0,117619;2,148183;12,56019;
;0,05143779;0,1173825;2,148183;12,57019;
;0,05143779;0,1173825;2,148183;12,58019;
;0,05150338;0,117048;2,148183;12,59019;
;0,05144372;0,1172138;2,148183;12,60019;
;0,05136281;0,1174172;2,148183;12,61019;
;0,05136281;0,1174172;2,148183;12,62019;
;0,05129721;0,1176778;2,148183;12,63019;
;0,05124943;0,1179144;2,148183;12,64019;
;0,05121512;0,1180808;2,148183;12,65019;
;0,05121512;0,1180808;2,148183;12,66019;
;0,05118127;0,1182554;2,148183;12,67019;
;0,05115408;0,1183723;2,148183;12,68019;
;0,05112687;0,1184903;2,148183;12,6902;
;0,05112687;0,1184903;2,148183;12,7002;
;0,0510985;0,1185826;2,148183;12,7102;
;0,05108896;0,1186343;2,148183;12,7202;
;0,05108896;0,1186343;2,148183;12,7302;
;0,05109959;0,1186616;2,148183;12,7402;
;0,0511178;0,1186506;2,148183;12,7502;
;0,05113511;0,1186248;2,148183;12,7602;
;0,05113511;0,1186248;2,148183;12,7702;
;0,05115965;0,1185586;2,148183;12,7802;
;0,05119734;0,118483;2,148183;12,7902;
;0,05122426;0,1183693;2,148183;12,8002;
;0,05122426;0,1183693;2,148183;12,8102;
;0,05124668;0,1182166;2,148183;12,8202;
;0,051276;0,1180369;2,148183;12,8302;
;0,05131475;0,1178757;2,148183;12,8402;
;0,05131475;0,1178757;2,148183;12,8502;
;0,0513659;0,1176298;2,148183;12,8602;
;0,05142908;0,1174126;2,148183;12,8702;
;0,05141943;0,1173247;2,148183;12,8802;
;0,05141943;0,1173247;2,148183;12,8902;
;0,05135146;0,1175321;2,148183;12,9002;
;0,05129922;0,1177196;2,148183;12,9102;
;0,05129922;0,1177196;2,148183;12,9202;
;0,05125036;0,1179536;2,148183;12,9302;
;0,05121385;0,1181202;2,148183;12,9402;
;0,05117849;0,1182936;2,148183;12,9502;
;0,05117849;0,1182936;2,148183;12,9602;
;0,05114914;0,1184338;2,148183;12,9702;
;0,05113062;0,1185177;2,148183;12,9802;
;0,05111841;0,1185986;2,148183;12,9902;
;0,05111841;0,1185986;2,148183;13,0002;
;0,05111296;0,1186483;2,148183;13,0102;
;0,05111384;0,1186608;2,148183;13,0202;
;0,05112205;0,1186472;2,148183;13,0302;
;0,05112205;0,1186472;2,148183;13,0402;
;0,05113777;0,1185983;2,148183;13,0502;
;0,05115665;0,1185325;2,148183;13,0602;
;0,05118243;0,1184166;2,148183;13,0702;
;0,05121191;0,1183067;2,148183;13,0802;
;0,05121191;0,1183067;2,148183;13,0902;
;0,05124526;0,1181283;2,148183;13,1002;
;0,05128327;0,1179567;2,148183;13,1102;
;0,05134209;0,1177019;2,148183;13,1202;
;0,05134209;0,1177019;2,148183;13,13021;
;0,05142406;0,1174022;2,148183;13,14021;
;0,05149249;0,1171611;2,148183;13,15021;
;0,05143854;0,1171669;2,148183;13,16021;
;0,05143854;0,1171669;2,148183;13,17021;
;0,05135966;0,1173928;2,148183;13,18021;
;0,05131403;0,117582;2,148183;13,19021;
;0,05127613;0,1177956;2,148183;13,20021;
;0,05127613;0,1177956;2,148183;13,21021;
;0,05123937;0,1179807;2,148183;13,22021;
;0,05120835;0,1181201;2,148183;13,23021;
;0,0511901;0,1182648;2,148183;13,24021;
;0,05117011;0,1183694;2,148183;13,25021;
;0,05117011;0,1183694;2,148183;13,26021;
;0,05114593;0,1184793;2,148183;13,27021;
;0,05112636;0,1185586;2,148183;13,28021;
;0,0511163;0,1186135;2,148183;13,29021;
;0,0511163;0,1186135;2,148183;13,30021;
;0,05111538;0,118651;2,148183;13,31021;
;0,05112029;0,118662;2,148183;13,32021;
;0,05114002;0,1186342;2,148183;13,33021;
;0,05117325;0,1185857;2,148183;13,34021;
;0,05117325;0,1185857;2,148183;13,35021;
;0,05119219;0,1184992;2,148183;13,36021;
;0,05120623;0,1183861;2,148183;13,37021;
;0,05122756;0,1182823;2,148183;13,38021;
;0,05122756;0,1182823;2,148183;13,39021;
;0,05126241;0,1181112;2,148183;13,40021;
;0,05130899;0,1179554;2,148183;13,41021;
;0,05135544;0,1177435;2,148183;13,42021;
;0,05135544;0,1177435;2,148183;13,43021;
;0,05141129;0,1174835;2,148183;13,44021;
;0,05147251;0,1172446;2,148183;13,45021;
;0,05147389;0,1168974;2,148183;13,46021;
;0,0514476;0,1170385;2,148183;13,47021;
;0,0514476;0,1170385;2,148183;13,48021;
;0,05138437;0,1173183;2,148183;13,49021;
;0,05132211;0,1175911;2,148183;13,50021;
;0,0512764;0,1177892;2,148183;13,51021;
;0,0512764;0,1177892;2,148183;13,52021;
;0,05123193;0,1180164;2,148183;13,53021;
;0,05119915;0,1181712;2,148183;13,54021;
;0,05116844;0,118333;2,148183;13,55021;
;0,05114515;0,1184446;2,148183;13,56021;
;0,05114515;0,1184446;2,148183;13,57022;
;0,05112614;0,1185499;2,148183;13,58022;
;0,05111331;0,1186068;2,148183;13,59022;
;0,05110523;0,1186479;2,148183;13,60022;
;0,05110523;0,1186479;2,148183;13,61022;
;0,05110167;0,1186631;2,148183;13,62022;
;0,05109594;0,1186508;2,148183;13,63022;
;0,05109774;0,1186012;2,148183;13,64022;
;0,05109774;0,1186012;2,148183;13,65022;
;0,05113061;0,1185178;2,148183;13,66022;
;0,05116687;0,1184354;2,148183;13,67022;
;0,05120398;0,1183134;2,148183;13,68022;
;0,05124094;0,1181906;2,148183;13,69022;
;0,05124094;0,1181906;2,148183;13,70022;
;0,05129394;0,1179909;2,148183;13,71022;
;0,05135154;0,1177555;2,148183;13,72022;
;0,05140487;0,1175547;2,148183;13,73022;
;0,05140487;0,1175547;2,148183;13,74022;
;0,05146319;0,1172601;2,148183;13,75022;
;0,05165493;0,1169702;2,148183;13,76022;
;0,05154761;0,1170766;2,148183;13,77022;
;0,05154761;0,1170766;2,148183;13,78022;
;0,05139764;0,1173388;2,148183;13,79022;
;0,0513239;0,117548;2,148183;13,80022;
;0,05127935;0,1177938;2,148183;13,81022;
;0,05124766;0,1179713;2,148183;13,82022;
;0,05124766;0,1179713;2,148183;13,83022;
;0,0512084;0,1181698;2,148183;13,84022;
;0,05116983;0,1183429;2,148183;13,85022;
;0,05114303;0,1184513;2,148183;13,86022;
;0,05114303;0,1184513;2,148183;13,87022;
;0,05112518;0,1185482;2,148183;13,88022;
;0,05111508;0,1186077;2,148183;13,89022;
;0,05111109;0,1186521;2,148183;13,90022;
;0,05111263;0,1186634;2,148183;13,91022;
;0,05111263;0,1186634;2,148183;13,92022;
;0,05112305;0,1186379;2,148183;13,93022;
;0,05114078;0,1185829;2,148183;13,94022;
;0,05116098;0,1185127;2,148183;13,95022;
;0,05116098;0,1185127;2,148183;13,96022;
;0,05118652;0,1183948;2,148183;13,97022;
;0,05121385;0,1182759;2,148183;13,98022;
;0,05124513;0,1180903;2,148183;13,99022;
;0,05128101;0,1179175;2,148183;14,00023;
;0,05128101;0,1179175;2,148183;14,01023;
;0,0513356;0,1176597;2,148183;14,02023;
;0,05143071;0,1173585;2,148183;14,03023;
;0,05140943;0,1171256;2,148183;14,04023;
;0,05140943;0,1171256;2,148183;14,05023;
;0,05135904;0,1173797;2,148183;14,06023;
;0,05131905;0,1176024;2,148183;14,07023;
;0,05127313;0,1178415;2,148183;14,08023;
;0,05123576;0,1180077;2,148183;14,09023;
;0,05123576;0,1180077;2,148183;14,10023;
;0,05119864;0,1181971;2,148183;14,11023;
;0,05116791;0,1183573;2,148183;14,12023;
;0,05114719;0,1184628;2,148183;14,13023;
;0,05114719;0,1184628;2,148183;14,14023;
;0,05113263;0,1185674;2,148183;14,15023;
;0,05112629;0,1186255;2,148183;14,16023;
;0,05113616;0,118656;2,148183;14,17023;
;0,05114342;0,1186597;2,148183;14,18023;
;0,05114342;0,1186597;2,148183;14,19023;
;0,05114171;0,1186343;2,148183;14,20023;
;0,0511461;0,1185864;2,148183;14,21023;
;0,05116387;0,1184888;2,148183;14,22023;
;0,05118988;0,1183872;2,148183;14,23023;
;0,05118988;0,1183872;2,148183;14,24023;
;0,05122568;0,118229;2,148183;14,25023;
;0,05126603;0,1180839;2,148183;14,26023;
;0,05131363;0,1178702;2,148183;14,27023;
;0,05136795;0,1176658;2,148183;14,28023;
;0,05136795;0,1176658;2,148183;14,29023;
;0,05144296;0,1173722;2,148183;14,30023;
;0,05143373;0,1171848;2,148183;14,31023;
;0,05136237;0,1174095;2,148183;14,32023;
;0,051311;0,117611;2,148183;14,33023;
;0,051311;0,117611;2,148183;14,34023;
;0,05126341;0,1178518;2,148183;14,35023;
;0,05122656;0,1180253;2,148183;14,36023;
;0,0511867;0,1182117;2,148183;14,37023;
;0,05115133;0,1183395;2,148183;14,38023;
;0,05115133;0,1183395;2,148183;14,39023;
;0,05112544;0,1184762;2,148183;14,40023;
;0,05112233;0,1185602;2,148183;14,41023;
;0,05112233;0,1185602;2,148183;14,42023;
;0,05112743;0,118626;2,148183;14,43023;
;0,05112841;0,1186525;2,148183;14,44024;
;0,05112784;0,1186612;2,148183;14,45024;
;0,05113107;0,1186435;2,148183;14,46024;
;0,05113107;0,1186435;2,148183;14,47024;
;0,05114498;0,1185774;2,148183;14,48024;
;0,0511669;0,1185004;2,148183;14,49024;
;0,05119986;0,1183756;2,148183;14,50024;
;0,05123851;0,1182505;2,148183;14,51024;
;0,05123851;0,1182505;2,148183;14,52024;
;0,05127826;0,1180597;2,148183;14,53024;
;0,05131314;0,1178867;2,148183;14,54024;
;0,05131314;0,1178867;2,148183;14,55024;
;0,05136049;0,1176252;2,148183;14,56024;
;0,05144063;0,1173706;2,148183;14,57024;
;0,05145379;0,1171191;2,148183;14,58024;
;0,05139887;0,1172556;2,148183;14,59024;
;0,05139887;0,1172556;2,148183;14,60024;
;0,05134022;0,1175288;2,148183;14,61024;
;0,05130288;0,1177432;2,148183;14,62024;
;0,05126179;0,1179741;2,148183;14,63024;
;0,05122642;0,1181325;2,148183;14,64024;
;0,05122642;0,1181325;2,148183;14,65024;
;0,05118948;0,1183211;2,148183;14,66024;
;0,0511618;0,1184367;2,148183;14,67024;
;0,0511618;0,1184367;2,148183;14,68024;
;0,05113718;0,1185434;2,148183;14,69024;
;0,05112184;0,1186021;2,148183;14,70024;
;0,05111523;0,1186462;2,148183;14,71024;
;0,05111612;0,1186643;2,148183;14,72024;
;0,05111612;0,1186643;2,148183;14,73024;
;0,05113015;0,1186501;2,148183;14,74024;
;0,05114549;0,1186174;2,148183;14,75024;
;0,05116284;0,1185417;2,148183;14,76024;
;0,05118294;0,1184581;2,148183;14,77024;
;0,05120655;0,1183513;2,148183;14,78024;
;0,05120655;0,1183513;2,148183;14,79024;
;0,05124272;0,1181694;2,148183;14,80024;
;0,05129489;0,1179492;2,148183;14,81024;
;0,05129489;0,1179492;2,148183;14,82024;
;0,05135148;0,117748;2,148183;14,83024;
;0,05140633;0,1175306;2,148183;14,84024;
;0,05149865;0,1172039;2,148183;14,85024;
;0,05149865;0,1172039;2,148183;14,86024;
;0,0514837;0,1170985;2,148183;14,87024;
;0,0514008;0,1172791;2,148183;14,88025;
;0,05133195;0,117544;2,148183;14,89025;
;0,05129296;0,1177411;2,148183;14,90025;
;0,05126533;0,1179364;2,148183;14,91025;
;0,05126533;0,1179364;2,148183;14,92025;
;0,05123232;0,1181518;2,148183;14,93025;
;0,05119993;0,1182937;2,148183;14,94025;
;0,05116646;0,1184321;2,148183;14,95025;
;0,05116646;0,1184321;2,148183;14,96025;
;0,05114279;0,1185205;2,148183;14,97025;
;0,05112635;0,1186014;2,148183;14,98025;
;0,05111766;0,1186447;2,148183;14,99025;
;0,05111766;0,1186447;2,148183;15,00025;
;0,05111608;0,1186607;2,148183;15,01025;
;0,05112084;0,1186477;2,148183;15,02025;
;0,05113435;0,1186033;2,148183;15,03025;
;0,05114808;0,1185693;2,148183;15,04025;
;0,05114808;0,1185693;2,148183;15,05025;
;0,05117984;0,1184283;2,148183;15,06025;
;0,05121662;0,1183406;2,148183;15,07025;
;0,05121662;0,1183406;2,148183;15,08025;
;0,0512737;0,1181399;2,148183;15,09025;
;0,05132052;0,1179691;2,148183;15,10025;
;0,05135693;0,1177409;2,148183;15,11025;
;0,05135693;0,1177409;2,148183;15,12025;
;0,05140174;0,1174802;2,148183;15,13025;
;0,0514561;0,117255;2,148183;15,14025;
;0,0513888;0,1170187;2,148183;15,15025;
;0,0513888;0,1170187;2,148183;15,16025;
;0,05138307;0,117171;2,148183;15,17025;
;0,05136155;0,1174556;2,148183;15,18025;
;0,05132496;0,1176602;2,148183;15,19025;
;0,05132496;0,1176602;2,148183;15,20025;
;0,0512706;0,117877;2,148183;15,21025;
;0,0512248;0,118042;2,148183;15,22025;
;0,05118734;0,1182205;2,148183;15,23025;
;0,051162;0,1183476;2,148183;15,24025;
;0,051162;0,1183476;2,148183;15,25025;
;0,05114051;0,1184752;2,148183;15,26025;
;0,05112436;0,1185594;2,148183;15,27025;
;0,05111372;0,1186258;2,148183;15,28025;
;0,05111372;0,1186258;2,148183;15,29025;
;0,05111003;0,1186541;2,148183;15,30025;
;0,05111211;0,1186593;2,148183;15,31026;
;0,05111781;0,1186419;2,148183;15,32026;
;0,05112649;0,1185999;2,148183;15,33026;
;0,05112649;0,1185999;2,148183;15,34026;
;0,05114425;0,1185054;2,148183;15,35026;
;0,05117511;0,1183816;2,148183;15,36026;
;0,05120121;0,118278;2,148183;15,37026;
;0,05120121;0,118278;2,148183;15,38026;
;0,05124025;0,1181101;2,148183;15,39026;
;0,05128444;0,117952;2,148183;15,40026;
;0,05133312;0,1177171;2,148183;15,41026;
;0,0513818;0,1175063;2,148183;15,42026;
;0,0513818;0,1175063;2,148183;15,43026;
;0,05145128;0,1171927;2,148183;15,44026;
;0,05157908;0,1169152;2,148183;15,45026;
;0,05148483;0,117088;2,148183;15,46026;
;0,05148483;0,117088;2,148183;15,47026;
;0,05136331;0,117314;2,148183;15,48026;
;0,05128088;0,1176028;2,148183;15,49026;
;0,05124332;0,1178101;2,148183;15,50026;
;0,05121758;0,1179804;2,148183;15,51026;
;0,05121758;0,1179804;2,148183;15,52026;
;0,05118768;0,1181776;2,148183;15,53026;
;0,05116154;0,1183085;2,148183;15,54026;
;0,05113399;0,1184454;2,148183;15,55026;
;0,05111565;0,1185364;2,148183;15,56026;
;0,05111565;0,1185364;2,148183;15,57026;
;0,05110351;0,1186106;2,148183;15,58026;
;0,0510976;0,1186427;2,148183;15,59026;
;0,05110032;0,1186626;2,148183;15,60026;
;0,05110626;0,1186555;2,148183;15,61026;
;0,05110626;0,1186555;2,148183;15,62026;
;0,05111747;0,1186101;2,148183;15,63026;
;0,05113346;0,1185582;2,148183;15,64026;
;0,05115546;0,1184508;2,148183;15,65026;
;0,05115546;0,1184508;2,148183;15,66026;
;0,05118902;0,1183369;2,148183;15,67026;
;0,05122912;0,118188;2,148183;15,68026;
;0,05126725;0,1180084;2,148183;15,69026;
;0,05130721;0,1178457;2,148183;15,70026;
;0,05130721;0,1178457;2,148183;15,71026;
;0,05135615;0,1175852;2,148183;15,72026;
;0,05141482;0,1173516;2,148183;15,73026;
;0,05148497;0,1170328;2,148183;15,74026;
;0,05149965;0,1167588;2,148183;15,75027;
;0,05149965;0,1167588;2,148183;15,76027;
;0,05146443;0,1169902;2,148183;15,77027;
;0,05141385;0,1172257;2,148183;15,78027;
;0,05135763;0,1175081;2,148183;15,79027;
;0,05135763;0,1175081;2,148183;15,80027;
;0,05131076;0,1177174;2,148183;15,81027;
;0,05126095;0,1179475;2,148183;15,82027;
;0,05122108;0,1180961;2,148183;15,83027;
;0,05118953;0,1182275;2,148183;15,84027;
;0,05118953;0,1182275;2,148183;15,85027;
;0,05115927;0,1183792;2,148183;15,86027;
;0,0511376;0,1184812;2,148183;15,87027;
;0,0511376;0,1184812;2,148183;15,88027;
;0,05112213;0,1185713;2,148183;15,89027;
;0,05111306;0,1186268;2,148183;15,90027;
;0,05111132;0,1186602;2,148183;15,91027;
;0,05111572;0,1186592;2,148183;15,92027;
;0,05111572;0,1186592;2,148183;15,93027;
;0,05112841;0,1186232;2,148183;15,94027;
;0,05114479;0,118573;2,148183;15,95027;
;0,05116771;0,1184713;2,148183;15,96027;
;0,05119298;0,1183606;2,148183;15,97027;
;0,05121847;0,1182254;2,148183;15,98027;
;0,05121847;0,1182254;2,148183;15,99027;
;0,05124524;0,1180466;2,148183;16,00027;
;0,05129145;0,1178827;2,148183;16,01027;
;0,0513614;0,1176286;2,148183;16,02027;
;0,05144658;0,117398;2,148183;16,03027;
;0,05144658;0,117398;2,148183;16,04027;
;0,05151899;0,1170791;2,148183;16,05027;
;0,05159916;0,1167906;2,148183;16,06027;
;0,05150969;0,1170006;2,148183;16,07027;
;0,05140621;0,1172247;2,148183;16,08027;
;0,05140621;0,1172247;2,148183;16,09027;
;0,05133083;0,1175099;2,148183;16,10027;
;0,05128986;0,1177107;2,148183;16,11027;
;0,05124978;0,1179402;2,148183;16,12027;
;0,0512159;0,118108;2,148183;16,13027;
;0,05118571;0,1182584;2,148183;16,14027;
;0,05118571;0,1182584;2,148183;16,15027;
;0,05115717;0,118417;2,148183;16,16027;
;0,05113591;0,1185113;2,148183;16,17027;
;0,05112113;0,1185874;2,148183;16,18027;
;0,05111075;0,118636;2,148183;16,19028;
;0,05110931;0,1186597;2,148183;16,20028;
;0,05110931;0,1186597;2,148183;16,21028;
;0,05112849;0,1186545;2,148183;16,22028;
;0,05114232;0,118632;2,148183;16,23028;
;0,05115367;0,1185666;2,148183;16,24028;
;0,05116883;0,1184852;2,148183;16,25028;
;0,05118919;0,1183869;2,148183;16,26028;
;0,05118919;0,1183869;2,148183;16,27028;
;0,05122215;0,1182361;2,148183;16,28028;
;0,05126143;0,1180954;2,148183;16,29028;
;0,05130953;0,1178749;2,148183;16,30028;
;0,05136599;0,1176543;2,148183;16,31028;
;0,05136599;0,1176543;2,148183;16,32028;
;0,05142234;0,1174262;2,148183;16,33028;
;0,05149193;0,1170887;2,148183;16,34028;
;0,05149193;0,1170887;2,148183;16,35028;
;0,05159193;0,1167857;2,148183;16,36028;
;0,05151064;0,1169203;2,148183;16,37028;
;0,05138474;0,1172012;2,148183;16,38028;
;0,05130488;0,1174266;2,148183;16,39028;
;0,05130488;0,1174266;2,148183;16,40028;
;0,0512622;0,1177023;2,148183;16,41028;
;0,05124294;0,1178961;2,148183;16,42028;
;0,0512161;0,1181135;2,148183;16,43028;
;0,05118911;0,1182646;2,148183;16,44028;
;0,05116255;0,1183811;2,148183;16,45028;
;0,05114016;0,1184728;2,148183;16,46028;
;0,05114016;0,1184728;2,148183;16,47028;
;0,05112069;0,1185697;2,148183;16,48028;
;0,05111048;0,1186252;2,148183;16,49028;
;0,05110893;0,118652;2,148183;16,50028;
;0,05110893;0,118652;2,148183;16,51028;
;0,05111625;0,1186603;2,148183;16,52028;
;0,05113089;0,1186418;2,148183;16,53028;
;0,05116492;0,118575;2,148183;16,54028;
;0,05118738;0,1184926;2,148183;16,55028;
;0,05120069;0,1183971;2,148183;16,56028;
;0,05120069;0,1183971;2,148183;16,57028;
;0,05121867;0,1182595;2,148183;16,58028;
;0,0512489;0,1181234;2,148183;16,59028;
;0,05129386;0,117904;2,148183;16,60028;
;0,05129386;0,117904;2,148183;16,61028;
;0,05134731;0,117697;2,148183;16,62029;
;0,05139918;0,1174868;2,148183;16,63029;
;0,05146311;0,1171674;2,148183;16,64029;
;0,05155896;0,1168801;2,148183;16,65029;
;0,05155896;0,1168801;2,148183;16,66029;
;0,05156319;0,1167762;2,148183;16,67029;
;0,05149039;0,1169587;2,148183;16,68029;
;0,05140517;0,1172657;2,148183;16,69029;
;0,05134459;0,1175001;2,148183;16,70029;
;0,05134459;0,1175001;2,148183;16,71029;
;0,05129814;0,117708;2,148183;16,72029;
;0,05125076;0,1179422;2,148183;16,73029;
;0,05125076;0,1179422;2,148183;16,74029;
;0,05121489;0,118099;2,148183;16,75029;
;0,05118046;0,1182767;2,148183;16,76029;
;0,05118046;0,1182767;2,148183;16,77029;
;0,05115591;0,1183947;2,148183;16,78029;
;0,0511372;0,1184923;2,148183;16,79029;
;0,05112209;0,1185807;2,148183;16,80029;
;0,05111289;0,1186281;2,148183;16,81029;
;0,05111289;0,1186281;2,148183;16,82029;
;0,05110128;0,1186602;2,148183;16,83029;
;0,05109302;0,118658;2,148183;16,84029;
;0,05109179;0,1186305;2,148183;16,85029;
;0,05111748;0,1185757;2,148183;16,86029;
;0,0511496;0,1185081;2,148183;16,87029;
;0,0511496;0,1185081;2,148183;16,88029;
;0,05118588;0,1183823;2,148183;16,89029;
;0,05122058;0,1182626;2,148183;16,90029;
;0,05126113;0,1180706;2,148183;16,91029;
;0,05130345;0,1178937;2,148183;16,92029;
;0,05130345;0,1178937;2,148183;16,93029;
;0,05134275;0,1176333;2,148183;16,94029;
;0,05137962;0,1173981;2,148183;16,95029;
;0,05144965;0,117158;2,148183;16,96029;
;0,05159883;0,1167959;2,148183;16,97029;
;0,05159883;0,1167959;2,148183;16,98029;
;0,05155211;0,1168799;2,148183;16,99029;
;0,05144539;0,1170867;2,148183;17,00029;
;0,05136257;0,117382;2,148183;17,01029;
;0,05131711;0,1176149;2,148183;17,02029;
;0,05131711;0,1176149;2,148183;17,03029;
;0,05128162;0,117874;2,148183;17,04029;
;0,05125717;0,1180525;2,148183;17,05029;
;0,05122437;0,1181966;2,148183;17,0603;
;0,05118123;0,1183484;2,148183;17,0703;
;0,05114945;0,1184491;2,148183;17,0803;
;0,05114945;0,1184491;2,148183;17,0903;
;0,05113001;0,1185315;2,148183;17,1003;
;0,05111638;0,1186047;2,148183;17,1103;
;0,05110951;0,1186466;2,148183;17,1203;
;0,05110951;0,1186466;2,148183;17,1303;
;0,05111033;0,1186619;2,148183;17,1403;
;0,05111746;0,1186456;2,148183;17,1503;
;0,05113335;0,118595;2,148183;17,1603;
;0,05115379;0,1185298;2,148183;17,1703;
;0,05117453;0,1184564;2,148183;17,1803;
;0,05117453;0,1184564;2,148183;17,1903;
;0,05120109;0,1183205;2,148183;17,2003;
;0,05120109;0,1183205;2,148183;17,2103;
;0,0512331;0,1181717;2,148183;17,2203;
;0,0512655;0,1180144;2,148183;17,2303;
;0,05130656;0,1177705;2,148182;17,2403;
;0,05136664;0,1175441;2,148182;17,2503;
;0,0514303;0,1172955;2,148182;17,2603;
;0,0514303;0,1172955;2,148182;17,2703;
;0,05149421;0,1170061;2,148182;17,2803;
;0,05165585;0,1167043;2,148182;17,2903;
;0,0515576;0,1167835;2,148182;17,3003;
;0,05139465;0,1170817;2,148182;17,3103;
;0,05139465;0,1170817;2,148182;17,3203;
;0,05131546;0,1173559;2,148182;17,3303;
;0,0512893;0,117597;2,148182;17,3403;
;0,05126761;0,1177996;2,148182;17,3503;
;0,05123076;0,1180269;2,148182;17,3603;
;0,05119779;0,1181768;2,148182;17,3703;
;0,0511728;0,1182975;2,148182;17,3803;
;0,0511728;0,1182975;2,148182;17,3903;
;0,05114867;0,1184338;2,148182;17,4003;
;0,05113029;0,1185188;2,148182;17,4103;
;0,05110961;0,118594;2,148182;17,4203;
;0,05108874;0,1186391;2,148182;17,4303;
;0,05108874;0,1186391;2,148182;17,4403;
;0,05106765;0,1186596;2,148182;17,4503;
;0,05108596;0,1186493;2,148182;17,4603;
;0,05108596;0,1186493;2,148182;17,4703;
;0,05111482;0,1186121;2,148182;17,4803;
;0,05114089;0,118548;2,148182;17,4903;
;0,05116501;0,1184694;2,148182;17,50031;
;0,05119173;0,118365;2,148182;17,51031;
;0,05122484;0,1182308;2,148182;17,52031;
;0,05126176;0,1180786;2,148182;17,53031;
;0,05130988;0,117837;2,148182;17,54031;
;0,05130988;0,117837;2,148182;17,55031;
;0,05136535;0,1175994;2,148182;17,56031;
;0,05141532;0,117339;2,148182;17,57031;
;0,0514465;0,1170776;2,148182;17,58031;
;0,05151764;0,1167801;2,148182;17,59031;
;0,051505;0,1164927;2,148182;17,60031;
;0,0514883;0,1167401;2,148182;17,61031;
;0,05144446;0,1169946;2,148182;17,62031;
;0,05144446;0,1169946;2,148182;17,63031;
;0,05137288;0,1173336;2,148182;17,64031;
;0,05131545;0,1175678;2,148182;17,65031;
;0,05125454;0,1178155;2,148182;17,66031;
;0,05120557;0,1179918;2,148182;17,67031;
;0,05117265;0,1181381;2,148182;17,68031;
;0,05117265;0,1181381;2,148182;17,69031;
;0,05115567;0,1182907;2,148182;17,70031;
;0,05114984;0,1184048;2,148182;17,71031;
;0,05115173;0,1185139;2,148182;17,72031;
;0,05114053;0,1185873;2,148182;17,73031;
;0,05114053;0,1185873;2,148182;17,74031;
;0,05111968;0,1186393;2,148182;17,75031;
;0,05110701;0,1186603;2,148182;17,76031;
;0,0511098;0,1186511;2,148182;17,77031;
;0,05112218;0,118614;2,148182;17,78031;
;0,0511395;0,1185662;2,148182;17,79031;
;0,0511395;0,1185662;2,148182;17,80031;
;0,0511652;0,1184677;2,148182;17,81031;
;0,05119595;0,1183599;2,148182;17,82031;
;0,05122557;0,1182453;2,148182;17,83031;
;0,05126248;0,1180614;2,148182;17,84031;
;0,05130326;0,1178857;2,148182;17,85031;
;0,05130326;0,1178857;2,148182;17,86031;
;0,05134567;0,117603;2,148182;17,87031;
;0,05139;0,1173793;2,148182;17,88031;
;0,05144692;0,1171446;2,148182;17,89031;
;0,05152188;0,1167828;2,148182;17,90031;
;0,05152188;0,1167828;2,148182;17,91031;
;0,05147566;0,1166834;2,148182;17,92031;
;0,05143809;0,1168935;2,148182;17,93032;
;0,05141247;0,1171116;2,148182;17,94032;
;0,05136738;0,1173886;2,148182;17,95032;
;0,05136738;0,1173886;2,148182;17,96032;
;0,05132051;0,1176027;2,148182;17,97032;
;0,05127385;0,1177901;2,148182;17,98032;
;0,05122015;0,1179642;2,148182;17,99032;
;0,05116717;0,1181243;2,148182;18,00032;
;0,05115002;0,1182676;2,148182;18,01032;
;0,05114027;0,1184293;2,148182;18,02032;
;0,05112788;0,1185295;2,148182;18,03032;
;0,05112788;0,1185295;2,148182;18,04032;
;0,05111498;0,1185969;2,148182;18,05032;
;0,05110497;0,1186347;2,148182;18,06032;
;0,05109723;0,1186603;2,148182;18,07032;
;0,05108795;0,118662;2,148182;18,08032;
;0,05108341;0,1186381;2,148182;18,09032;
;0,05111459;0,1185814;2,148182;18,10032;
;0,05111459;0,1185814;2,148182;18,11032;
;0,05115362;0,1184995;2,148182;18,12032;
;0,05119428;0,118389;2,148182;18,13032;
;0,05125609;0,1181855;2,148182;18,14032;
;0,05125609;0,1181855;2,148182;18,15032;
;0,05129035;0,1179741;2,148182;18,16032;
;0,05134552;0,1177418;2,148182;18,17032;
;0,0514056;0,1174693;2,148182;18,18032;
;0,05147344;0,1171064;2,148182;18,19032;
;0,05153752;0,1168953;2,148182;18,20032;
;0,05153752;0,1168953;2,148182;18,21032;
;0,0514931;0,1166777;2,148182;18,22032;
;0,05144055;0,1167589;2,148182;18,23032;
;0,05141637;0,1169501;2,148182;18,24032;
;0,05141637;0,1169501;2,148182;18,25032;
;0,05136869;0,1173376;2,148182;18,26032;
;0,05133884;0,1175292;2,148182;18,27032;
;0,05133884;0,1175292;2,148182;18,28032;
;0,05128861;0,117805;2,148182;18,29032;
;0,05125241;0,1179674;2,148182;18,30032;
;0,05125241;0,1179674;2,148182;18,31032;
;0,05121324;0,1181591;2,148182;18,32032;
;0,05118288;0,1183123;2,148182;18,33032;
;0,05115561;0,1184294;2,148182;18,34032;
;0,0511357;0,118529;2,148182;18,35032;
;0,05112898;0,1185946;2,148182;18,36032;
;0,05112264;0,1186441;2,148182;18,37033;
;0,05111995;0,1186624;2,148182;18,38033;
;0,05111995;0,1186624;2,148182;18,39033;
;0,05112661;0,1186462;2,148182;18,40033;
;0,05113621;0,118605;2,148182;18,41033;
;0,05114973;0,1185366;2,148182;18,42033;
;0,05117027;0,1184526;2,148182;18,43033;
;0,05119687;0,1183441;2,148182;18,44033;
;0,0512293;0,1182052;2,148182;18,45033;
;0,05127274;0,1180114;2,148182;18,46033;
;0,05132185;0,117819;2,148182;18,47033;
;0,05137217;0,1176027;2,148182;18,48033;
;0,05142934;0,1173362;2,148182;18,49033;
;0,05149354;0,1170632;2,148182;18,50033;
;0,05155509;0,1168161;2,148182;18,51033;
;0,05155509;0,1168161;2,148182;18,52033;
;0,05152617;0,1166686;2,148182;18,53033;
;0,05152617;0,1166686;2,148182;18,54033;
;0,05146787;0,116943;2,148182;18,55033;
;0,05141253;0,1172083;2,148182;18,56033;
;0,05136384;0,1174331;2,148182;18,57033;
;0,05136384;0,1174331;2,148182;18,58033;
;0,05131695;0,1177031;2,148182;18,59033;
;0,05126984;0,1179276;2,148182;18,60033;
;0,05119424;0,1182277;2,148182;18,61033;
;0,05119424;0,1182277;2,148182;18,62033;
;0,05115907;0,1184066;2,148182;18,63033;
;0,05113383;0,1185113;2,148182;18,64033;
;0,05111945;0,1185787;2,148182;18,65033;
;0,05111315;0,118632;2,148182;18,66033;
;0,05111292;0,1186567;2,148182;18,67033;
;0,05111703;0,1186601;2,148182;18,68033;
;0,05112573;0,118638;2,148182;18,69033;
;0,0511389;0,1185846;2,148182;18,70033;
;0,05115572;0,1184953;2,148182;18,71033;
;0,05115572;0,1184953;2,148182;18,72033;
;0,0511739;0,1183745;2,148182;18,73033;
;0,0511739;0,1183745;2,148182;18,74033;
;0,0512329;0,1181445;2,148182;18,75033;
;0,0512329;0,1181445;2,148182;18,76033;
;0,05129087;0,1179351;2,148182;18,77033;
;0,05135806;0,1176976;2,148182;18,78033;
;0,051427;0,1174459;2,148182;18,79033;
;0,05149376;0,1171759;2,148182;18,80033;
;0,05158308;0,1168164;2,148182;18,81034;
;0,05156646;0,1167444;2,148182;18,82034;
;0,05148093;0,1169611;2,148182;18,83034;
;0,05141343;0,1171972;2,148182;18,84034;
;0,05134106;0,1175771;2,148182;18,85034;
;0,05134106;0,1175771;2,148182;18,86034;
;0,0512977;0,1177991;2,148182;18,87034;
;0,0512515;0,1180084;2,148182;18,88034;
;0,05121237;0,1181734;2,148182;18,89034;
;0,05117678;0,1183294;2,148182;18,90034;
;0,05114773;0,1184628;2,148182;18,91034;
;0,05111725;0,1186032;2,148182;18,92034;
;0,05111725;0,1186032;2,148182;18,93034;
;0,05111338;0,1186432;2,148182;18,94034;
;0,05111473;0,1186623;2,148182;18,95034;
;0,05112353;0,1186505;2,148182;18,96034;
;0,05115784;0,1185715;2,148182;18,97034;
;0,05115784;0,1185715;2,148182;18,98034;
;0,05118664;0,1184743;2,148182;18,99034;
;0,05123427;0,118343;2,148182;19,00034;
;0,05123427;0,118343;2,148182;19,01034;
;0,05128964;0,1180621;2,148182;19,02034;
;0,05128964;0,1180621;2,148182;19,03034;
;0,05132018;0,1178615;2,148182;19,04034;
;0,05137198;0,1176128;2,148182;19,05034;
;0,05143607;0,1173535;2,148182;19,06034;
;0,05151425;0,1170462;2,148182;19,07034;
;0,05151573;0,1167168;2,148182;19,08034;
;0,05144353;0,1170622;2,148182;19,09034;
;0,05144353;0,1170622;2,148182;19,10034;
;0,05139245;0,117357;2,148182;19,11034;
;0,05139245;0,117357;2,148182;19,12034;
;0,05133306;0,1176496;2,148182;19,13034;
;0,05129241;0,1178128;2,148182;19,14034;
;0,05129241;0,1178128;2,148182;19,15034;
;0,05124555;0,1180563;2,148182;19,16034;
;0,05124555;0,1180563;2,148182;19,17034;
;0,05120333;0,118242;2,148182;19,18034;
;0,05117728;0,1183332;2,148182;19,19034;
;0,05117728;0,1183332;2,148182;19,20034;
;0,05115296;0,1184489;2,148182;19,21034;
;0,05113528;0,11855;2,148182;19,22034;
;0,05113133;0,1186104;2,148182;19,23034;
;0,05113262;0,118648;2,148182;19,24035;
;0,05113199;0,1186645;2,148182;19,25035;
;0,05114;0,1186423;2,148182;19,26035;
;0,05114;0,1186423;2,148182;19,27035;
;0,05114875;0,1185978;2,148182;19,28035;
;0,05116113;0,1185248;2,148182;19,29035;
;0,05118257;0,118443;2,148182;19,30035;
;0,05120807;0,1183328;2,148182;19,31035;
;0,05123974;0,1181985;2,148182;19,32035;
;0,0512776;0,1180521;2,148182;19,33035;
;0,05132199;0,1178811;2,148182;19,34035;
;0,05139052;0,1176082;2,148182;19,35035;
;0,05139052;0,1176082;2,148182;19,36035;
;0,05145624;0,1173325;2,148182;19,37035;
;0,05151251;0,1170226;2,148182;19,38035;
;0,05157525;0,1167238;2,148182;19,39035;
;0,05159768;0,1164388;2,148182;19,40035;
;0,05155944;0,1166028;2,148182;19,41035;
;0,05148879;0,1168672;2,148182;19,42035;
;0,05140984;0,1172171;2,148182;19,43035;
;0,05140984;0,1172171;2,148182;19,44035;
;0,0513519;0,1174731;2,148182;19,45035;
;0,05130636;0,117683;2,148182;19,46035;
;0,05126811;0,1178647;2,148182;19,47035;
;0,05122697;0,1180749;2,148182;19,48035;
;0,05119631;0,1182206;2,148182;19,49035;
;0,05119631;0,1182206;2,148182;19,50035;
;0,0511753;0,1183389;2,148182;19,51035;
;0,05116074;0,118441;2,148182;19,52035;
;0,0511519;0,1185287;2,148182;19,53035;
;0,05115364;0,1186061;2,148182;19,54035;
;0,05115364;0,1186061;2,148182;19,55035;
;0,0511382;0,1186492;2,148182;19,56035;
;0,05112913;0,1186614;2,148182;19,57035;
;0,05113259;0,1186475;2,148182;19,58035;
;0,05113934;0,118612;2,148182;19,59035;
;0,05115106;0,1185509;2,148182;19,60035;
;0,05117573;0,1184482;2,148182;19,61035;
;0,05117573;0,1184482;2,148182;19,62035;
;0,05120998;0,1183362;2,148182;19,63035;
;0,05125486;0,1181995;2,148182;19,64035;
;0,05129227;0,1180481;2,148182;19,65035;
;0,05132784;0,1178609;2,148182;19,66035;
;0,05143058;0,1174511;2,148182;19,67035;
;0,05148709;0,1169225;2,148182;19,68036;
;0,05148709;0,1169225;2,148182;19,69036;
;0,05159794;0,1164781;2,148182;19,70036;
;0,05159794;0,1164781;2,148182;19,71036;
;0,05149888;0,1167771;2,148182;19,72036;
;0,05142257;0,1171074;2,148182;19,73036;
;0,05137837;0,1173875;2,148182;19,74036;
;0,05135057;0,1176108;2,148182;19,75036;
;0,05130801;0,1178083;2,148182;19,76036;
;0,05125989;0,1179899;2,148182;19,77036;
;0,05122317;0,1181619;2,148182;19,78036;
;0,05119123;0,1183019;2,148182;19,79036;
;0,05116376;0,1184329;2,148182;19,80036;
;0,05114938;0,1184972;2,148182;19,81036;
;0,05114938;0,1184972;2,148182;19,82036;
;0,05113393;0,1185955;2,148182;19,83036;
;0,05112398;0,1186349;2,148182;19,84036;
;0,05112398;0,1186349;2,148182;19,85036;
;0,05112538;0,1186577;2,148182;19,86036;
;0,05112914;0,118648;2,148182;19,87036;
;0,05114667;0,1185771;2,148182;19,88036;
;0,05114667;0,1185771;2,148182;19,89036;
;0,05116622;0,1184977;2,148182;19,90036;
;0,05116622;0,1184977;2,148182;19,91036;
;0,05120445;0,1183695;2,148182;19,92036;
;0,05128519;0,1181135;2,148182;19,93036;
;0,05128519;0,1181135;2,148182;19,94036;
;0,0513196;0,1179124;2,148182;19,95036;
;0,05136427;0,1176681;2,148182;19,96036;
;0,05141924;0,1174226;2,148182;19,97036;
;0,05148939;0,1170781;2,148182;19,98036;
;0,05148939;0,1170781;2,148182;19,99036;
;0,05157387;0,1167704;2,148182;20,00036;
;0,05168758;0,1164253;2,148182;20,01036;
;0,0516503;0,1163821;2,148182;20,02036;
;0,05155186;0,1165989;2,148182;20,03036;
;0,05148967;0,1168759;2,148182;20,04036;
;0,05143916;0,1171399;2,148182;20,05036;
;0,05139024;0,1173884;2,148182;20,06036;
;0,05133527;0,1176135;2,148182;20,07036;
;0,05128607;0,1178095;2,148182;20,08036;
;0,05124864;0,1179825;2,148182;20,09036;
;0,05122856;0,118137;2,148182;20,10036;
;0,05119563;0,118308;2,148182;20,11036;
;0,05116428;0,1184309;2,148182;20,12037;
;0,05114005;0,1185272;2,148182;20,13037;
;0,05114005;0,1185272;2,148182;20,14037;
;0,05112444;0,1186092;2,148182;20,15037;
;0,0511238;0,1186422;2,148182;20,16037;
;0,05113496;0,1186619;2,148182;20,17037;
;0,05113783;0,1186599;2,148182;20,18037;
;0,05113782;0,1186307;2,148182;20,19037;
;0,05114482;0,1185728;2,148182;20,20037;
;0,05114482;0,1185728;2,148182;20,21037;
;0,05116475;0,1184941;2,148182;20,22037;
;0,05119638;0,1183866;2,148182;20,23037;
;0,05123496;0,1182668;2,148182;20,24037;
;0,05127196;0,1181142;2,148182;20,25037;
;0,05131333;0,1179189;2,148182;20,26037;
;0,05136051;0,117709;2,148182;20,27037;
;0,05141213;0,1174701;2,148182;20,28037;
;0,05147766;0,1171257;2,148182;20,29037;
;0,05155721;0,1168162;2,148182;20,30037;
;0,05155721;0,1168162;2,148182;20,31037;
;0,05149735;0,1168368;2,148182;20,32037;
;0,05142177;0,1170384;2,148182;20,33037;
;0,05137557;0,1172408;2,148182;20,34037;
;0,05137557;0,1172408;2,148182;20,35037;
;0,05132806;0,1175006;2,148182;20,36037;
;0,05128749;0,1177041;2,148182;20,37037;
;0,05123906;0,1179382;2,148182;20,38037;
;0,05120986;0,1180328;2,148182;20,39037;
;0,05120986;0,1180328;2,148182;20,40037;
;0,05117496;0,1182179;2,148182;20,41037;
;0,051139;0,1183708;2,148182;20,42037;
;0,05111705;0,1184818;2,148182;20,43037;
;0,05110132;0,1185777;2,148182;20,44037;
;0,05110132;0,1185777;2,148182;20,45037;
;0,05109248;0,1186345;2,148182;20,46037;
;0,05108859;0,1186616;2,148182;20,47037;
;0,05108751;0,1186582;2,148182;20,48037;
;0,0510902;0,1186417;2,148182;20,49037;
;0,05111522;0,1186051;2,148182;20,50037;
;0,05115332;0,1185107;2,148182;20,51037;
;0,05115332;0,1185107;2,148182;20,52037;
;0,05118683;0,1184183;2,148182;20,53037;
;0,0512179;0,1182894;2,148182;20,54037;
;0,05125258;0,1181368;2,148182;20,55037;
;0,05129461;0,1179478;2,148182;20,56038;
;0,05134507;0,1177315;2,148182;20,57038;
;0,05140207;0,1174792;2,148182;20,58038;
;0,05147623;0,1171838;2,148182;20,59038;
;0,05155903;0,1168507;2,148182;20,60038;
;0,05145127;0,1169278;2,148182;20,61038;
;0,05145127;0,1169278;2,148182;20,62038;
;0,0514093;0,1172173;2,148182;20,63038;
;0,05135505;0,117476;2,148182;20,64038;
;0,05130005;0,1177096;2,148182;20,65038;
;0,05125651;0,1179193;2,148182;20,66038;
;0,05119468;0,118215;2,148182;20,67038;
;0,05119468;0,118215;2,148182;20,68038;
;0,05117201;0,1183721;2,148182;20,69038;
;0,05115181;0,1184856;2,148182;20,70038;
;0,05113477;0,118561;2,148182;20,71038;
;0,05112274;0,1186302;2,148182;20,72038;
;0,05112274;0,1186302;2,148182;20,73038;
;0,05111566;0,1186582;2,148182;20,74038;
;0,05111564;0,1186583;2,148182;20,75038;
;0,05112355;0,1186451;2,148182;20,76038;
;0,05114035;0,1186037;2,148182;20,77038;
;0,05117002;0,1185345;2,148182;20,78038;
;0,05119443;0,1184498;2,148182;20,79038;
;0,05122182;0,118293;2,148182;20,80038;
;0,05122182;0,118293;2,148182;20,81038;
;0,05125732;0,1181256;2,148182;20,82038;
;0,05130132;0,1179209;2,148182;20,83038;
;0,05135315;0,1177216;2,148182;20,84038;
;0,0514131;0,1174945;2,148182;20,85038;
;0,05148503;0,1172388;2,148182;20,86038;
;0,05155002;0,116949;2,148182;20,87038;
;0,0517139;0,1166044;2,148182;20,88038;
;0,05160207;0,1166793;2,148182;20,89038;
;0,05144929;0,1169236;2,148182;20,90038;
;0,05135648;0,1172591;2,148182;20,91038;
;0,05135648;0,1172591;2,148182;20,92038;
;0,05131352;0,1175232;2,148182;20,93038;
;0,05127582;0,1177612;2,148182;20,94038;
;0,05123455;0,117965;2,148182;20,95038;
;0,05119378;0,1181341;2,148182;20,96038;
;0,05115551;0,1182911;2,148182;20,97038;
;0,05112393;0,1184165;2,148182;20,98038;
;0,05110613;0,1185123;2,148182;20,99039;
;0,05110387;0,1185939;2,148182;21,00039;
;0,05110579;0,1186402;2,148182;21,01039;
;0,05111413;0,1186591;2,148182;21,02039;
;0,05111413;0,1186591;2,148182;21,03039;
;0,05113126;0,1186404;2,148182;21,04039;
;0,05116522;0,1185846;2,148182;21,05039;
;0,05118731;0,1185119;2,148182;21,06039;
;0,05120236;0,1184153;2,148182;21,07039;
;0,0512245;0,1182899;2,148182;21,08039;
;0,05125269;0,1181337;2,148182;21,09039;
;0,05129749;0,1178902;2,148182;21,10039;
;0,05129749;0,1178902;2,148182;21,11039;
;0,05135212;0,1176756;2,148182;21,12039;
;0,05135212;0,1176756;2,148182;21,13039;
;0,05140849;0,117413;2,148182;21,14039;
;0,05146857;0,1171357;2,148182;21,15039;
;0,05153077;0,1168377;2,148182;21,16039;
;0,05147913;0,1168558;2,148182;21,17039;
;0,05140093;0,1170857;2,148182;21,18039;
;0,05134042;0,1173428;2,148182;21,19039;
;0,05128954;0,1175795;2,148182;21,20039;
;0,05122866;0,1178486;2,148182;21,21039;
;0,05122866;0,1178486;2,148182;21,22039;
;0,05119432;0,1180487;2,148182;21,23039;
;0,05118333;0,1182303;2,148182;21,24039;
;0,05117002;0,1183754;2,148182;21,25039;
;0,05114956;0,1184863;2,148182;21,26039;
;0,0511319;0,1185688;2,148182;21,27039;
;0,05112236;0,1186209;2,148182;21,28039;
;0,05111619;0,1186556;2,148182;21,29039;
;0,05111447;0,1186634;2,148182;21,30039;
;0,05112293;0,1186266;2,148182;21,31039;
;0,05112293;0,1186266;2,148182;21,32039;
;0,05114053;0,1185631;2,148182;21,33039;
;0,05116433;0,1184763;2,148182;21,34039;
;0,05119248;0,1183661;2,148182;21,35039;
;0,05122498;0,11824;2,148182;21,36039;
;0,05126057;0,1180693;2,148182;21,37039;
;0,05126057;0,1180693;2,148182;21,38039;
;0,05129451;0,1178988;2,148182;21,39039;
;0,05132415;0,1177101;2,148182;21,40039;
;0,05136211;0,1175173;2,148182;21,41039;
;0,05142162;0,1172804;2,148182;21,42039;
;0,05149024;0,1169967;2,148182;21,4304;
;0,05158958;0,116587;2,148182;21,4404;
;0,05158145;0,1166477;2,148182;21,4504;
;0,05158145;0,1166477;2,148182;21,4604;
;0,05150519;0,1168536;2,148182;21,4704;
;0,05142936;0,1170967;2,148182;21,4804;
;0,05137505;0,1173405;2,148182;21,4904;
;0,05132084;0,1176315;2,148182;21,5004;
;0,05132084;0,1176315;2,148182;21,5104;
;0,05127428;0,1178405;2,148182;21,5204;
;0,05123172;0,1180366;2,148182;21,5304;
;0,05119731;0,1182015;2,148182;21,5404;
;0,05116968;0,1183434;2,148182;21,5504;
;0,05114676;0,1184833;2,148182;21,5604;
;0,05114676;0,1184833;2,148182;21,5704;
;0,05113544;0,1185648;2,148182;21,5804;
;0,05113657;0,1186267;2,148182;21,5904;
;0,05113273;0,1186582;2,148182;21,6004;
;0,05112762;0,1186614;2,148182;21,6104;
;0,05112663;0,1186499;2,148182;21,6204;
;0,05113678;0,1186045;2,148182;21,6304;
;0,05113678;0,1186045;2,148182;21,6404;
;0,05115946;0,1185367;2,148182;21,6504;
;0,05119234;0,1184368;2,148182;21,6604;
;0,05122412;0,1183129;2,148182;21,6704;
;0,05125555;0,1181693;2,148182;21,6804;
;0,05129961;0,1179293;2,148182;21,6904;
;0,05129961;0,1179293;2,148182;21,7004;
;0,05135508;0,1177095;2,148182;21,7104;
;0,05141342;0,1174595;2,148182;21,7204;
;0,05148439;0,1171869;2,148182;21,7304;
;0,05145616;0,1168964;2,148182;21,7404;
;0,05142663;0,117081;2,148182;21,7504;
;0,05138144;0,1173138;2,148182;21,7604;
;0,05131965;0,1176182;2,148182;21,7704;
;0,05131965;0,1176182;2,148182;21,7804;
;0,0512685;0,1178411;2,148182;21,7904;
;0,0512234;0,1180455;2,148182;21,8004;
;0,0511559;0,1183026;2,148182;21,8104;
;0,0511559;0,1183026;2,148182;21,8204;
;0,0511233;0,1184368;2,148182;21,8304;
;0,05108961;0,1185373;2,148182;21,8404;
;0,0510907;0,118611;2,148182;21,8504;
;0,0511005;0,1186522;2,148182;21,8604;
;0,05110848;0,1186579;2,148182;21,87041;
;0,05111793;0,1186357;2,148182;21,88041;
;0,0511343;0,1185807;2,148182;21,89041;
;0,05115916;0,1185002;2,148182;21,90041;
;0,05119128;0,1183962;2,148182;21,91041;
;0,05123204;0,1182613;2,148182;21,92041;
;0,05128371;0,1180883;2,148182;21,93041;
;0,0513308;0,1178828;2,148182;21,94041;
;0,05137783;0,1176669;2,148182;21,95041;
;0,05142339;0,1174416;2,148182;21,96041;
;0,05161984;0,1170732;2,148182;21,97041;
;0,05161984;0,1170732;2,148182;21,98041;
;0,05153137;0,1170995;2,148182;21,99041;
;0,05138532;0,1173345;2,148182;22,00041;
;0,05130265;0,1175792;2,148182;22,01041;
;0,05123905;0,1179336;2,148182;22,02041;
;0,05123905;0,1179336;2,148182;22,03041;
;0,05120205;0,1181493;2,148182;22,04041;
;0,05116472;0,1183087;2,148182;22,05041;
;0,0511361;0,1184249;2,148182;22,06041;
;0,05112251;0,1185265;2,148182;22,07041;
;0,05112855;0,118598;2,148182;22,08041;
;0,05113707;0,118647;2,148182;22,09041;
;0,05113707;0,118647;2,148182;22,10041;
;0,05113115;0,1186617;2,148182;22,11041;
;0,05112863;0,1186411;2,148182;22,12041;
;0,05114137;0,1185876;2,148182;22,13041;
;0,0511618;0,1185194;2,148182;22,14041;
;0,05118628;0,1184205;2,148182;22,15041;
;0,05121612;0,11829;2,148182;22,16041;
;0,05125277;0,1181249;2,148182;22,17041;
;0,05129758;0,1179195;2,148182;22,18041;
;0,05134783;0,1176959;2,148182;22,19041;
;0,05140285;0,1174152;2,148182;22,20041;
;0,05145406;0,1171724;2,148182;22,21041;
;0,05145406;0,1171724;2,148182;22,22041;
;0,0514837;0,1169133;2,148182;22,23041;
;0,05154787;0,1166188;2,148182;22,24041;
;0,05154908;0,1165386;2,148182;22,25041;
;0,05148244;0,1167772;2,148182;22,26041;
;0,05142264;0,117051;2,148182;22,27041;
;0,05135908;0,1173932;2,148182;22,28041;
;0,05135908;0,1173932;2,148182;22,29041;
;0,05130615;0,1176553;2,148182;22,30042;
;0,05126058;0,1178779;2,148182;22,31042;
;0,05122275;0,118067;2,148182;22,32042;
;0,0511929;0,1182225;2,148182;22,33042;
;0,05117134;0,1183471;2,148182;22,34042;
;0,05116425;0,1184669;2,148182;22,35042;
;0,05116425;0,1184669;2,148182;22,36042;
;0,05117301;0,1185523;2,148182;22,37042;
;0,0511555;0,11861;2,148182;22,38042;
;0,05112837;0,118641;2,148182;22,39042;
;0,05111194;0,118663;2,148182;22,40042;
;0,05111274;0,1186569;2,148182;22,41042;
;0,05112491;0,1186347;2,148182;22,42042;
;0,0511454;0,1185906;2,148182;22,43042;
;0,05118142;0,11851;2,148182;22,44042;
;0,05121749;0,1184178;2,148182;22,45042;
;0,05123752;0,1183042;2,148182;22,46042;
;0,05125421;0,1181564;2,148182;22,47042;
;0,05128839;0,1179289;2,148182;22,48042;
;0,0513364;0,1177494;2,148182;22,49042;
;0,0513364;0,1177494;2,148182;22,50042;
;0,0513842;0,117552;2,148182;22,51042;
;0,05143932;0,1172845;2,148182;22,52042;
;0,0515059;0,1170063;2,148182;22,53042;
;0,0516089;0,1166891;2,148182;22,54042;
;0,05157587;0,1166235;2,148182;22,55042;
;0,05147735;0,1168585;2,148182;22,56042;
;0,05142575;0,1170165;2,148182;22,57042;
;0,05142575;0,1170165;2,148182;22,58042;
;0,05135912;0,117359;2,148182;22,59042;
;0,05124776;0,1177564;2,148182;22,60042;
;0,05124776;0,1177564;2,148182;22,61042;
;0,0512009;0,1179822;2,148182;22,62042;
;0,0512009;0,1179822;2,148182;22,63042;
;0,05116034;0,1183155;2,148182;22,64042;
;0,05116034;0,1183155;2,148182;22,65042;
;0,05114127;0,118456;2,148182;22,66042;
;0,05114127;0,118456;2,148182;22,67042;
;0,05112467;0,1185536;2,148182;22,68042;
;0,05111309;0,1186212;2,148182;22,69042;
;0,05110732;0,1186565;2,148182;22,70042;
;0,05110905;0,1186496;2,148182;22,71042;
;0,05110905;0,1186496;2,148182;22,72042;
;0,05111091;0,118604;2,148182;22,73042;
;0,05111883;0,1185178;2,148182;22,74043;
;0,05119929;0,1183417;2,148182;22,75043;
;0,05119929;0,1183417;2,148182;22,76043;
;0,05126179;0,1181346;2,148182;22,77043;
;0,05130736;0,1180222;2,148182;22,78043;
;0,05130736;0,1180222;2,148182;22,79043;
;0,05134001;0,1178009;2,148182;22,80043;
;0,05134001;0,1178009;2,148182;22,81043;
;0,05138605;0,1175334;2,148182;22,82043;
;0,05144173;0,1172435;2,148182;22,83043;
;0,05150559;0,1169364;2,148182;22,84043;
;0,05146302;0,1168571;2,148182;22,85043;
;0,05143135;0,117047;2,148182;22,86043;
;0,05139528;0,1172539;2,148182;22,87043;
;0,0513393;0,1175036;2,148182;22,88043;
;0,05128627;0,117743;2,148182;22,89043;
;0,05121862;0,1180458;2,148182;22,90043;
;0,05121862;0,1180458;2,148182;22,91043;
;0,0511886;0,1182249;2,148182;22,92043;
;0,05116046;0,1183736;2,148182;22,93043;
;0,05113898;0,1184817;2,148182;22,94043;
;0,05112624;0,1185544;2,148182;22,95043;
;0,05111461;0,1186266;2,148182;22,96043;
;0,05111461;0,1186266;2,148182;22,97043;
;0,0511069;0,1186542;2,148182;22,98043;
;0,05110561;0,1186472;2,148182;22,99043;
;0,05110561;0,1186472;2,148182;23,00043;
;0,05111358;0,118594;2,148182;23,01043;
;0,05114662;0,1185067;2,148182;23,02043;
;0,05118007;0,118403;2,148182;23,03043;
;0,05121457;0,1182532;2,148182;23,04043;
;0,05121457;0,1182532;2,148182;23,05043;
;0,05125327;0,1181025;2,148182;23,06043;
;0,0512975;0,117919;2,148182;23,07043;
;0,05134865;0,1177179;2,148182;23,08043;
;0,05140613;0,117495;2,148182;23,09043;
;0,05146523;0,1172344;2,148182;23,10043;
;0,05152873;0,1169321;2,148182;23,11043;
;0,05159575;0,1165916;2,148182;23,12043;
;0,05152231;0,1167013;2,148182;23,13043;
;0,05143329;0,116974;2,148182;23,14043;
;0,05137462;0,1172536;2,148182;23,15043;
;0,0513301;0,1175192;2,148182;23,16043;
;0,05128705;0,1177679;2,148182;23,17043;
;0,05124509;0,1179827;2,148182;23,18044;
;0,05120892;0,1181654;2,148182;23,19044;
;0,05118282;0,1183228;2,148182;23,20044;
;0,05117008;0,1184533;2,148182;23,21044;
;0,0511563;0,1185481;2,148182;23,22044;
;0,05113589;0,1186103;2,148182;23,23044;
;0,05111514;0,1186424;2,148182;23,24044;
;0,05110797;0,1186628;2,148182;23,25044;
;0,05111512;0,1186439;2,148182;23,26044;
;0,05111512;0,1186439;2,148182;23,27044;
;0,05113033;0,1186014;2,148182;23,28044;
;0,05116921;0,1184847;2,148182;23,29044;
;0,05116921;0,1184847;2,148182;23,30044;
;0,05119576;0,118353;2,148182;23,31044;
;0,05123365;0,1181962;2,148182;23,32044;
;0,05127694;0,1180177;2,148182;23,33044;
;0,05132437;0,1178034;2,148182;23,34044;
;0,05137888;0,117543;2,148182;23,35044;
;0,05143888;0,1172595;2,148182;23,36044;
;0,05148256;0,1170003;2,148182;23,37044;
;0,05148381;0,1167344;2,148182;23,38044;
;0,05143737;0,1169521;2,148182;23,39044;
;0,05137497;0,1172086;2,148182;23,40044;
;0,05131475;0,1174764;2,148182;23,41044;
;0,0512531;0,1177289;2,148182;23,42044;
;0,0512221;0,1179407;2,148182;23,43044;
;0,05120249;0,1181196;2,148182;23,44044;
;0,05117906;0,1182823;2,148182;23,45044;
;0,05117906;0,1182823;2,148182;23,46044;
;0,05115211;0,1184225;2,148182;23,47044;
;0,05113192;0,1185265;2,148182;23,48044;
;0,05111862;0,1185981;2,148182;23,49044;
;0,05111107;0,1186463;2,148182;23,50044;
;0,05110951;0,1186637;2,148182;23,51044;
;0,05111466;0,1186513;2,148182;23,52044;
;0,05112732;0,1186155;2,148182;23,53044;
;0,05114635;0,1185551;2,148182;23,54044;
;0,05117234;0,1184619;2,148182;23,55044;
;0,05120712;0,1183332;2,148182;23,56044;
;0,05125295;0,1181738;2,148182;23,57044;
;0,05131733;0,1179263;2,148182;23,58044;
;0,05136651;0,1177939;2,148182;23,59044;
;0,05136651;0,1177939;2,148182;23,60044;
;0,05140115;0,1175529;2,148182;23,61045;
;0,05146259;0,1171749;2,148182;23,62045;
;0,05146259;0,1171749;2,148182;23,63045;
;0,05154729;0,1168428;2,148182;23,64045;
;0,05161794;0,1164871;2,148182;23,65045;
;0,05158316;0,1166102;2,148182;23,66045;
;0,05151788;0,11684;2,148182;23,67045;
;0,05145543;0,1170835;2,148182;23,68045;
;0,05139224;0,1173058;2,148182;23,69045;
;0,05133205;0,1175348;2,148182;23,70045;
;0,05128446;0,1177552;2,148182;23,71045;
;0,05124294;0,1179694;2,148182;23,72045;
;0,05120719;0,1181541;2,148182;23,73045;
;0,05117353;0,1183448;2,148182;23,74045;
;0,05117353;0,1183448;2,148182;23,75045;
;0,05115097;0,1184678;2,148182;23,76045;
;0,05114219;0,1185611;2,148182;23,77045;
;0,05115191;0,1186247;2,148182;23,78045;
;0,05114565;0,1186566;2,148182;23,79045;
;0,05113445;0,1186577;2,148182;23,80045;
;0,05112687;0,1186497;2,148182;23,81045;
;0,05113025;0,1186142;2,148182;23,82045;
;0,05114473;0,1185553;2,148182;23,83045;
;0,05116735;0,1184764;2,148182;23,84045;
;0,05119647;0,1183644;2,148182;23,85045;
;0,05123159;0,1182237;2,148182;23,86045;
;0,05127257;0,1180527;2,148182;23,87045;
;0,05132004;0,1178478;2,148182;23,88045;
;0,05137572;0,1176017;2,148182;23,89045;
;0,05144498;0,117271;2,148182;23,90045;
;0,05144498;0,117271;2,148182;23,91045;
;0,05158793;0,1167613;2,148182;23,92045;
;0,05158793;0,1167613;2,148182;23,93045;
;0,05168049;0,1162506;2,148182;23,94045;
;0,05168049;0,1162506;2,148182;23,95045;
;0,05171324;0,1160955;2,148182;23,96045;
;0,051622;0,1163381;2,148182;23,97045;
;0,05153519;0,1166394;2,148182;23,98045;
;0,05146992;0,1169208;2,148182;23,99045;
;0,0514177;0,1171724;2,148182;24,00045;
;0,05137176;0,1174096;2,148182;24,01045;
;0,05134042;0,1176085;2,148182;24,02045;
;0,05130905;0,1177961;2,148182;24,03045;
;0,05126967;0,1179602;2,148182;24,04045;
;0,05122939;0,1181172;2,148182;24,05046;
;0,05119887;0,1182832;2,148182;24,06046;
;0,05119887;0,1182832;2,148182;24,07046;
;0,05117062;0,1183992;2,148182;24,08046;
;0,05114543;0,1184978;2,148182;24,09046;
;0,05112715;0,1185645;2,148182;24,10046;
;0,0511166;0,1186209;2,148182;24,11046;
;0,05111488;0,1186518;2,148182;24,12046;
;0,05112111;0,1186604;2,148182;24,13046;
;0,0511374;0,118639;2,148182;24,14046;
;0,05117372;0,118586;2,148182;24,15046;
;0,05119026;0,1185107;2,148182;24,16046;
;0,05119363;0,1184191;2,148182;24,17046;
;0,05120669;0,1183088;2,148182;24,18046;
;0,05123518;0,1181704;2,148182;24,19046;
;0,05127411;0,1180254;2,148182;24,20046;
;0,0513263;0,1177842;2,148182;24,21046;
;0,0513263;0,1177842;2,148182;24,22046;
;0,05143454;0,1174096;2,148182;24,23046;
;0,05143454;0,1174096;2,148182;24,24046;
;0,05148489;0,1170447;2,148182;24,25046;
;0,05148489;0,1170447;2,148182;24,26046;
;0,05167383;0,1165;2,148182;24,27046;
;0,05167383;0,1165;2,148182;24,28046;
;0,05159529;0,1165794;2,148182;24,29046;
;0,05159529;0,1165794;2,148182;24,30046;
;0,0514269;0,1170157;2,148182;24,31046;
;0,0514269;0,1170157;2,148182;24,32046;
;0,05137686;0,1173095;2,148182;24,33046;
;0,05131964;0,117647;2,148182;24,34046;
;0,05128505;0,1177898;2,148182;24,35046;
;0,05128505;0,1177898;2,148182;24,36046;
;0,05124706;0,118007;2,148182;24,37046;
;0,05121877;0,1181909;2,148182;24,38046;
;0,05120282;0,118334;2,148182;24,39046;
;0,05117063;0,1184443;2,148182;24,40046;
;0,05113788;0,1185278;2,148182;24,41046;
;0,0511196;0,118597;2,148182;24,42046;
;0,05111446;0,1186354;2,148182;24,43046;
;0,05111746;0,1186608;2,148182;24,44046;
;0,05112914;0,1186599;2,148182;24,45046;
;0,05115577;0,1186241;2,148182;24,46046;
;0,05117188;0,1185626;2,148182;24,47046;
;0,0511869;0,1184407;2,148182;24,48046;
;0,0511869;0,1184407;2,148182;24,49047;
;0,05121294;0,118301;2,148182;24,50047;
;0,05125348;0,1181581;2,148182;24,51047;
;0,05133574;0,1178847;2,148182;24,52047;
;0,05133574;0,1178847;2,148182;24,53047;
;0,05136858;0,1176577;2,148182;24,54047;
;0,05141976;0,1173901;2,148182;24,55047;
;0,05148625;0,117097;2,148182;24,56047;
;0,05157676;0,1167956;2,148182;24,57047;
;0,05152263;0,11694;2,148182;24,58047;
;0,05142602;0,1171843;2,148182;24,59047;
;0,05135158;0,1174445;2,148182;24,60047;
;0,05129162;0,1177532;2,148182;24,61047;
;0,05129162;0,1177532;2,148182;24,62047;
;0,05125134;0,1179707;2,148182;24,63047;
;0,05122079;0,1181516;2,148182;24,64047;
;0,05118871;0,1183002;2,148182;24,65047;
;0,05115986;0,1184246;2,148182;24,66047;
;0,05113791;0,1185217;2,148182;24,67047;
;0,0511241;0,1185904;2,148182;24,68047;
;0,05111916;0,1186313;2,148182;24,69047;
;0,05112333;0,1186599;2,148182;24,70047;
;0,05113176;0,118665;2,148182;24,71047;
;0,05113176;0,118665;2,148182;24,72047;
;0,05114515;0,1186391;2,148182;24,73047;
;0,05115972;0,1185852;2,148182;24,74047;
;0,0511787;0,1185015;2,148182;24,75047;
;0,05120162;0,1183933;2,148182;24,76047;
;0,05123048;0,1182634;2,148182;24,77047;
;0,0512672;0,1181004;2,148182;24,78047;
;0,0513154;0,1178902;2,148182;24,79047;
;0,05136866;0,1176497;2,148182;24,80047;
;0,05142987;0,1173539;2,148182;24,81047;
;0,05142987;0,1173539;2,148182;24,82047;
;0,0515069;0,1169923;2,148182;24,83047;
;0,05158402;0,1167786;2,148182;24,84047;
;0,05158402;0,1167786;2,148182;24,85047;
;0,05159315;0,116534;2,148182;24,86047;
;0,05153577;0,1167514;2,148182;24,87047;
;0,05142508;0,117154;2,148182;24,88047;
;0,05142508;0,117154;2,148182;24,89047;
;0,05138001;0,1174013;2,148182;24,90047;
;0,05138001;0,1174013;2,148182;24,91047;
;0,05133545;0,1176439;2,148182;24,92048;
;0,05128385;0,1178675;2,148182;24,93048;
;0,05120838;0,1181534;2,148182;24,94048;
;0,05120838;0,1181534;2,148182;24,95048;
;0,05118713;0,1183139;2,148182;24,96048;
;0,05116268;0,1184421;2,148182;24,97048;
;0,0511415;0,118539;2,148182;24,98048;
;0,05112406;0,118612;2,148182;24,99048;
;0,05111315;0,1186508;2,148182;25,00048;
;0,05110987;0,1186569;2,148182;25,01048;
;0,05111462;0,1186548;2,148182;25,02048;
;0,05112609;0,1186226;2,148182;25,03048;
;0,05114424;0,1185584;2,148182;25,04048;
;0,05116998;0,1184576;2,148182;25,05048;
;0,05120956;0,118286;2,148182;25,06048;
;0,05124543;0,1181882;2,148182;25,07048;
;0,05124543;0,1181882;2,148182;25,08048;
;0,05128238;0,1179934;2,148182;25,09048;
;0,05133576;0,1177298;2,148182;25,10048;
;0,05140035;0,1174535;2,148182;25,11048;
;0,05151633;0,116961;2,148182;25,12048;
;0,05151633;0,116961;2,148182;25,13048;
;0,05154884;0,1166423;2,148182;25,14048;
;0,05162666;0,1162817;2,148182;25,15048;
;0,05161992;0,1163309;2,148182;25,16048;
;0,05154369;0,1166065;2,148182;25,17048;
;0,0514696;0,1168998;2,148182;25,18048;
;0,0514096;0,1171671;2,148182;25,19048;
;0,05135976;0,1174027;2,148182;25,20048;
;0,05131495;0,1176187;2,148182;25,21048;
;0,05127479;0,1178223;2,148182;25,22048;
;0,05123963;0,1179936;2,148182;25,23048;
;0,05120593;0,118155;2,148182;25,24048;
;0,05117198;0,1182843;2,148182;25,25048;
;0,05113665;0,1184026;2,148182;25,26048;
;0,05110513;0,118495;2,148182;25,27048;
;0,05110346;0,1185693;2,148182;25,28048;
;0,05110771;0,118625;2,148182;25,29048;
;0,05110868;0,1186505;2,148182;25,30048;
;0,05110503;0,1186629;2,148182;25,31048;
;0,05110392;0,1186442;2,148182;25,32048;
;0,05112115;0,1185915;2,148182;25,33048;
;0,05114607;0,1185165;2,148182;25,34048;
;0,05117174;0,1184163;2,148182;25,35048;
;0,05120559;0,1182697;2,148182;25,36049;
;0,05125377;0,1180819;2,148182;25,37049;
;0,05130861;0,1178669;2,148182;25,38049;
;0,0513657;0,1176173;2,148182;25,39049;
;0,05147985;0,1171653;2,148182;25,40049;
;0,05147985;0,1171653;2,148182;25,41049;
;0,05166735;0,1168064;2,148182;25,42049;
;0,05152316;0,1169959;2,148182;25,43049;
;0,05137736;0,1172345;2,148182;25,44049;
;0,05130845;0,1174793;2,148182;25,45049;
;0,05127141;0,117735;2,148182;25,46049;
;0,05124045;0,1179546;2,148182;25,47049;
;0,05121487;0,1181376;2,148182;25,48049;
;0,051186;0,1182917;2,148182;25,49049;
;0,05115752;0,1184139;2,148182;25,50049;
;0,05113399;0,1185174;2,148182;25,51049;
;0,05111793;0,1185899;2,148182;25,52049;
;0,05110956;0,118631;2,148182;25,53049;
;0,05110794;0,1186593;2,148182;25,54049;
;0,05111259;0,118662;2,148182;25,55049;
;0,05112449;0,1186314;2,148182;25,56049;
;0,05114076;0,1185822;2,148182;25,57049;
;0,05116198;0,1185025;2,148182;25,58049;
;0,05119064;0,118385;2,148182;25,59049;
;0,05125425;0,118137;2,148182;25,60049;
;0,05125425;0,118137;2,148182;25,61049;
;0,05128139;0,1178972;2,148182;25,62049;
;0,05128139;0,1178972;2,148182;25,63049;
;0,05132406;0,1176176;2,148182;25,64049;
;0,05140251;0,1173376;2,148182;25,65049;
;0,0515906;0,116834;2,148182;25,66049;
;0,0515906;0,116834;2,148182;25,67049;
;0,05154386;0,1168388;2,148182;25,68049;
;0,05154386;0,1168388;2,148182;25,69049;
;0,05143268;0,1171079;2,148182;25,70049;
;0,05135341;0,1173952;2,148182;25,71049;
;0,05130158;0,1176466;2,148182;25,72049;
;0,05125841;0,1178703;2,148182;25,73049;
;0,05119377;0,1181789;2,148182;25,74049;
;0,05119377;0,1181789;2,148182;25,75049;
;0,05116657;0,1183408;2,148182;25,76049;
;0,05114271;0,1184677;2,148182;25,77049;
;0,05112584;0,118557;2,148182;25,78049;
;0,05111486;0,1186232;2,148182;25,79049;
;0,05110995;0,1186576;2,148182;25,8005;
;0,05110887;0,1186557;2,148182;25,8105;
;0,05110433;0,1186451;2,148182;25,8205;
;0,05109995;0,1186062;2,148182;25,8305;
;0,05111744;0,1185356;2,148182;25,8405;
;0,05115656;0,1184472;2,148182;25,8505;
;0,05119803;0,1183265;2,148182;25,8605;
;0,05123942;0,1181736;2,148182;25,8705;
;0,0512867;0,1179794;2,148182;25,8805;
;0,05134176;0,1177584;2,148182;25,8905;
;0,05140264;0,1175097;2,148182;25,9005;
;0,05147555;0,1172163;2,148182;25,9105;
;0,05154158;0,1168847;2,148182;25,9205;
;0,05161965;0,116506;2,148182;25,9305;
;0,05155118;0,1165654;2,148182;25,9405;
;0,05146008;0,1168291;2,148182;25,9505;
;0,05140714;0,1171197;2,148182;25,9605;
;0,05137105;0,1173868;2,148182;25,9705;
;0,05133167;0,1176278;2,148182;25,9805;
;0,05128597;0,1178306;2,148182;25,9905;
;0,05124063;0,1179985;2,148182;26,0005;
;0,05119971;0,1181581;2,148182;26,0105;
;0,05116829;0,1183123;2,148182;26,0205;
;0,05113422;0,1184997;2,148182;26,0305;
;0,05113422;0,1184997;2,148182;26,0405;
;0,05112653;0,1185875;2,148182;26,0505;
;0,05112791;0,1186402;2,148182;26,0605;
;0,05113639;0,1186572;2,148182;26,0705;
;0,05113924;0,1186562;2,148182;26,0805;
;0,05114141;0,1186214;2,148182;26,0905;
;0,05115029;0,1185518;2,148182;26,1005;
;0,05117447;0,1184462;2,148182;26,1105;
;0,05121252;0,1183099;2,148182;26,1205;
;0,05126011;0,1181431;2,148182;26,1305;
;0,05130647;0,1179443;2,148182;26,1405;
;0,05135471;0,1177097;2,148182;26,1505;
;0,05140854;0,1174422;2,148182;26,1605;
;0,05152249;0,1169528;2,148182;26,1705;
;0,05152249;0,1169528;2,148182;26,1805;
;0,05161449;0,1165675;2,148182;26,1905;
;0,0515329;0,1167489;2,148182;26,2005;
;0,05141946;0,1170307;2,148182;26,2105;
;0,05134063;0,1173216;2,148182;26,2205;
;0,05128682;0,1175947;2,148182;26,2305;
;0,05122313;0,1179644;2,148182;26,24051;
;0,05122313;0,1179644;2,148182;26,25051;
;0,05119969;0,1181575;2,148182;26,26051;
;0,05117288;0,1183167;2,148182;26,27051;
;0,05114733;0,1184483;2,148182;26,28051;
;0,05114733;0,1184483;2,148182;26,29051;
;0,05113126;0,1185577;2,148182;26,30051;
;0,05112553;0,1186045;2,148182;26,31051;
;0,05112553;0,1186045;2,148182;26,32051;
;0,05113264;0,1186517;2,148182;26,33051;
;0,05113264;0,1186517;2,148182;26,34051;
;0,05113682;0,1186482;2,148182;26,35051;
;0,05113682;0,1186482;2,148182;26,36051;
;0,05114612;0,1185857;2,148182;26,37051;
;0,05115747;0,1185421;2,148182;26,38051;
;0,05115747;0,1185421;2,148182;26,39051;
;0,05118041;0,1184151;2,148182;26,40051;
;0,05120594;0,1183407;2,148182;26,41051;
;0,05120594;0,1183407;2,148182;26,42051;
;0,05124113;0,1181638;2,148182;26,43051;
;0,05124113;0,1181638;2,148182;26,44051;
;0,05129265;0,1179468;2,148182;26,45051;
;0,05140567;0,1175544;2,148182;26,46051;
;0,05140567;0,1175544;2,148182;26,47051;
;0,05145735;0,1172515;2,148182;26,48051;
;0,05154116;0,1168974;2,148182;26,49051;
;0,05168109;0,1165189;2,148182;26,50051;
;0,05161875;0,1165503;2,148182;26,51051;
;0,05142601;0,116996;2,148182;26,52051;
;0,05142601;0,116996;2,148182;26,53051;
;0,05136841;0,1173203;2,148182;26,54051;
;0,05131682;0,117607;2,148182;26,55051;
;0,05128285;0,1177563;2,148182;26,56051;
;0,05128285;0,1177563;2,148182;26,57051;
;0,05123382;0,1180126;2,148182;26,58051;
;0,05119998;0,1181416;2,148182;26,59051;
;0,05119998;0,1181416;2,148182;26,60051;
;0,05115962;0,1183172;2,148182;26,61051;
;0,05114158;0,1184088;2,148182;26,62051;
;0,05112953;0,1184781;2,148182;26,63051;
;0,05112953;0,1184781;2,148182;26,64051;
;0,05112227;0,1185879;2,148182;26,65051;
;0,05112628;0,1186246;2,148182;26,66051;
;0,05112619;0,1186551;2,148182;26,67052;
;0,05112619;0,1186551;2,148182;26,68052;
;0,05112637;0,1186535;2,148182;26,69052;
;0,05112834;0,1186428;2,148182;26,70052;
;0,05113363;0,1186164;2,148182;26,71052;
;0,05113363;0,1186164;2,148182;26,72052;
;0,05115653;0,1185165;2,148182;26,73052;
;0,05118407;0,1184467;2,148182;26,74052;
;0,05121492;0,1183412;2,148182;26,75052;
;0,05121492;0,1183412;2,148182;26,76052;
;0,05127342;0,1180857;2,148182;26,77052;
;0,0513221;0,1179218;2,148182;26,78052;
;0,05134764;0,1177668;2,148182;26,79052;
;0,05134764;0,1177668;2,148182;26,80052;
;0,05138313;0,1175117;2,148182;26,81052;
;0,05144255;0,1172345;2,148182;26,82052;
;0,05151321;0,1169511;2,148182;26,83052;
;0,05141215;0,1169601;2,148182;26,84052;
;0,05141215;0,1169601;2,148182;26,85052;
;0,05137299;0,1172493;2,148182;26,86052;
;0,05132821;0,1175319;2,148182;26,87052;
;0,05127899;0,117785;2,148182;26,88052;
;0,0512345;0,1179952;2,148182;26,89052;
;0,05119862;0,1181697;2,148182;26,90052;
;0,05117134;0,1183124;2,148182;26,91052;
;0,05113686;0,1184864;2,148182;26,92052;
;0,05113686;0,1184864;2,148182;26,93052;
;0,05111957;0,1185668;2,148182;26,94052;
;0,05111957;0,1185668;2,148182;26,95052;
;0,05109527;0,1186254;2,148182;26,96052;
;0,05107227;0,1186569;2,148182;26,97052;
;0,05108521;0,1186553;2,148182;26,98052;
;0,05111333;0,1186258;2,148182;26,99052;
;0,0511614;0,1185172;2,148182;27,00052;
;0,0511614;0,1185172;2,148182;27,01052;
;0,05119234;0,1183972;2,148182;27,02052;
;0,0512309;0,118269;2,148182;27,03052;
;0,05127599;0,1181176;2,148182;27,04052;
;0,0513095;0,1179267;2,148182;27,05052;
;0,05135328;0,1176971;2,148182;27,06052;
;0,05140986;0,1174265;2,148182;27,07052;
;0,05147271;0,1171146;2,148182;27,08052;
;0,05135027;0,1172556;2,148182;27,09052;
;0,05135027;0,1172556;2,148182;27,10052;
;0,05131739;0,1175155;2,148182;27,11053;
;0,05127927;0,1177826;2,148182;27,12053;
;0,05127927;0,1177826;2,148182;27,13053;
;0,05119776;0,1181595;2,148182;27,14053;
;0,05119776;0,1181595;2,148182;27,15053;
;0,05116705;0,1183254;2,148182;27,16053;
;0,05114246;0,1184528;2,148182;27,17053;
;0,05112472;0,1185537;2,148182;27,18053;
;0,05111484;0,1186207;2,148182;27,19053;
;0,05111286;0,1186535;2,148182;27,20053;
;0,05111707;0,1186586;2,148182;27,21053;
;0,05113805;0,1185984;2,148182;27,22053;
;0,05113805;0,1185984;2,148182;27,23053;
;0,05115434;0,1185187;2,148182;27,24053;
;0,05117479;0,1184185;2,148182;27,25053;
;0,0511978;0,1182954;2,148182;27,26053;
;0,05123024;0,1181455;2,148182;27,27053;
;0,05131526;0,1178794;2,148182;27,28053;
;0,05131526;0,1178794;2,148182;27,29053;
;0,0513733;0,1176244;2,148182;27,30053;
;0,05143962;0,1173273;2,148182;27,31053;
;0,05149791;0,1168901;2,148182;27,32053;
;0,05149791;0,1168901;2,148182;27,33053;
;0,05138296;0,1171522;2,148182;27,34053;
;0,05132857;0,1174379;2,148182;27,35053;
;0,05129184;0,1176976;2,148182;27,36053;
;0,051255;0,1179129;2,148182;27,37053;
;0,05121901;0,1180932;2,148182;27,38053;
;0,05116972;0,1183209;2,148182;27,39053;
;0,05116972;0,1183209;2,148182;27,40053;
;0,05114677;0,1184379;2,148182;27,41053;
;0,05114677;0,1184379;2,148182;27,42053;
;0,05111682;0,1185279;2,148182;27,43053;
;0,05111682;0,1185279;2,148182;27,44053;
;0,05107308;0,1186385;2,148182;27,45053;
;0,05107308;0,1186385;2,148182;27,46053;
;0,05110147;0,1186623;2,148182;27,47053;
;0,05112224;0,1186454;2,148182;27,48053;
;0,05113271;0,118599;2,148182;27,49053;
;0,05115959;0,1184845;2,148182;27,50053;
;0,05115959;0,1184845;2,148182;27,51053;
;0,05118352;0,1183792;2,148182;27,52053;
;0,05122063;0,1182328;2,148182;27,53053;
;0,05126639;0,1180548;2,148182;27,54053;
;0,05131949;0,1178286;2,148182;27,55054;
;0,05138007;0,1175646;2,148182;27,56054;
;0,05150923;0,1170851;2,148182;27,57054;
;0,05150923;0,1170851;2,148182;27,58054;
;0,05156704;0,1167362;2,148182;27,59054;
;0,0515182;0,1168973;2,148182;27,60054;
;0,05142791;0,1171696;2,148182;27,61054;
;0,05131642;0,1175977;2,148182;27,62054;
;0,05131642;0,1175977;2,148182;27,63054;
;0,05126726;0,1178621;2,148182;27,64054;
;0,05122074;0,1180833;2,148182;27,65054;
;0,05116072;0,118344;2,148182;27,66054;
;0,05116072;0,118344;2,148182;27,67054;
;0,05114096;0,1184736;2,148182;27,68054;
;0,05114096;0,1184736;2,148182;27,69054;
;0,0511253;0,1185668;2,148182;27,70054;
;0,05111419;0,1186335;2,148182;27,71054;
;0,05111087;0,1186628;2,148182;27,72054;
;0,05111087;0,1186628;2,148182;27,73054;
;0,05111899;0,1186308;2,148182;27,74054;
;0,0511344;0,118566;2,148182;27,75054;
;0,05115811;0,1184599;2,148182;27,76054;
;0,05118957;0,1183373;2,148182;27,77054;
;0,05126609;0,1180805;2,148182;27,78054;
;0,05126609;0,1180805;2,148182;27,79054;
;0,05130443;0,1178487;2,148182;27,80054;
;0,05136333;0,1175653;2,148182;27,81054;
;0,05143524;0,1172507;2,148182;27,82054;
;0,05158063;0,1168542;2,148182;27,83054;
;0,05158063;0,1168542;2,148182;27,84054;
;0,05140914;0,1171338;2,148182;27,85054;
;0,05140914;0,1171338;2,148182;27,86054;
;0,05131314;0,117426;2,148182;27,87054;
;0,05127205;0,1176821;2,148182;27,88054;
;0,05125038;0,1179891;2,148182;27,89054;
;0,05125038;0,1179891;2,148182;27,90054;
;0,05122218;0,1181475;2,148182;27,91054;
;0,05117732;0,1182973;2,148182;27,92054;
;0,05114333;0,1184096;2,148182;27,93054;
;0,0511145;0,1185747;2,148182;27,94054;
;0,0511145;0,1185747;2,148182;27,95054;
;0,05111024;0,1186344;2,148182;27,96054;
;0,05111109;0,1186568;2,148182;27,97054;
;0,05111686;0,118652;2,148182;27,98055;
;0,05112937;0,118609;2,148182;27,99055;
;0,05114244;0,11857;2,148182;28,00055;
;0,05114244;0,11857;2,148182;28,01055;
;0,05116517;0,1184545;2,148182;28,02055;
;0,05116517;0,1184545;2,148182;28,03055;
;0,05120977;0,1182138;2,148182;28,04055;
;0,05120977;0,1182138;2,148182;28,05055;
;0,05124332;0,1180334;2,148182;28,06055;
;0,05130659;0,1178334;2,148182;28,07055;
;0,05137697;0,1175993;2,148182;28,08055;
;0,05149681;0,1171473;2,148182;28,09055;
;0,05149681;0,1171473;2,148182;28,10055;
;0,05148904;0,1168136;2,148182;28,11055;
;0,0514275;0,1170258;2,148182;28,12055;
;0,05135317;0,1172933;2,148182;28,13055;
;0,0512792;0,1176912;2,148182;28,14055;
;0,0512792;0,1176912;2,148182;28,15055;
;0,05124751;0,1179252;2,148182;28,16055;
;0,05124751;0,1179252;2,148182;28,17055;
;0,05121303;0,1181211;2,148182;28,18055;
;0,05116307;0,118351;2,148182;28,19055;
;0,05116307;0,118351;2,148182;28,20055;
;0,05113702;0,1184825;2,148182;28,21055;
;0,05111176;0,1185792;2,148182;28,22055;
;0,05109164;0,1186544;2,148182;28,23055;
;0,05109164;0,1186544;2,148182;28,24055;
;0,05111497;0,1186604;2,148182;28,25055;
;0,05111497;0,1186604;2,148182;28,26055;
;0,05113709;0,1186252;2,148182;28,27055;
;0,05115882;0,1185477;2,148182;28,28055;
;0,05122715;0,1183766;2,148182;28,29055;
;0,05122715;0,1183766;2,148182;28,30055;
;0,05124492;0,118222;2,148182;28,31055;
;0,05124492;0,118222;2,148182;28,32055;
;0,05127151;0,118056;2,148182;28,33055;
;0,05127151;0,118056;2,148182;28,34055;
;0,0513128;0,1178534;2,148182;28,35055;
;0,05135136;0,117738;2,148182;28,36055;
;0,05135136;0,117738;2,148182;28,37055;
;0,05139587;0,1174891;2,148182;28,38055;
;0,05139587;0,1174891;2,148182;28,39055;
;0,05146648;0,1171964;2,148182;28,40055;
;0,05156516;0,1170102;2,148182;28,41055;
;0,05156516;0,1170102;2,148182;28,42056;
;0,05149223;0,1170591;2,148182;28,43056;
;0,05149223;0,1170591;2,148182;28,44056;
;0,05138178;0,1173239;2,148182;28,45056;
;0,05132992;0,117479;2,148182;28,46056;
;0,05132992;0,117479;2,148182;28,47056;
;0,05127974;0,1177728;2,148182;28,48056;
;0,05120624;0,1181288;2,148182;28,49056;
;0,05120624;0,1181288;2,148182;28,50056;
;0,05117359;0,1182987;2,148182;28,51056;
;0,05117359;0,1182987;2,148182;28,52056;
;0,05112183;0,1185081;2,148182;28,53056;
;0,05112183;0,1185081;2,148182;28,54056;
;0,05110596;0,1185913;2,148182;28,55056;
;0,05110596;0,1185913;2,148182;28,56056;
;0,05110091;0,1186478;2,148182;28,57056;
;0,05110389;0,1186643;2,148182;28,58056;
;0,05110389;0,1186643;2,148182;28,59056;
;0,05111697;0,1186477;2,148182;28,60056;
;0,05111697;0,1186477;2,148182;28,61056;
;0,05113073;0,1186006;2,148182;28,62056;
;0,05113997;0,1185629;2,148182;28,63056;
;0,05113997;0,1185629;2,148182;28,64056;
;0,05115896;0,1184488;2,148182;28,65056;
;0,05120008;0,1182865;2,148182;28,66056;
;0,05131731;0,1179892;2,148182;28,67056;
;0,05131731;0,1179892;2,148182;28,68056;
;0,05135612;0,1177505;2,148182;28,69056;
;0,05141286;0,1174558;2,148182;28,70056;
;0,05151655;0,1169602;2,148182;28,71056;
;0,05151655;0,1169602;2,148182;28,72056;
;0,05142969;0,1170546;2,148182;28,73056;
;0,05142969;0,1170546;2,148182;28,74056;
;0,05135864;0,1173283;2,148182;28,75056;
;0,05135864;0,1173283;2,148182;28,76056;
;0,0513165;0,1176081;2,148182;28,77056;
;0,05129126;0,1177566;2,148182;28,78056;
;0,05129126;0,1177566;2,148182;28,79056;
;0,05125439;0,1180027;2,148182;28,80056;
;0,05125439;0,1180027;2,148182;28,81056;
;0,05118138;0,1183165;2,148182;28,82056;
;0,05118138;0,1183165;2,148182;28,83056;
;0,05115264;0,1184586;2,148182;28,84056;
;0,05115264;0,1184586;2,148182;28,85056;
;0,05113076;0,1185557;2,148182;28,86057;
;0,05111895;0,1186021;2,148182;28,87057;
;0,05111895;0,1186021;2,148182;28,88057;
;0,05111383;0,1186513;2,148182;28,89057;
;0,05111383;0,1186513;2,148182;28,90057;
;0,05111849;0,1186558;2,148182;28,91057;
;0,05112679;0,1186449;2,148182;28,92057;
;0,05112679;0,1186449;2,148182;28,93057;
;0,05115126;0,1185853;2,148182;28,94057;
;0,05115126;0,1185853;2,148182;28,95057;
;0,0511913;0,1184848;2,148182;28,96057;
;0,05121519;0,1184207;2,148182;28,97057;
;0,05121519;0,1184207;2,148182;28,98057;
;0,0512259;0,1182871;2,148182;28,99057;
;0,05128312;0,1180252;2,148182;29,00057;
;0,05128312;0,1180252;2,148182;29,01057;
;0,0513254;0,1177983;2,148182;29,02057;
;0,0513254;0,1177983;2,148182;29,03057;
;0,0513952;0,1175041;2,148182;29,04057;
;0,05148341;0,1173187;2,148182;29,05057;
;0,05148341;0,1173187;2,148182;29,06057;
;0,05142556;0,1173559;2,148182;29,07057;
;0,05142556;0,1173559;2,148182;29,08057;
;0,05132855;0,1175798;2,148182;29,09057;
;0,05127805;0,11773;2,148182;29,10057;
;0,05127805;0,11773;2,148182;29,11057;
;0,05120881;0,1181141;2,148182;29,12057;
;0,05120881;0,1181141;2,148182;29,13057;
;0,05117484;0,1183221;2,148182;29,14057;
;0,05115215;0,1184121;2,148182;29,15057;
;0,05115215;0,1184121;2,148182;29,16057;
;0,05113403;0,1185234;2,148182;29,17057;
;0,05113403;0,1185234;2,148182;29,18057;
;0,05111938;0,118608;2,148182;29,19057;
;0,05110829;0,1186603;2,148182;29,20057;
;0,05110829;0,1186603;2,148182;29,21057;
;0,0511126;0,118644;2,148182;29,22057;
;0,0511126;0,118644;2,148182;29,23057;
;0,05112546;0,1185839;2,148182;29,24057;
;0,0511393;0,1185391;2,148182;29,25057;
;0,0511393;0,1185391;2,148182;29,26057;
;0,0511722;0,1184232;2,148182;29,27057;
;0,05120502;0,1183418;2,148182;29,28057;
;0,05120502;0,1183418;2,148182;29,29058;
;0,05125245;0,1181404;2,148182;29,30058;
;0,05138437;0,117753;2,148182;29,31058;
;0,05138437;0,117753;2,148182;29,32058;
;0,05140927;0,1175099;2,148182;29,33058;
;0,05140927;0,1175099;2,148182;29,34058;
;0,05145596;0,1172048;2,148182;29,35058;
;0,05151891;0,1169677;2,148182;29,36058;
;0,05149231;0,1168584;2,148182;29,37058;
;0,05144058;0,1170179;2,148182;29,38058;
;0,05139048;0,1172603;2,148182;29,39058;
;0,0513436;0,1174845;2,148182;29,40058;
;0,05129596;0,1177099;2,148182;29,41058;
;0,05129596;0,1177099;2,148182;29,42058;
;0,05123838;0,1180034;2,148182;29,43058;
;0,05119999;0,1181566;2,148182;29,44058;
;0,05117467;0,1182824;2,148182;29,45058;
;0,05117467;0,1182824;2,148182;29,46058;
;0,05114894;0,1184483;2,148182;29,47058;
;0,05113092;0,118525;2,148182;29,48058;
;0,05113092;0,118525;2,148182;29,49058;
;0,05111541;0,1186109;2,148182;29,50058;
;0,05110672;0,1186403;2,148182;29,51058;
;0,05110672;0,1186403;2,148182;29,52058;
;0,05110249;0,1186613;2,148182;29,53058;
;0,05110272;0,1186563;2,148182;29,54058;
;0,05110272;0,1186563;2,148182;29,55058;
;0,05111788;0,1185992;2,148182;29,56058;
;0,05114322;0,1185561;2,148182;29,57058;
;0,05114322;0,1185561;2,148182;29,58058;
;0,05117833;0,1184257;2,148182;29,59058;
;0,05120752;0,1183406;2,148182;29,60058;
;0,05120752;0,1183406;2,148182;29,61058;
;0,05124567;0,1181348;2,148182;29,62058;
;0,05124567;0,1181348;2,148182;29,63058;
;0,05130497;0,1178946;2,148182;29,64058;
;0,05135704;0,117743;2,148182;29,65058;
;0,05135704;0,117743;2,148182;29,66058;
;0,05140976;0,1174346;2,148182;29,67058;
;0,05146697;0,1172485;2,148182;29,68058;
;0,05146697;0,1172485;2,148182;29,69058;
;0,05156752;0,1168087;2,148182;29,70058;
;0,05156145;0,1166311;2,148182;29,71058;
;0,05156145;0,1166311;2,148182;29,72058;
;0,05144139;0,1169106;2,148182;29,73059;
;0,05137409;0,1170731;2,148182;29,74059;
;0,05137409;0,1170731;2,148182;29,75059;
;0,0513375;0,1173913;2,148182;29,76059;
;0,0513225;0,1175508;2,148182;29,77059;
;0,0513225;0,1175508;2,148182;29,78059;
;0,05128495;0,1178167;2,148182;29,79059;
;0,05125487;0,1179524;2,148182;29,80059;
;0,05125487;0,1179524;2,148182;29,81059;
;0,05121833;0,1181666;2,148182;29,82059;
;0,05119434;0,1182702;2,148182;29,83059;
;0,05119434;0,1182702;2,148182;29,84059;
;0,0511857;0,11844;2,148182;29,85059;
;0,05117496;0,118516;2,148182;29,86059;
;0,05117496;0,118516;2,148182;29,87059;
;0,05114858;0,118598;2,148182;29,88059;
;0,05114858;0,118598;2,148182;29,89059;
;0,05112853;0,1186482;2,148182;29,90059;
;0,05111892;0,1186641;2,148182;29,91059;
;0,05111892;0,1186641;2,148182;29,92059;
;0,05111914;0,118649;2,148182;29,93059;
;0,0511254;0,1186348;2,148182;29,94059;
;0,0511254;0,1186348;2,148182;29,95059;
;0,05114187;0,1185696;2,148182;29,96059;
;0,05116036;0,1185177;2,148182;29,97059;
;0,05116036;0,1185177;2,148182;29,98059;
;0,05119178;0,1183963;2,148182;29,99059;
;0,05119178;0,1183963;2,148182;30,00059;
;0,05124764;0,1182272;2,148182;30,01059;
;0,05129749;0,1181111;2,148182;30,02059;
;0,05129749;0,1181111;2,148182;30,03059;
;0,05132857;0,1178762;2,148182;30,04059;
;0,05135745;0,117743;2,148182;30,05059;
;0,05135745;0,117743;2,148182;30,06059;
;0,05140296;0,1174512;2,148182;30,07059;
;0,0514803;0,1172662;2,148182;30,08059;
;0,0514803;0,1172662;2,148182;30,09059;
;0,051456;0,1172715;2,148182;30,10059;
;0,05139617;0,1174008;2,148182;30,11059;
;0,05139617;0,1174008;2,148182;30,12059;
;0,05131106;0,1177072;2,148182;30,13059;
;0,05126403;0,1178631;2,148182;30,14059;
;0,05126403;0,1178631;2,148182;30,15059;
;0,0512187;0,1180971;2,148182;30,16059;
;0,05119122;0,1182134;2,148182;30,1706;
;0,05116851;0,1183335;2,148182;30,1806;
;0,05116851;0,1183335;2,148182;30,1906;
;0,05114465;0,1184856;2,148182;30,2006;
;0,05114465;0,1184856;2,148182;30,2106;
;0,05112748;0,1185914;2,148182;30,2206;
;0,05112034;0,1186337;2,148182;30,2306;
;0,05112422;0,1186573;2,148182;30,2406;
;0,05112422;0,1186573;2,148182;30,2506;
;0,05113909;0,1186525;2,148182;30,2606;
;0,05114749;0,1186374;2,148182;30,2706;
;0,05114749;0,1186374;2,148182;30,2806;
;0,05115756;0,1185502;2,148182;30,2906;
;0,05117212;0,1184863;2,148182;30,3006;
;0,05117212;0,1184863;2,148182;30,3106;
;0,05120106;0,1183236;2,148182;30,3206;
;0,0512355;0,1182168;2,148182;30,3306;
;0,0512355;0,1182168;2,148182;30,3406;
;0,05128046;0,1179954;2,148182;30,3506;
;0,05132806;0,1178484;2,148182;30,3606;
;0,05132806;0,1178484;2,148182;30,3706;
;0,05138468;0,1175481;2,148182;30,3806;
;0,05144664;0,1173627;2,148182;30,3906;
;0,05144664;0,1173627;2,148182;30,4006;
;0,05137458;0,1171409;2,148182;30,4106;
;0,05135037;0,117218;2,148182;30,4206;
;0,05135037;0,117218;2,148182;30,4306;
;0,05132103;0,1175311;2,148182;30,4406;
;0,051293;0,1177039;2,148182;30,4506;
;0,051293;0,1177039;2,148182;30,4606;
;0,05123867;0,1179827;2,148182;30,4706;
;0,0512087;0,1181184;2,148182;30,4806;
;0,0512087;0,1181184;2,148182;30,4906;
;0,05118915;0,1183201;2,148182;30,5006;
;0,05118101;0,1184127;2,148182;30,5106;
;0,05118101;0,1184127;2,148182;30,5206;
;0,05115965;0,1185357;2,148182;30,5306;
;0,05114028;0,1185898;2,148182;30,5406;
;0,05114028;0,1185898;2,148182;30,5506;
;0,05112758;0,1186426;2,148182;30,5606;
;0,0511212;0,1186596;2,148182;30,5706;
;0,0511212;0,1186596;2,148182;30,5806;
;0,0511222;0,1186475;2,148182;30,5906;
;0,05112867;0,118623;2,148182;30,60061;
;0,05112867;0,118623;2,148182;30,61061;
;0,05114747;0,118537;2,148182;30,62061;
;0,05116978;0,1184707;2,148182;30,63061;
;0,05116978;0,1184707;2,148182;30,64061;
;0,05120391;0,1183067;2,148182;30,65061;
;0,05123928;0,1181999;2,148182;30,66061;
;0,05123928;0,1181999;2,148182;30,67061;
;0,05128733;0,1179454;2,148182;30,68061;
;0,05134032;0,1177843;2,148182;30,69061;
;0,05134032;0,1177843;2,148182;30,70061;
;0,05140211;0,1174504;2,148182;30,71061;
;0,05147425;0,1172538;2,148182;30,72061;
;0,05147425;0,1172538;2,148182;30,73061;
;0,05143574;0,1172085;2,148182;30,74061;
;0,05137008;0,1173249;2,148182;30,75061;
;0,05137008;0,1173249;2,148182;30,76061;
;0,05131208;0,1176271;2,148182;30,77061;
;0,05128749;0,1177798;2,148182;30,78061;
;0,05128749;0,1177798;2,148182;30,79061;
;0,0512521;0,118018;2,148182;30,80061;
;0,05122277;0,1181414;2,148182;30,81061;
;0,05122277;0,1181414;2,148182;30,82061;
;0,05117462;0,118339;2,148182;30,83061;
;0,05114451;0,1184293;2,148182;30,84061;
;0,05114451;0,1184293;2,148182;30,85061;
;0,05112349;0,1185514;2,148182;30,86061;
;0,05111339;0,1186006;2,148182;30,87061;
;0,05111339;0,1186006;2,148182;30,88061;
;0,05110998;0,1186498;2,148182;30,89061;
;0,05111032;0,1186647;2,148182;30,90061;
;0,05111032;0,1186647;2,148182;30,91061;
;0,05112056;0,1186421;2,148182;30,92061;
;0,0511327;0,1186155;2,148182;30,93061;
;0,0511327;0,1186155;2,148182;30,94061;
;0,05115349;0,118529;2,148182;30,95061;
;0,05117477;0,1184645;2,148182;30,96061;
;0,05117477;0,1184645;2,148182;30,97061;
;0,05120477;0,1182919;2,148182;30,98061;
;0,0512376;0,118174;2,148182;30,99061;
;0,0512376;0,118174;2,148182;31,00061;
;0,05127237;0,1179356;2,148182;31,01061;
;0,05130985;0,1177891;2,148182;31,02061;
;0,05130985;0,1177891;2,148182;31,03061;
;0,05138324;0,1174807;2,148182;31,04062;
;0,05138324;0,1174807;2,148182;31,05062;
;0,05144602;0,1171181;2,148182;31,06062;
;0,05145293;0,1171839;2,148182;31,07062;
;0,05139759;0,1173613;2,148182;31,08062;
;0,05139759;0,1173613;2,148182;31,09062;
;0,05131296;0,1176759;2,148182;31,10062;
;0,05131296;0,1176759;2,148182;31,11062;
;0,05124736;0,1179424;2,148182;31,12062;
;0,05121382;0,1180772;2,148182;31,13062;
;0,05121382;0,1180772;2,148182;31,14062;
;0,05118099;0,1182695;2,148182;31,15062;
;0,05115897;0,1183651;2,148182;31,16062;
;0,05115897;0,1183651;2,148182;31,17062;
;0,05113749;0,1184991;2,148182;31,18062;
;0,05114113;0,1185573;2,148182;31,19062;
;0,05114113;0,1185573;2,148182;31,20062;
;0,0511383;0,1186301;2,148182;31,21062;
;0,0511303;0,1186563;2,148182;31,22062;
;0,0511303;0,1186563;2,148182;31,23062;
;0,05112074;0,1186554;2,148182;31,24062;
;0,05111975;0,118641;2,148182;31,25062;
;0,05111975;0,118641;2,148182;31,26062;
;0,05113446;0,1185789;2,148182;31,27062;
;0,05113446;0,1185789;2,148182;31,28062;
;0,05116369;0,1184652;2,148182;31,29062;
;0,05119075;0,1183945;2,148182;31,30062;
;0,05119075;0,1183945;2,148182;31,31062;
;0,05122676;0,1182157;2,148182;31,32062;
;0,05126506;0,1180955;2,148182;31,33062;
;0,05126506;0,1180955;2,148182;31,34062;
;0,05131697;0,1178094;2,148182;31,35062;
;0,05137242;0,1176453;2,148182;31,36062;
;0,05137242;0,1176453;2,148182;31,37062;
;0,05142768;0,1173025;2,148182;31,38062;
;0,05141944;0,1170851;2,148182;31,39062;
;0,0513841;0,1171747;2,148182;31,40062;
;0,0513841;0,1171747;2,148182;31,41062;
;0,05133423;0,117479;2,148182;31,42062;
;0,05133423;0,117479;2,148182;31,43062;
;0,05128188;0,1177697;2,148182;31,44062;
;0,05124709;0,1179193;2,148182;31,45062;
;0,05121858;0,1180505;2,148182;31,46062;
;0,05121858;0,1180505;2,148182;31,47062;
;0,05117988;0,1182662;2,148182;31,48063;
;0,05115491;0,1183662;2,148182;31,49063;
;0,05115491;0,1183662;2,148182;31,50063;
;0,05113215;0,1185036;2,148182;31,51063;
;0,05113215;0,1185036;2,148182;31,52063;
;0,05111583;0,1186027;2,148182;31,53063;
;0,05110835;0,11864;2,148182;31,54063;
;0,05110835;0,11864;2,148182;31,55063;
;0,05111128;0,1186566;2,148182;31,56063;
;0,05111594;0,1186578;2,148182;31,57063;
;0,05111594;0,1186578;2,148182;31,58063;
;0,05112821;0,1186132;2,148182;31,59063;
;0,05114266;0,1185702;2,148182;31,60063;
;0,05114266;0,1185702;2,148182;31,61063;
;0,05116447;0,1184364;2,148182;31,62063;
;0,05118665;0,1183512;2,148182;31,63063;
;0,05118665;0,1183512;2,148182;31,64063;
;0,05121248;0,1181526;2,148182;31,65063;
;0,05125049;0,1180333;2,148182;31,66063;
;0,05125049;0,1180333;2,148182;31,67063;
;0,05131315;0,1177686;2,148182;31,68063;
;0,05137477;0,1175915;2,148182;31,69063;
;0,05137477;0,1175915;2,148182;31,70063;
;0,05143868;0,1172285;2,148182;31,71063;
;0,05148889;0,1170084;2,148182;31,72063;
;0,05148889;0,1170084;2,148182;31,73063;
;0,05142258;0,1172731;2,148182;31,74063;
;0,05137137;0,117432;2,148182;31,75063;
;0,05137137;0,117432;2,148182;31,76063;
;0,05130159;0,117733;2,148182;31,77063;
;0,05126038;0,1178858;2,148182;31,78063;
;0,05126038;0,1178858;2,148182;31,79063;
;0,05121022;0,1181333;2,148182;31,80063;
;0,05117986;0,1182492;2,148182;31,81063;
;0,05117986;0,1182492;2,148182;31,82063;
;0,05115158;0,1184083;2,148182;31,83063;
;0,0511338;0,1184871;2,148182;31,84063;
;0,0511338;0,1184871;2,148182;31,85063;
;0,05111961;0,1185907;2,148182;31,86063;
;0,05111203;0,1186296;2,148182;31,87063;
;0,05111203;0,1186296;2,148182;31,88063;
;0,05111165;0,1186591;2,148182;31,89063;
;0,05111421;0,1186624;2,148182;31,90063;
;0,05111421;0,1186624;2,148182;31,91063;
;0,05112403;0,1186203;2,148182;31,92064;
;0,05113571;0,1185805;2,148182;31,93064;
;0,05113571;0,1185805;2,148182;31,94064;
;0,05115132;0,1184672;2,148182;31,95064;
;0,05117003;0,1183856;2,148182;31,96064;
;0,05117003;0,1183856;2,148182;31,97064;
;0,05120792;0,1182002;2,148182;31,98064;
;0,05125277;0,1180782;2,148182;31,99064;
;0,05125277;0,1180782;2,148182;32,00064;
;0,05132207;0,1178066;2,148182;32,01064;
;0,05138931;0,1176388;2,148182;32,02063;
;0,05138931;0,1176388;2,148182;32,03063;
;0,05144946;0,1172782;2,148182;32,04063;
;0,05156233;0,1170671;2,148182;32,05063;
;0,05156233;0,1170671;2,148182;32,06063;
;0,05147352;0,1171575;2,148182;32,07063;
;0,05137651;0,1172883;2,148182;32,08062;
;0,05137651;0,1172883;2,148182;32,09062;
;0,05129911;0,1175986;2,148182;32,10062;
;0,05126461;0,1177569;2,148182;32,11062;
;0,05126461;0,1177569;2,148182;32,12062;
;0,05121294;0,1180054;2,148182;32,13062;
;0,05118622;0,1181415;2,148182;32,14061;
;0,05118622;0,1181415;2,148182;32,15061;
;0,05116135;0,1183319;2,148182;32,16061;
;0,05114491;0,1184231;2,148182;32,17061;
;0,05114491;0,1184231;2,148182;32,18061;
;0,05112688;0,1185476;2,148182;32,19061;
;0,05111557;0,1185967;2,148182;32,2006;
;0,05111557;0,1185967;2,148182;32,2106;
;0,05111143;0,118647;2,148182;32,2206;
;0,05111143;0,118647;2,148182;32,2306;
;0,05111562;0,1186603;2,148182;32,2406;
;0,05112351;0,1186476;2,148182;32,2506;
;0,05112351;0,1186476;2,148182;32,26059;
;0,0511393;0,1185963;2,148182;32,27059;
;0,05115614;0,1185478;2,148182;32,28059;
;0,05117274;0,1184811;2,148182;32,29059;
;0,05117274;0,1184811;2,148182;32,30059;
;0,05120705;0,11831;2,148182;32,31059;
;0,05124924;0,1182014;2,148182;32,32058;
;0,05124924;0,1182014;2,148182;32,33058;
;0,05131239;0,117949;2,148182;32,34058;
;0,05136469;0,1178018;2,148182;32,35058;
;0,05136469;0,1178018;2,148182;32,36058;
;0,05140647;0,1174948;2,148182;32,37057;
;0,05145413;0,1173012;2,148182;32,38057;
;0,05145413;0,1173012;2,148182;32,39057;
;0,05138085;0,1169612;2,148182;32,40057;
;0,05137382;0,1170406;2,148182;32,41057;
;0,05137382;0,1170406;2,148182;32,42057;
;0,05136405;0,1173737;2,148182;32,43056;
;0,05134234;0,1175503;2,148182;32,44056;
;0,05134234;0,1175503;2,148182;32,45056;
;0,05127971;0,1178344;2,148182;32,46056;
;0,05123573;0,1179792;2,148182;32,47056;
;0,05123573;0,1179792;2,148182;32,48056;
;0,05119235;0,1182043;2,148182;32,49055;
;0,05116719;0,1183151;2,148182;32,50055;
;0,05116719;0,1183151;2,148182;32,51055;
;0,05114399;0,11847;2,148182;32,52055;
;0,05112988;0,1185358;2,148182;32,53055;
;0,05112988;0,1185358;2,148182;32,54055;
;0,05112036;0,1186186;2,148182;32,55054;
;0,05111532;0,1186496;2,148182;32,56054;
;0,05111532;0,1186496;2,148182;32,57054;
;0,05111811;0,1186571;2,148182;32,58054;
;0,05112417;0,1186477;2,148182;32,59054;
;0,05112417;0,1186477;2,148182;32,60054;
;0,051141;0,11859;2,148182;32,61053;
;0,0511643;0,1185386;2,148182;32,62053;
;0,0511643;0,1185386;2,148182;32,63053;
;0,05118903;0,1184088;2,148182;32,64053;
;0,05121363;0,1183235;2,148182;32,65053;
;0,05121363;0,1183235;2,148182;32,66053;
;0,05124952;0,1181146;2,148182;32,67052;
;0,05128954;0,1179891;2,148182;32,68052;
;0,05128954;0,1179891;2,148182;32,69052;
;0,05134035;0,1176983;2,148182;32,70052;
;0,05140042;0,11749;2,148182;32,71052;
;0,05144837;0,1172824;2,148182;32,72052;
;0,05144837;0,1172824;2,148182;32,73051;
;0,05151674;0,116897;2,148182;32,74051;
;0,05140516;0,1168661;2,148182;32,75051;
;0,05140516;0,1168661;2,148182;32,76051;
;0,05134672;0,1171927;2,148182;32,77051;
;0,05132758;0,1173826;2,148182;32,78051;
;0,05132758;0,1173826;2,148182;32,7905;
;0,05127;0,1176767;2,148182;32,8005;
;0,05124653;0,117844;2,148182;32,8105;
;0,05124653;0,117844;2,148182;32,8205;
;0,05121448;0,1180899;2,148182;32,8305;
;0,05118985;0,1182061;2,148182;32,8405;
;0,05118985;0,1182061;2,148182;32,85049;
;0,05115929;0,1183844;2,148182;32,86049;
;0,05113971;0,118467;2,148182;32,87049;
;0,05113971;0,118467;2,148182;32,88049;
;0,05112523;0,1185798;2,148182;32,89049;
;0,05111735;0,1186254;2,148182;32,90049;
;0,05111735;0,1186254;2,148182;32,91048;
;0,05112005;0,1186531;2,148182;32,92048;
;0,05112454;0,1186614;2,148182;32,93048;
;0,05112454;0,1186614;2,148182;32,94048;
;0,05113921;0,1186353;2,148182;32,95048;
;0,05116064;0,1186026;2,148182;32,96048;
;0,05116064;0,1186026;2,148182;32,97047;
;0,05117903;0,1185112;2,148182;32,98047;
;0,0511943;0,1184448;2,148182;32,99047;
;0,0511943;0,1184448;2,148182;33,00047;
;0,05122172;0,1182683;2,148182;33,01047;
;0,05125666;0,1181516;2,148182;33,02047;
;0,05125666;0,1181516;2,148182;33,03046;
;0,05130632;0,1178933;2,148182;33,04046;
;0,05136508;0,117741;2,148182;33,05046;
;0,05136508;0,117741;2,148182;33,06046;
;0,0514192;0,1174293;2,148182;33,07046;
;0,05147521;0,1172229;2,148182;33,08046;
;0,05147521;0,1172229;2,148182;33,09045;
;0,05153497;0,1168328;2,148182;33,10045;
;0,05160975;0,1165973;2,148182;33,11045;
;0,05160975;0,1165973;2,148182;33,12045;
;0,05155063;0,1166985;2,148182;33,13045;
;0,0514752;0,1168468;2,148182;33,14045;
;0,0514752;0,1168468;2,148182;33,15044;
;0,05139541;0,1171962;2,148182;33,16044;
;0,05135437;0,1173834;2,148182;33,17044;
;0,05132085;0,1175536;2,148182;33,18044;
;0,05132085;0,1175536;2,148182;33,19044;
;0,05126632;0,117817;2,148182;33,20044;
;0,05122658;0,1179517;2,148182;33,21043;
;0,05122658;0,1179517;2,148182;33,22043;
;0,05117924;0,1181669;2,148182;33,23043;
;0,05116013;0,1182794;2,148182;33,24043;
;0,05116013;0,1182794;2,148182;33,25043;
;0,05114339;0,1184355;2,148182;33,26043;
;0,05112942;0,118504;2,148182;33,27042;
;0,05112942;0,118504;2,148182;33,28042;
;0,05111222;0,1185975;2,148182;33,29042;
;0,05110195;0,1186327;2,148182;33,30042;
;0,05110195;0,1186327;2,148182;33,31042;
;0,05111123;0,1186607;2,148182;33,32042;
;0,0511242;0,1186586;2,148182;33,33041;
;0,05115576;0,118611;2,148182;33,34041;
;0,05117045;0,118563;2,148182;33,35041;
;0,05117533;0,1185019;2,148182;33,36041;
;0,05117533;0,1185019;2,148182;33,37041;
;0,05119458;0,1183615;2,148182;33,38041;
;0,05122109;0,1182722;2,148182;33,3904;
;0,05122109;0,1182722;2,148182;33,4004;
;0,05125921;0,1180668;2,148182;33,4104;
;0,05125921;0,1180668;2,148182;33,4204;
;0,05131707;0,1178109;2,148182;33,4304;
;0,05137054;0,1176484;2,148182;33,4404;
;0,05137054;0,1176484;2,148182;33,45039;
;0,05142664;0,1173111;2,148182;33,46039;
;0,05148795;0,1171098;2,148182;33,47039;
;0,05148795;0,1171098;2,148182;33,48039;
;0,05155143;0,1166925;2,148182;33,49039;
;0,05138974;0,1165812;2,148182;33,50039;
;0,05139728;0,1167598;2,148182;33,51038;
;0,05139728;0,1167598;2,148182;33,52038;
;0,05139931;0,1171677;2,148182;33,53038;
;0,0513831;0,1173582;2,148182;33,54038;
;0,0513831;0,1173582;2,148182;33,55038;
;0,05132293;0,1176619;2,148182;33,56038;
;0,05127849;0,1178139;2,148182;33,57037;
;0,05127849;0,1178139;2,148182;33,58037;
;0,05123552;0,1180511;2,148182;33,59037;
;0,0512087;0,1181716;2,148182;33,60037;
;0,0512087;0,1181716;2,148182;33,61037;
;0,05117813;0,1183545;2,148182;33,62037;
;0,05115421;0,118445;2,148182;33,63036;
;0,05115421;0,118445;2,148182;33,64036;
;0,05113131;0,1185555;2,148182;33,65036;
;0,0511176;0,1186004;2,148182;33,66036;
;0,0511176;0,1186004;2,148182;33,67036;
;0,05110994;0,1186493;2,148182;33,68036;
;0,05110994;0,1186493;2,148182;33,69035;
;0,05111059;0,1186598;2,148182;33,70035;
;0,051116;0,1186486;2,148182;33,71035;
;0,051116;0,1186486;2,148182;33,72035;
;0,05113139;0,1186003;2,148182;33,73035;
;0,05114778;0,1185581;2,148182;33,74035;
;0,05114778;0,1185581;2,148182;33,75034;
;0,05117599;0,1184302;2,148182;33,76034;
;0,05120552;0,1183457;2,148182;33,77034;
;0,05120552;0,1183457;2,148182;33,78034;
;0,0512412;0,1181555;2,148182;33,79034;
;0,05127646;0,1180388;2,148182;33,80033;
;0,05127646;0,1180388;2,148182;33,81033;
;0,05131409;0,1177643;2,148182;33,82033;
;0,05135873;0,1175972;2,148182;33,83033;
;0,05135873;0,1175972;2,148182;33,84033;
;0,05141326;0,1172583;2,148182;33,85033;
;0,05141326;0,1172583;2,148182;33,86032;
;0,05150183;0,1168657;2,148182;33,87032;
;0,05157808;0,1166412;2,148182;33,88032;
;0,05157808;0,1166412;2,148182;33,89032;
;0,05151162;0,1167185;2,148182;33,90032;
;0,05145484;0,1168909;2,148182;33,91032;
;0,05141815;0,1171197;2,148182;33,92031;
;0,05141815;0,1171197;2,148182;33,93031;
;0,05136102;0,1174823;2,148182;33,94031;
;0,05131991;0,1176601;2,148182;33,95031;
;0,05131991;0,1176601;2,148182;33,96031;
;0,05126104;0,1179212;2,148182;33,97031;
;0,05122257;0,118065;2,148182;33,9803;
;0,05119647;0,118186;2,148182;33,9903;
;0,05119647;0,118186;2,148182;34,0003;
;0,05116589;0,1183624;2,148182;34,0103;
;0,05114559;0,1184477;2,148182;34,0203;
;0,05114559;0,1184477;2,148182;34,0303;
;0,0511305;0,11855;2,148182;34,04029;
;0,05112148;0,118599;2,148182;34,05029;
;0,05112148;0,118599;2,148182;34,06029;
;0,05111595;0,1186502;2,148182;34,07029;
;0,05111441;0,1186618;2,148182;34,08029;
;0,05111441;0,1186618;2,148182;34,09029;
;0,05111991;0,1186452;2,148182;34,10028;
;0,05111991;0,1186452;2,148182;34,11028;
;0,0511326;0,1185862;2,148182;34,12028;
;0,05114712;0,1185392;2,148182;34,13028;
;0,05114712;0,1185392;2,148182;34,14028;
;0,05117436;0,1184264;2,148182;34,15028;
;0,05120582;0,1183461;2,148182;34,16027;
;0,05120582;0,1183461;2,148182;34,17027;
;0,05125133;0,1181751;2,148182;34,18027;
;0,05128853;0,1180659;2,148182;34,19027;
;0,05128853;0,1180659;2,148182;34,20027;
;0,05132853;0,1177915;2,148182;34,21027;
;0,05137608;0,1176142;2,148182;34,22026;
;0,05141587;0,1174016;2,148182;34,23026;
;0,05141587;0,1174016;2,148182;34,24026;
;0,05147821;0,1170032;2,148182;34,25026;
;0,0515529;0,1167675;2,148182;34,26026;
;0,05161931;0,1165132;2,148182;34,27026;
;0,05161931;0,1165132;2,148182;34,28025;
;0,05149814;0,116875;2,148182;34,29025;
;0,05141899;0,1170754;2,148182;34,30025;
;0,05137292;0,1172775;2,148182;34,31025;
;0,05137292;0,1172775;2,148182;34,32025;
;0,05131289;0,1176036;2,148182;34,33025;
;0,05127035;0,1177752;2,148182;34,34024;
;0,05127035;0,1177752;2,148182;34,35024;
;0,05121623;0,1180279;2,148182;34,36024;
;0,05118072;0,1181471;2,148182;34,37024;
;0,05118072;0,1181471;2,148182;34,38024;
;0,05115543;0,1183399;2,148182;34,39024;
;0,05114157;0,1184292;2,148182;34,40023;
;0,05114157;0,1184292;2,148182;34,41023;
;0,05111961;0,1185437;2,148182;34,42023;
;0,0510993;0,1185968;2,148182;34,43023;
;0,05108123;0,1186346;2,148182;34,44023;
;0,05108123;0,1186346;2,148182;34,45023;
;0,05108199;0,1186591;2,148182;34,46022;
;0,05109563;0,1186583;2,148182;34,47022;
;0,05109563;0,1186583;2,148182;34,48022;
;0,05112232;0,1185962;2,148182;34,49022;
;0,05114426;0,1185532;2,148182;34,50022;
;0,05114426;0,1185532;2,148182;34,51022;
;0,05117341;0,1184336;2,148182;34,52021;
;0,05119996;0,1183592;2,148182;34,53021;
;0,05119996;0,1183592;2,148182;34,54021;
;0,05123212;0,1181903;2,148182;34,55021;
;0,05126476;0,1180743;2,148182;34,56021;
;0,05126476;0,1180743;2,148182;34,57021;
;0,05130082;0,1178195;2,148182;34,5802;
;0,05134262;0,1176555;2,148182;34,5902;
;0,05134262;0,1176555;2,148182;34,6002;
;0,05140366;0,1173293;2,148182;34,6102;
;0,05147605;0,117131;2,148182;34,6202;
;0,05147605;0,117131;2,148182;34,6302;
;0,05159041;0,116706;2,148182;34,64019;
;0,0515767;0,1165355;2,148182;34,65019;
;0,05152242;0,116719;2,148182;34,66019;
;0,05152242;0,116719;2,148182;34,67019;
;0,05143518;0,11712;2,148182;34,68019;
;0,05137935;0,1173449;2,148182;34,69019;
;0,05133434;0,1175401;2,148182;34,70018;
;0,05133434;0,1175401;2,148182;34,71018;
;0,05127599;0,1178434;2,148182;34,72018;
;0,05123952;0,117992;2,148182;34,73018;
;0,05123952;0,117992;2,148182;34,74018;
;0,05120473;0,1182098;2,148182;34,75018;
;0,05118511;0,1183176;2,148182;34,76017;
;0,05118395;0,1184094;2,148182;34,77017;
;0,05118395;0,1184094;2,148182;34,78017;
;0,051159;0,1185425;2,148182;34,79017;
;0,05113448;0,1185983;2,148182;34,80017;
;0,05111759;0,1186329;2,148182;34,81017;
;0,05111759;0,1186329;2,148182;34,82016;
;0,05111739;0,1186598;2,148182;34,83016;
;0,05112668;0,1186543;2,148182;34,84016;
;0,05114733;0,118626;2,148182;34,85016;
;0,05114733;0,118626;2,148182;34,86016;
;0,05116726;0,1185447;2,148182;34,87016;
;0,05118576;0,1184791;2,148182;34,88015;
;0,05118576;0,1184791;2,148182;34,89015;
;0,05121075;0,1183176;2,148182;34,90015;
;0,05123893;0,118211;2,148182;34,91015;
;0,05123893;0,118211;2,148182;34,92015;
;0,05127824;0,1179904;2,148182;34,93015;
;0,0513214;0,1178493;2,148182;34,94014;
;0,0513214;0,1178493;2,148182;34,95014;
;0,0513725;0,1175564;2,148182;34,96014;
;0,05143013;0,1173743;2,148182;34,97014;
;0,05143013;0,1173743;2,148182;34,98014;
;0,05149351;0,1170189;2,148182;34,99014;
;0,0515797;0,1167858;2,148182;35,00013;
;0,0515825;0,1165588;2,148182;35,01013;
;0,0515825;0,1165588;2,148182;35,02013;
;0,05149903;0,1168577;2,148182;35,03013;
;0,05143373;0,1170481;2,148182;35,04013;
;0,05143373;0,1170481;2,148182;35,05013;
;0,05136386;0,1173795;2,148182;35,06012;
;0,05132298;0,1175615;2,148182;35,07012;
;0,05132298;0,1175615;2,148182;35,08012;
;0,0512727;0,1178323;2,148182;35,09012;
;0,05123651;0,1179759;2,148182;35,10012;
;0,05123651;0,1179759;2,148182;35,11012;
;0,05119071;0,1181867;2,148182;35,12011;
;0,05119071;0,1181867;2,148182;35,13011;
;0,05114323;0,1183674;2,148182;35,14011;
;0,05112379;0,1184517;2,148182;35,15011;
;0,05112379;0,1184517;2,148182;35,16011;
;0,05110152;0,1185599;2,148182;35,1701;
;0,05108557;0,1186042;2,148182;35,1801;
;0,05108557;0,1186042;2,148182;35,1901;
;0,05110414;0,1186533;2,148182;35,2001;
;0,05111911;0,1186642;2,148182;35,2101;
;0,05112797;0,1186544;2,148182;35,2201;
;0,05112797;0,1186544;2,148182;35,23009;
;0,05114437;0,1185908;2,148182;35,24009;
;0,05117242;0,1185267;2,148182;35,25009;
;0,05119748;0,1184454;2,148182;35,26009;
;0,05121676;0,1183526;2,148182;35,27009;
;0,05123749;0,1182292;2,148182;35,28009;
;0,05126485;0,1180917;2,148182;35,29008;
;0,05126485;0,1180917;2,148182;35,30008;
;0,05131959;0,1177786;2,148182;35,31008;
;0,05138548;0,1175962;2,148182;35,32008;
;0,0514371;0,1173924;2,148182;35,33008;
;0,05149785;0,1171335;2,148182;35,34008;
;0,05157148;0,116842;2,148182;35,35007;
;0,05157148;0,116842;2,148182;35,36007;
;0,05157163;0,1167119;2,148182;35,37007;
;0,05150924;0,1168228;2,148182;35,38007;
;0,05150924;0,1168228;2,148182;35,39007;
;0,05142029;0,1171622;2,148182;35,40007;
;0,05137196;0,1173497;2,148182;35,41006;
;0,05137196;0,1173497;2,148182;35,42006;
;0,05130966;0,1176829;2,148182;35,43006;
;0,05127219;0,117844;2,148182;35,44006;
;0,05127219;0,117844;2,148182;35,45006;
;0,05123139;0,1180842;2,148182;35,46006;
;0,05120889;0,1182029;2,148182;35,47005;
;0,05120889;0,1182029;2,148182;35,48005;
;0,05117781;0,1183783;2,148182;35,49005;
;0,05115423;0,1184637;2,148182;35,50005;
;0,05115423;0,1184637;2,148182;35,51005;
;0,05113038;0,1185648;2,148182;35,52005;
;0,05111551;0,1186155;2,148182;35,53004;
;0,05110912;0,1186469;2,148182;35,54004;
;0,05110912;0,1186469;2,148182;35,55004;
;0,05111189;0,118658;2,148182;35,56004;
;0,051118;0,1186531;2,148182;35,57004;
;0,05112876;0,1186229;2,148182;35,58004;
;0,05112876;0,1186229;2,148182;35,59003;
;0,05115255;0,1185276;2,148182;35,60003;
;0,05117683;0,1184588;2,148182;35,61003;
;0,05117683;0,1184588;2,148182;35,62003;
;0,05120988;0,1182935;2,148182;35,63003;
;0,05124156;0,1181908;2,148182;35,64003;
;0,05124156;0,1181908;2,148182;35,65002;
;0,05126599;0,1179591;2,148182;35,66002;
;0,05130208;0,1178067;2,148182;35,67002;
;0,05130208;0,1178067;2,148182;35,68002;
;0,05137137;0,1174943;2,148182;35,69002;
;0,05144548;0,1172997;2,148182;35,70002;
;0,05149446;0,117105;2,148182;35,71001;
;0,05149446;0,117105;2,148182;35,72001;
;0,05156029;0,116702;2,148182;35,73001;
;0,05148938;0,1164875;2,148182;35,74001;
;0,05148938;0,1164875;2,148182;35,75001;
;0,05146407;0,1168258;2,148182;35,76001;
;0,05144782;0,1170296;2,148182;35,77;
;0,05144782;0,1170296;2,148182;35,78;
;0,05137161;0,1173854;2,148182;35,79;
;0,05132012;0,1175753;2,148182;35,8;
;0,05128293;0,1177517;2,148182;35,81;
;0,05128293;0,1177517;2,148182;35,82;
;0,05124688;0,1180243;2,148182;35,82999;
;0,05121953;0,1181497;2,148182;35,83999;
;0,05121953;0,1181497;2,148182;35,84999;
;0,05117989;0,1183443;2,148182;35,85999;
;0,05115367;0,1184326;2,148182;35,86999;
;0,05115367;0,1184326;2,148182;35,87999;
;0,05113272;0,1185468;2,148182;35,88998;
;0,05112226;0,1185993;2,148182;35,89998;
;0,05112226;0,1185993;2,148182;35,90998;
;0,05113081;0,1186463;2,148182;35,91998;
;0,05113499;0,1186623;2,148182;35,92998;
;0,05113499;0,1186623;2,148182;35,93998;
;0,05113909;0,1186423;2,148182;35,94997;
;0,05114877;0,1186113;2,148182;35,95997;
;0,05114877;0,1186113;2,148182;35,96997;
;0,05116222;0,118527;2,148182;35,97997;
;0,05117886;0,1184625;2,148182;35,98997;
;0,05117886;0,1184625;2,148182;35,99997;
;0,05120837;0,1182975;2,148182;36,00996;
;0,05124225;0,1181939;2,148182;36,01996;
;0,05124225;0,1181939;2,148182;36,02996;
;0,0512867;0,1179685;2,148182;36,03996;
;0,05133519;0,1178278;2,148182;36,04996;
;0,05133519;0,1178278;2,148182;36,05996;
;0,05139963;0,117529;2,148182;36,06995;
;0,05147037;0,1173342;2,148182;36,07995;
;0,05147037;0,1173342;2,148182;36,08995;
;0,05152607;0,116977;2,148182;36,09995;
;0,05158459;0,116753;2,148182;36,10995;
;0,05163961;0,1164946;2,148182;36,11995;
;0,05163961;0,1164946;2,148182;36,12994;
;0,05154327;0,1167468;2,148182;36,13994;
;0,05145447;0,1169348;2,148182;36,14994;
;0,05145447;0,1169348;2,148182;36,15994;
;0,05137136;0,1172893;2,148182;36,16994;
;0,05132842;0,1174867;2,148182;36,17994;
;0,05132842;0,1174867;2,148182;36,18993;
;0,05127436;0,1177809;2,148182;36,19993;
;0,05123787;0,1179233;2,148182;36,20993;
;0,05123787;0,1179233;2,148182;36,21993;
;0,05120327;0,1181465;2,148182;36,22993;
;0,05117866;0,1182598;2,148182;36,23993;
;0,05117866;0,1182598;2,148182;36,24992;
;0,05116103;0,1184151;2,148182;36,25992;
;0,05114563;0,1184933;2,148182;36,26992;
;0,05114563;0,1184933;2,148182;36,27992;
;0,05112513;0,1185872;2,148182;36,28992;
;0,05111225;0,1186267;2,148182;36,29992;
;0,05111225;0,1186267;2,148182;36,30991;
;0,05110861;0,1186602;2,148182;36,31991;
;0,05111082;0,1186613;2,148182;36,32991;
;0,05111082;0,1186613;2,148182;36,33991;
;0,05112356;0,1186202;2,148182;36,34991;
;0,05113803;0,1185859;2,148182;36,35991;
;0,05113803;0,1185859;2,148182;36,3699;
;0,05116335;0,1184786;2,148182;36,3799;
;0,05118737;0,1184103;2,148182;36,3899;
;0,05118737;0,1184103;2,148182;36,3999;
;0,05121867;0,1182452;2,148182;36,4099;
;0,05125243;0,1181326;2,148182;36,4199;
;0,05125243;0,1181326;2,148182;36,42989;
;0,05129652;0,11788;2,148182;36,43989;
;0,05134554;0,1177211;2,148182;36,44989;
;0,05134554;0,1177211;2,148182;36,45989;
;0,05139874;0,1174076;2,148182;36,46989;
;0,05139874;0,1174076;2,148182;36,47989;
;0,05146914;0,1170539;2,148182;36,48988;
;0,05152908;0,1168474;2,148182;36,49988;
;0,05156903;0,1166036;2,148182;36,50988;
;0,05156903;0,1166036;2,148182;36,51988;
;0,05150965;0,1166874;2,148182;36,52988;
;0,05144839;0,1168418;2,148182;36,53988;
;0,05144839;0,1168418;2,148182;36,54987;
;0,05139235;0,1171933;2,148182;36,55987;
;0,05136474;0,1173851;2,148182;36,56987;
;0,05136474;0,1173851;2,148182;36,57987;
;0,05132059;0,1176857;2,148182;36,58987;
;0,05128948;0,1178459;2,148182;36,59986;
;0,05128948;0,1178459;2,148182;36,60986;
;0,05124618;0,1180841;2,148182;36,61986;
;0,05121373;0,1181979;2,148182;36,62986;
;0,05121373;0,1181979;2,148182;36,63986;
;0,05117186;0,1183613;2,148182;36,64986;
;0,05114483;0,1184473;2,148182;36,65985;
;0,05114483;0,1184473;2,148182;36,66985;
;0,05112434;0,1185531;2,148182;36,67985;
;0,05111418;0,1185972;2,148182;36,68985;
;0,05111418;0,1185972;2,148182;36,69985;
;0,0511109;0,1186511;2,148182;36,70985;
;0,05111158;0,1186629;2,148182;36,71984;
;0,05111158;0,1186629;2,148182;36,72984;
;0,05112086;0,1186418;2,148182;36,73984;
;0,05112086;0,1186418;2,148182;36,74984;
;0,05113728;0,1185782;2,148182;36,75984;
;0,05115233;0,1185273;2,148182;36,76984;
;0,05116474;0,1184622;2,148182;36,77983;
;0,05116474;0,1184622;2,148182;36,78983;
;0,05118691;0,1183103;2,148182;36,79983;
;0,05121573;0,1181999;2,148182;36,80983;
;0,05121573;0,1181999;2,148182;36,81983;
;0,05127079;0,1179844;2,148182;36,82983;
;0,05133547;0,1178386;2,148182;36,83982;
;0,05133547;0,1178386;2,148182;36,84982;
;0,05139492;0,1175283;2,148182;36,85982;
;0,05144414;0,1173363;2,148182;36,86982;
;0,05144414;0,1173363;2,148182;36,87982;
;0,05149494;0,11697;2,148182;36,88982;
;0,05156171;0,1167381;2,148182;36,89981;
;0,05156171;0,1167381;2,148182;36,90981;
;0,05161746;0,1164189;2,148182;36,91981;
;0,05159537;0,1164688;2,148182;36,92981;
;0,05159537;0,1164688;2,148182;36,93981;
;0,05150221;0,1167747;2,148182;36,94981;
;0,05144525;0,1169657;2,148182;36,9598;
;0,05144525;0,1169657;2,148182;36,9698;
;0,05137883;0,1173068;2,148182;36,9798;
;0,05133756;0,1175007;2,148182;36,9898;
;0,05129782;0,1177034;2,148182;36,9998;
;0,0512565;0,1179043;2,148182;37,0098;
;0,05121716;0,118075;2,148182;37,01979;
;0,05117903;0,118229;2,148182;37,02979;
;0,05117903;0,118229;2,148182;37,03979;
;0,05112809;0,1184314;2,148182;37,04979;
;0,05109321;0,1185201;2,148182;37,05979;
;0,05109257;0,1185927;2,148182;37,06979;
;0,05110198;0,1186406;2,148182;37,07978;
;0,05110928;0,1186565;2,148182;37,08978;
;0,05111381;0,1186603;2,148182;37,09978;
;0,05112002;0,1186399;2,148182;37,10978;
;0,05112002;0,1186399;2,148182;37,11978;
;0,05113774;0,1185426;2,148182;37,12978;
;0,05115845;0,1184721;2,148182;37,13977;
;0,05117878;0,1183725;2,148182;37,14977;
;0,05117878;0,1183725;2,148182;37,15977;
;0,05122016;0,1181802;2,148182;37,16977;
;0,05126473;0,118057;2,148182;37,17977;
;0,05126473;0,118057;2,148182;37,18977;
;0,05132075;0,1177736;2,148182;37,19976;
;0,05138189;0,1175953;2,148182;37,20976;
;0,05143497;0,117402;2,148182;37,21976;
;0,05143497;0,117402;2,148182;37,22976;
;0,05149882;0,1170184;2,148182;37,23976;
;0,05158578;0,1167783;2,148182;37,24976;
;0,05165962;0,116523;2,148182;37,25975;
;0,05165962;0,116523;2,148182;37,26975;
;0,05155561;0,1168027;2,148182;37,27975;
;0,05145908;0,1169882;2,148182;37,28975;
;0,05145908;0,1169882;2,148182;37,29975;
;0,05138849;0,1173486;2,148182;37,30975;
;0,05135978;0,1175386;2,148182;37,31974;
;0,05135978;0,1175386;2,148182;37,32974;
;0,05128922;0,1178317;2,148182;37,33974;
;0,05124375;0,1179746;2,148182;37,34974;
;0,05124375;0,1179746;2,148182;37,35974;
;0,05119814;0,1181968;2,148182;37,36974;
;0,05117157;0,1183081;2,148182;37,37973;
;0,05115491;0,1183981;2,148182;37,38973;
;0,05115491;0,1183981;2,148182;37,39973;
;0,05113832;0,1185356;2,148182;37,40973;
;0,05112856;0,1185935;2,148182;37,41973;
;0,05112856;0,1185935;2,148182;37,42973;
;0,05114077;0,1186489;2,148182;37,43972;
;0,05114353;0,118664;2,148182;37,44972;
;0,05113776;0,1186588;2,148182;37,45972;
;0,05113776;0,1186588;2,148182;37,46972;
;0,05113281;0,118608;2,148182;37,47972;
;0,05113962;0,1185695;2,148182;37,48972;
;0,05113962;0,1185695;2,148182;37,49971;
;0,05116467;0,1184483;2,148182;37,50971;
;0,05119316;0,118372;2,148182;37,51971;
;0,0512186;0,1182728;2,148182;37,52971;
;0,0512186;0,1182728;2,148182;37,53971;
;0,05126611;0,1180118;2,148182;37,54971;
;0,05132122;0,1178494;2,148182;37,5597;
;0,05136429;0,1176672;2,148182;37,5697;
;0,05136429;0,1176672;2,148182;37,5797;
;0,05141987;0,1172918;2,148182;37,5897;
;0,05148571;0,1170711;2,148182;37,5997;
;0,05153103;0,1168291;2,148182;37,6097;
;0,05153103;0,1168291;2,148182;37,61969;
;0,0515168;0,1165976;2,148182;37,62969;
;0,05145797;0,1166915;2,148182;37,63969;
;0,05145797;0,1166915;2,148182;37,64969;
;0,05139946;0,1170685;2,148182;37,65969;
;0,05137128;0,117279;2,148182;37,66969;
;0,05133909;0,1174685;2,148182;37,67968;
;0,05133909;0,1174685;2,148182;37,68968;
;0,05128213;0,1177626;2,148182;37,69968;
;0,05124258;0,1179075;2,148182;37,70968;
;0,05124258;0,1179075;2,148182;37,71968;
;0,05118957;0,1181346;2,148182;37,72968;
;0,05115351;0,1182473;2,148182;37,73967;
;0,05115351;0,1182473;2,148182;37,74967;
;0,05112483;0,118412;2,148182;37,75967;
;0,05111668;0,1184926;2,148182;37,76967;
;0,05111668;0,1184926;2,148182;37,77967;
;0,05111365;0,1185873;2,148182;37,78967;
;0,05110973;0,1186316;2,148182;37,79966;
;0,05110973;0,1186316;2,148182;37,80966;
;0,05110938;0,1186607;2,148182;37,81966;
;0,05111236;0,118659;2,148182;37,82966;
;0,05111236;0,118659;2,148182;37,83966;
;0,05112306;0,1186162;2,148182;37,84966;
;0,05113464;0,1185692;2,148182;37,85965;
;0,05114517;0,1185069;2,148182;37,86965;
;0,05114517;0,1185069;2,148182;37,87965;
;0,05116605;0,1183767;2,148182;37,88965;
;0,05119138;0,1182772;2,148182;37,89965;
;0,05119138;0,1182772;2,148182;37,90965;
;0,05125454;0,1180424;2,148182;37,91964;
;0,05130897;0,1178975;2,148182;37,92964;
;0,05134232;0,1177447;2,148182;37,93964;
;0,05134232;0,1177447;2,148182;37,94964;
;0,0513873;0,117435;2,148182;37,95964;
;0,05144569;0,1172205;2,148182;37,96964;
;0,0514969;0,116995;2,148182;37,97963;
;0,0514969;0,116995;2,148182;37,98963;
;0,05156321;0,1165725;2,148182;37,99963;
;0,05164684;0,1163268;2,148182;38,00963;
;0,05164684;0,1163268;2,148182;38,01963;
;0,051566;0,1165974;2,148182;38,02962;
;0,05148578;0,116798;2,148182;38,03962;
;0,05148578;0,116798;2,148182;38,04962;
;0,05140528;0,1171491;2,148182;38,05962;
;0,05136407;0,1173397;2,148182;38,06962;
;0,05136407;0,1173397;2,148182;38,07962;
;0,0513067;0,1176646;2,148182;38,08961;
;0,05126713;0,1178383;2,148182;38,09961;
;0,05126713;0,1178383;2,148182;38,10961;
;0,05121871;0,1180854;2,148182;38,11961;
;0,05118518;0,1182127;2,148182;38,12961;
;0,05115902;0,1183187;2,148182;38,13961;
;0,05115902;0,1183187;2,148182;38,1496;
;0,0511196;0,1184717;2,148182;38,1596;
;0,05108925;0,1185402;2,148182;38,1696;
;0,05108226;0,1185922;2,148182;38,1796;
;0,05108226;0,1185922;2,148182;38,1896;
;0,05109903;0,1186493;2,148182;38,1996;
;0,05110952;0,1186607;2,148182;38,20959;
;0,05110952;0,1186607;2,148182;38,21959;
;0,0511237;0,1186389;2,148182;38,22959;
;0,05113947;0,1186071;2,148182;38,23959;
;0,05113947;0,1186071;2,148182;38,24959;
;0,05117315;0,1185122;2,148182;38,25959;
;0,05119997;0,1184437;2,148182;38,26958;
;0,05121912;0,1183593;2,148182;38,27958;
;0,05121912;0,1183593;2,148182;38,28958;
;0,05125483;0,1181554;2,148182;38,29958;
;0,05129455;0,11803;2,148182;38,30958;
;0,05129455;0,11803;2,148182;38,31958;
;0,05134413;0,1177405;2,148182;38,32957;
;0,05139537;0,1175586;2,148182;38,33957;
;0,05143218;0,1173592;2,148182;38,34957;
;0,05143218;0,1173592;2,148182;38,35957;
;0,0514878;0,1169719;2,148182;38,36957;
;0,05156127;0,1167397;2,148182;38,37957;
;0,05156127;0,1167397;2,148182;38,38956;
;0,05174645;0,116287;2,148182;38,39956;
;0,05166858;0,1162744;2,148182;38,40956;
;0,0515481;0,1164489;2,148182;38,41956;
;0,0515481;0,1164489;2,148182;38,42956;
;0,05145032;0,1168545;2,148182;38,43956;
;0,05141031;0,1170804;2,148182;38,44955;
;0,05141031;0,1170804;2,148182;38,45955;
;0,0513506;0,1174278;2,148182;38,46955;
;0,05130934;0,1175985;2,148182;38,47955;
;0,05130934;0,1175985;2,148182;38,48955;
;0,05124562;0,1178731;2,148182;38,49955;
;0,05120105;0,1180143;2,148182;38,50954;
;0,05120105;0,1180143;2,148182;38,51954;
;0,05116103;0,1182254;2,148182;38,52954;
;0,05115063;0,1183329;2,148182;38,53954;
;0,05115063;0,1183329;2,148182;38,54954;
;0,05113645;0,1184782;2,148182;38,55954;
;0,05112233;0,1185529;2,148182;38,56953;
;0,05111088;0,1186048;2,148182;38,57953;
;0,05111088;0,1186048;2,148182;38,58953;
;0,05110845;0,1186475;2,148182;38,59953;
;0,05111115;0,1186615;2,148182;38,60953;
;0,05111115;0,1186615;2,148182;38,61953;
;0,0511298;0,1186401;2,148182;38,62952;
;0,05115649;0,1186077;2,148182;38,63952;
;0,05115649;0,1186077;2,148182;38,64952;
;0,05117934;0,1185198;2,148182;38,65952;
;0,05119352;0,1184523;2,148182;38,66952;
;0,05119352;0,1184523;2,148182;38,67952;
;0,05121195;0,1182816;2,148182;38,68951;
;0,05124218;0,1181641;2,148182;38,69951;
;0,05127348;0,1180371;2,148182;38,70951;
;0,05127348;0,1180371;2,148182;38,71951;
;0,05132258;0,1177781;2,148182;38,72951;
;0,05137702;0,117615;2,148182;38,73951;
;0,05137702;0,117615;2,148182;38,7495;
;0,0514369;0,1172771;2,148182;38,7595;
;0,05150227;0,117069;2,148182;38,7695;
;0,05150227;0,117069;2,148182;38,7795;
;0,05156475;0,1166762;2,148182;38,7895;
;0,05166294;0,1164328;2,148182;38,7995;
;0,05166294;0,1164328;2,148182;38,80949;
;0,05158454;0,1164314;2,148182;38,81949;
;0,05150194;0,1165721;2,148182;38,82949;
;0,05150194;0,1165721;2,148182;38,83949;
;0,0514507;0,116946;2,148182;38,84949;
;0,05142541;0,1171467;2,148182;38,85949;
;0,05142541;0,1171467;2,148182;38,86948;
;0,05136024;0,1174656;2,148182;38,87948;
;0,05131252;0,1176292;2,148182;38,88948;
;0,05127729;0,1177756;2,148182;38,89948;
;0,05127729;0,1177756;2,148182;38,90948;
;0,05123554;0,118004;2,148182;38,91948;
;0,05120842;0,118122;2,148182;38,92947;
;0,05120842;0,118122;2,148182;38,93947;
;0,05117807;0,1182955;2,148182;38,94947;
;0,05115543;0,1183871;2,148182;38,95947;
;0,05115543;0,1183871;2,148182;38,96947;
;0,05112265;0,1185106;2,148182;38,97947;
;0,05109571;0,1185698;2,148182;38,98946;
;0,05109571;0,1185698;2,148182;38,99946;
;0,0510774;0,1186292;2,148182;39,00946;
;0,05108538;0,118656;2,148182;39,01946;
;0,05109985;0,1186656;2,148182;39,02946;
;0,05109985;0,1186656;2,148182;39,03946;
;0,05111981;0,1186305;2,148182;39,04945;
;0,05113508;0,1185983;2,148182;39,05945;
;0,05113508;0,1185983;2,148182;39,06945;
;0,05115744;0,1184894;2,148182;39,07945;
;0,05118091;0,1184061;2,148182;39,08945;
;0,05120029;0,1183172;2,148182;39,09945;
;0,05120029;0,1183172;2,148182;39,10944;
;0,05123037;0,1181156;2,148182;39,11944;
;0,05126637;0,1179923;2,148182;39,12944;
;0,05126637;0,1179923;2,148182;39,13944;
;0,0513244;0,11771;2,148182;39,14944;
;0,05138297;0,1175281;2,148182;39,15944;
;0,05138297;0,1175281;2,148182;39,16943;
;0,05143707;0,1171545;2,148182;39,17943;
;0,05149597;0,1169269;2,148182;39,18943;
;0,05156061;0,116688;2,148182;39,19943;
;0,05156061;0,116688;2,148182;39,20943;
;0,05157794;0,1165242;2,148182;39,21943;
;0,05152687;0,1166398;2,148182;39,22942;
;0,05152687;0,1166398;2,148182;39,23942;
;0,05144488;0,1169868;2,148182;39,24942;
;0,05139803;0,117187;2,148182;39,25942;
;0,05135984;0,1173789;2,148182;39,26942;
;0,05135984;0,1173789;2,148182;39,27942;
;0,05130146;0,1177007;2,148182;39,28941;
;0,05126154;0,1178665;2,148182;39,29941;
;0,05126154;0,1178665;2,148182;39,30941;
;0,05121341;0,1181192;2,148182;39,31941;
;0,05118047;0,1182435;2,148182;39,32941;
;0,0511574;0,1183432;2,148182;39,33941;
;0,0511574;0,1183432;2,148182;39,3494;
;0,05112776;0,1184874;2,148182;39,3594;
;0,05109997;0,1185537;2,148182;39,3694;
;0,05109997;0,1185537;2,148182;39,3794;
;0,05108723;0,1186258;2,148182;39,3894;
;0,05109045;0,1186546;2,148182;39,39939;
;0,05109889;0,1186648;2,148182;39,40939;
;0,05109889;0,1186648;2,148182;39,41939;
;0,05111554;0,1186357;2,148182;39,42939;
;0,05113052;0,1186048;2,148182;39,43939;
;0,05113052;0,1186048;2,148182;39,44939;
;0,05115647;0,1185008;2,148182;39,45938;
;0,05118214;0,1184319;2,148182;39,46938;
;0,05118214;0,1184319;2,148182;39,47938;
;0,0512167;0,1182599;2,148182;39,48938;
;0,05125313;0,1181498;2,148182;39,49938;
;0,05128281;0,1180297;2,148182;39,50938;
;0,05128281;0,1180297;2,148182;39,51937;
;0,05135274;0,1177417;2,148182;39,52937;
;0,05141453;0,1175631;2,148182;39,53937;
;0,05141453;0,1175631;2,148182;39,54937;
;0,05145785;0,1172135;2,148182;39,55937;
;0,05150704;0,1169988;2,148182;39,56937;
;0,05150704;0,1169988;2,148182;39,57936;
;0,0515629;0,1166095;2,148182;39,58936;
;0,05144455;0,116491;2,148182;39,59936;
;0,0514287;0,1167095;2,148182;39,60936;
;0,0514287;0,1167095;2,148182;39,61936;
;0,05140772;0,11709;2,148182;39,62936;
;0,05137832;0,117289;2,148182;39,63935;
;0,05133032;0,1174715;2,148182;39,64935;
;0,05133032;0,1174715;2,148182;39,65935;
;0,05124991;0,1177591;2,148182;39,66935;
;0,05121112;0,117902;2,148182;39,67935;
;0,05121112;0,117902;2,148182;39,68935;
;0,05118782;0,118138;2,148182;39,69934;
;0,05117377;0,1182522;2,148182;39,70934;
;0,05115825;0,1183503;2,148182;39,71934;
;0,05115825;0,1183503;2,148182;39,72934;
;0,05113778;0,1184924;2,148182;39,73934;
;0,05112216;0,118561;2,148182;39,74934;
;0,05112216;0,118561;2,148182;39,75933;
;0,05111114;0,1186359;2,148182;39,76933;
;0,05110543;0,1186577;2,148182;39,77933;
;0,05110392;0,1186604;2,148182;39,78933;
;0,05110392;0,1186604;2,148182;39,79933;
;0,05110117;0,1186322;2,148182;39,80933;
;0,05110263;0,1185974;2,148182;39,81932;
;0,05110263;0,1185974;2,148182;39,82932;
;0,05114321;0,1184907;2,148182;39,83932;
;0,05118154;0,1184149;2,148182;39,84932;
;0,05120805;0,118319;2,148182;39,85932;
;0,05120805;0,118319;2,148182;39,86932;
;0,0512439;0,118109;2,148182;39,87931;
;0,0512846;0,1179669;2,148182;39,88931;
;0,0512846;0,1179669;2,148182;39,89931;
;0,0513389;0,1176883;2,148182;39,90931;
;0,05139644;0,1175125;2,148182;39,91931;
;0,05139644;0,1175125;2,148182;39,92931;
;0,05146188;0,1171491;2,148182;39,9393;
;0,05153706;0,1169285;2,148182;39,9493;
;0,05159644;0,1166927;2,148182;39,9593;
;0,05159644;0,1166927;2,148182;39,9693;
;0,05154023;0,116759;2,148182;39,9793;
;0,05146592;0,1169122;2,148182;39,9893;
;0,05146592;0,1169122;2,148182;39,99929;
;0,05138401;0,117245;2,148182;40,00929;
;0,05134296;0,1174335;2,148182;40,01929;
;0,05131178;0,1176082;2,148182;40,02929;
;0,05131178;0,1176082;2,148182;40,03929;
;0,05126387;0,1178846;2,148182;40,04929;
;0,05123039;0,1180254;2,148182;40,05928;
;0,05123039;0,1180254;2,148182;40,06928;
;0,05119116;0,1182399;2,148182;40,07928;
;0,05116395;0,1183476;2,148182;40,08928;
;0,05116395;0,1183476;2,148182;40,09928;
;0,05113536;0,1184875;2,148182;40,10928;
;0,05111505;0,1185583;2,148182;40,11927;
;0,05110154;0,1186091;2,148182;40,12927;
;0,05110154;0,1186091;2,148182;40,13927;
;0,05108351;0,1186493;2,148182;40,14927;
;0,05108954;0,1186633;2,148182;40,15927;
;0,05110497;0,1186572;2,148182;40,16927;
;0,05110497;0,1186572;2,148182;40,17926;
;0,05113209;0,1185911;2,148182;40,18926;
;0,05115649;0,1185388;2,148182;40,19926;
;0,05117771;0,1184651;2,148182;40,20926;
;0,0512036;0,1183627;2,148182;40,21926;
;0,0512036;0,1183627;2,148182;40,22926;
;0,05125524;0,1181393;2,148182;40,23925;
;0,05132468;0,1179823;2,148182;40,24925;
;0,05136501;0,1178269;2,148182;40,25925;
;0,05136501;0,1178269;2,148182;40,26925;
;0,05139039;0,1175162;2,148182;40,27925;
;0,05143562;0,1173138;2,148182;40,28925;
;0,05143562;0,1173138;2,148182;40,29924;
;0,05149706;0,1169295;2,148182;40,30924;
;0,05156995;0,1166875;2,148182;40,31924;
;0,05146519;0,1165157;2,148182;40,32924;
;0,05146519;0,1165157;2,148182;40,33924;
;0,05139985;0,1168973;2,148182;40,34924;
;0,05138125;0,1171265;2,148182;40,35923;
;0,05134671;0,1173304;2,148182;40,36923;
;0,05134671;0,1173304;2,148182;40,37923;
;0,05128912;0,1176464;2,148182;40,38923;
;0,05125552;0,1178311;2,148182;40,39923;
;0,05123192;0,1179741;2,148182;40,40923;
;0,05123192;0,1179741;2,148182;40,41922;
;0,05119528;0,118195;2,148182;40,42922;
;0,05116578;0,1183139;2,148182;40,43922;
;0,05116578;0,1183139;2,148182;40,44922;
;0,05112737;0,1184787;2,148182;40,45922;
;0,05110043;0,1185512;2,148182;40,46922;
;0,05108426;0,1185999;2,148182;40,47921;
;0,05108426;0,1185999;2,148182;40,48921;
;0,05108885;0,1186507;2,148182;40,49921;
;0,05109987;0,1186649;2,148182;40,50921;
;0,05109987;0,1186649;2,148182;40,51921;
;0,05111805;0,1186372;2,148182;40,52921;
;0,05113166;0,1186118;2,148182;40,5392;
;0,05114353;0,1185692;2,148182;40,5492;
;0,05114353;0,1185692;2,148182;40,5592;
;0,05116601;0,1184402;2,148182;40,5692;
;0,05119035;0,1183458;2,148182;40,5792;
;0,05119035;0,1183458;2,148182;40,5892;
;0,05121738;0,11814;2,148182;40,59919;
;0,05125239;0,1180065;2,148182;40,60919;
;0,0513001;0,117856;2,148182;40,61919;
;0,0513001;0,117856;2,148182;40,62919;
;0,05138231;0,1175391;2,148182;40,63919;
;0,05147718;0,1173439;2,148182;40,64919;
;0,05147718;0,1173439;2,148182;40,65918;
;0,05151876;0,1169421;2,148182;40,66918;
;0,05156763;0,1167108;2,148182;40,67918;
;0,05161225;0,116484;2,148182;40,68918;
;0,05161225;0,116484;2,148182;40,69918;
;0,0516927;0,1160711;2,148182;40,70918;
;0,05157078;0,115849;2,148182;40,71917;
;0,05157078;0,115849;2,148182;40,72917;
;0,05153109;0,1162334;2,148182;40,73917;
;0,05153791;0,116492;2,148182;40,74917;
;0,05150945;0,1167341;2,148182;40,75917;
;0,05150945;0,1167341;2,148182;40,76917;
;0,05143172;0,1171206;2,148182;40,77916;
;0,05137904;0,1173146;2,148182;40,78916;
;0,05137904;0,1173146;2,148182;40,79916;
;0,0513158;0,1176362;2,148182;40,80916;
;0,05127726;0,1178026;2,148182;40,81916;
;0,05124826;0,1179473;2,148182;40,82915;
;0,05124826;0,1179473;2,148182;40,83915;
;0,0512059;0,1181781;2,148182;40,84915;
;0,05117264;0,118298;2,148182;40,85915;
;0,05117264;0,118298;2,148182;40,86915;
;0,0511317;0,1184633;2,148182;40,87915;
;0,05110435;0,1185362;2,148182;40,88914;
;0,0510896;0,1185858;2,148182;40,89914;
;0,0510896;0,1185858;2,148182;40,90914;
;0,05111189;0,1186468;2,148182;40,91914;
;0,05113037;0,1186626;2,148182;40,92914;
;0,05113037;0,1186626;2,148182;40,93914;
;0,051151;0,1186463;2,148182;40,94913;
;0,05115823;0,1186232;2,148182;40,95913;
;0,05115935;0,1185808;2,148182;40,96913;
;0,05115935;0,1185808;2,148182;40,97913;
;0,05117281;0,1184549;2,148182;40,98913;
;0,05119639;0,1183692;2,148182;40,99913;
;0,05119639;0,1183692;2,148182;41,00912;
;0,05123769;0,1181759;2,148182;41,01912;
;0,0512832;0,118052;2,148182;41,02912;
;0,05132408;0,1179057;2,148182;41,03912;
;0,05132408;0,1179057;2,148182;41,04912;
;0,05138758;0,117588;2,148182;41,05912;
;0,05144922;0,1173896;2,148182;41,06911;
;0,0514873;0,1171854;2,148182;41,07911;
;0,0514873;0,1171854;2,148182;41,08911;
;0,05154742;0,1167504;2,148182;41,09911;
;0,05162083;0,1164908;2,148182;41,10911;
;0,05162083;0,1164908;2,148182;41,11911;
;0,05159776;0,1163457;2,148182;41,1291;
;0,05154421;0,1164724;2,148182;41,1391;
;0,05150335;0,1166885;2,148182;41,1491;
;0,05150335;0,1166885;2,148182;41,1591;
;0,05144765;0,1170671;2,148182;41,1691;
;0,05140602;0,1172778;2,148182;41,1791;
;0,05140602;0,1172778;2,148182;41,18909;
;0,05134121;0,1175998;2,148182;41,19909;
;0,05129809;0,1177659;2,148182;41,20909;
;0,05125985;0,1179217;2,148182;41,21909;
;0,05125985;0,1179217;2,148182;41,22909;
;0,05121065;0,1181673;2,148182;41,23909;
;0,05117897;0,1182895;2,148182;41,24908;
;0,05117897;0,1182895;2,148182;41,25908;
;0,05115027;0,11845;2,148182;41,26908;
;0,05113358;0,1185229;2,148182;41,27908;
;0,05112553;0,1185792;2,148182;41,28908;
;0,05112553;0,1185792;2,148182;41,29908;
;0,05112876;0,118641;2,148182;41,30907;
;0,05114212;0,1186568;2,148182;41,31907;
;0,05114212;0,1186568;2,148182;41,32907;
;0,05114541;0,11865;2,148182;41,33907;
;0,05114377;0,118627;2,148182;41,34907;
;0,05114361;0,118582;2,148182;41,35907;
;0,05114361;0,118582;2,148182;41,36906;
;0,051164;0,1184628;2,148182;41,37906;
;0,0511931;0,1183716;2,148182;41,38906;
;0,05122066;0,1182721;2,148182;41,39906;
;0,05122066;0,1182721;2,148182;41,40906;
;0,05126275;0,1180627;2,148182;41,41906;
;0,05130943;0,1179204;2,148182;41,42905;
;0,05130943;0,1179204;2,148182;41,43905;
;0,0513626;0,1176405;2,148182;41,44905;
;0,05141954;0,1174603;2,148182;41,45905;
;0,05141954;0,1174603;2,148182;41,46905;
;0,0514827;0,1170766;2,148182;41,47905;
;0,05157326;0,1168346;2,148182;41,48904;
;0,05157326;0,1168346;2,148182;41,49904;
;0,05171423;0,1163752;2,148182;41,50904;
;0,05164993;0,11641;2,148182;41,51904;
;0,05153507;0,1166077;2,148182;41,52904;
;0,05153507;0,1166077;2,148182;41,53904;
;0,05143604;0,116981;2,148182;41,54903;
;0,05138368;0,1171932;2,148182;41,55903;
;0,05138368;0,1171932;2,148182;41,56903;
;0,05130568;0,1175285;2,148182;41,57903;
;0,05126776;0,1177;2,148182;41,58903;
;0,05125782;0,1178629;2,148182;41,59903;
;0,05125782;0,1178629;2,148182;41,60902;
;0,05124021;0,1181168;2,148182;41,61902;
;0,05121529;0,1182416;2,148182;41,62902;
;0,05118739;0,1183434;2,148182;41,63902;
;0,05118739;0,1183434;2,148182;41,64902;
;0,05115695;0,1184866;2,148182;41,65902;
;0,05113501;0,118557;2,148182;41,66901;
;0,05113501;0,118557;2,148182;41,67901;
;0,05111702;0,1186271;2,148182;41,68901;
;0,05110896;0,1186528;2,148182;41,69901;
;0,05110915;0,1186648;2,148182;41,70901;
;0,05110915;0,1186648;2,148182;41,71901;
;0,05112015;0,1186308;2,148182;41,729;
;0,05113379;0,1185975;2,148182;41,739;
;0,05114883;0,1185478;2,148182;41,749;
;0,05114883;0,1185478;2,148182;41,759;
;0,05117855;0,1184132;2,148182;41,769;
;0,05120903;0,1183235;2,148182;41,779;
;0,05120903;0,1183235;2,148182;41,78899;
;0,05124808;0,1181143;2,148182;41,79899;
;0,05128936;0,1179767;2,148182;41,80899;
;0,05131947;0,117832;2,148182;41,81899;
;0,05131947;0,117832;2,148182;41,82899;
;0,05137928;0,1175169;2,148182;41,83899;
;0,05144083;0,1173198;2,148182;41,84898;
;0,05148568;0,1171075;2,148182;41,85898;
;0,05148568;0,1171075;2,148182;41,86898;
;0,05155214;0,116663;2,148182;41,87898;
;0,05180162;0,1163529;2,148182;41,88898;
;0,05180162;0,1163529;2,148182;41,89898;
;0,05165659;0,1165577;2,148182;41,90897;
;0,0514896;0,1167378;2,148182;41,91897;
;0,05140304;0,1169448;2,148182;41,92897;
;0,05140304;0,1169448;2,148182;41,93897;
;0,05132689;0,1173322;2,148182;41,94897;
;0,05129268;0,1175377;2,148182;41,95897;
;0,05127415;0,1177172;2,148182;41,96896;
;0,05127415;0,1177172;2,148182;41,97896;
;0,05125561;0,1179794;2,148182;41,98896;
;0,05123235;0,1181182;2,148182;41,99896;
;0,05123235;0,1181182;2,148182;42,00896;
;0,05118151;0,1183129;2,148182;42,01896;
;0,05114587;0,1184071;2,148182;42,02895;
;0,05112761;0,1184915;2,148182;42,03895;
;0,05112761;0,1184915;2,148182;42,04895;
;0,05111526;0,1185927;2,148182;42,05895;
;0,05110843;0,1186375;2,148182;42,06895;
;0,05110705;0,1186609;2,148182;42,07895;
;0,05110705;0,1186609;2,148182;42,08894;
;0,05111622;0,1186473;2,148182;42,09894;
;0,05112581;0,1186307;2,148182;42,10894;
;0,05113557;0,1185961;2,148182;42,11894;
;0,05113557;0,1185961;2,148182;42,12894;
;0,05115308;0,1184842;2,148182;42,13894;
;0,05117249;0,1184101;2,148182;42,14893;
;0,05117249;0,1184101;2,148182;42,15893;
;0,05119121;0,1182261;2,148182;42,16893;
;0,05123098;0,118097;2,148182;42,17893;
;0,05127687;0,1179481;2,148182;42,18893;
;0,05127687;0,1179481;2,148182;42,19893;
;0,0513556;0,1176409;2,148182;42,20892;
;0,05142324;0,1174559;2,148182;42,21892;
;0,0514691;0,1172227;2,148182;42,22892;
;0,0514691;0,1172227;2,148182;42,23892;
;0,05153499;0,1168135;2,148182;42,24892;
;0,05162208;0,1165599;2,148182;42,25891;
;0,05147179;0,1164042;2,148182;42,26891;
;0,05147179;0,1164042;2,148182;42,27891;
;0,05143324;0,1168114;2,148182;42,28891;
;0,05144281;0,1170437;2,148182;42,29891;
;0,05141329;0,1172446;2,148182;42,30891;
;0,05141329;0,1172446;2,148182;42,3189;
;0,05133601;0,1175727;2,148182;42,3289;
;0,05128396;0,1177452;2,148182;42,3389;
;0,05124902;0,1178996;2,148182;42,3489;
;0,05124902;0,1178996;2,148182;42,3589;
;0,05120796;0,1181453;2,148182;42,3689;
;0,0511776;0,1182767;2,148182;42,37889;
;0,05115534;0,1183837;2,148182;42,38889;
;0,05115534;0,1183837;2,148182;42,39889;
;0,05113365;0,1185168;2,148182;42,40889;
;0,0511202;0,1185731;2,148182;42,41889;
;0,0511202;0,1185731;2,148182;42,42889;
;0,05110788;0,1186415;2,148182;42,43888;
;0,05110134;0,1186605;2,148182;42,44888;
;0,05110108;0,1186587;2,148182;42,45888;
;0,05110108;0,1186587;2,148182;42,46888;
;0,05109834;0,1186222;2,148182;42,47888;
;0,05109952;0,1185828;2,148182;42,48888;
;0,05112426;0,1185257;2,148182;42,49887;
;0,05112426;0,1185257;2,148182;42,50887;
;0,05117365;0,1183857;2,148182;42,51887;
;0,0512156;0,1182858;2,148182;42,52887;
;0,0512156;0,1182858;2,148182;42,53887;
;0,05126345;0,1180534;2,148182;42,54887;
;0,0513113;0,1178983;2,148182;42,55886;
;0,05135056;0,1177238;2,148182;42,56886;
;0,05135056;0,1177238;2,148182;42,57886;
;0,05139052;0,1173894;2,148182;42,58886;
;0,05144091;0,1171793;2,148182;42,59886;
;0,05149281;0,1169586;2,148182;42,60886;
;0,05149281;0,1169586;2,148182;42,61885;
;0,05163303;0,1164955;2,148182;42,62885;
;0,05167495;0,1163465;2,148182;42,63885;
;0,05160056;0,116504;2,148182;42,64885;
;0,05160056;0,116504;2,148182;42,65885;
;0,05147682;0,1169166;2,148182;42,66885;
;0,05141056;0,1171398;2,148182;42,67884;
;0,05136617;0,1173469;2,148182;42,68884;
;0,05136617;0,1173469;2,148182;42,69884;
;0,05130759;0,1176663;2,148182;42,70884;
;0,05126766;0,1178349;2,148182;42,71884;
;0,05123664;0,1179841;2,148182;42,72884;
;0,05123664;0,1179841;2,148182;42,73883;
;0,05119835;0,1182057;2,148182;42,74883;
;0,05117054;0,1183197;2,148182;42,75883;
;0,05117054;0,1183197;2,148182;42,76883;
;0,05114033;0,1184695;2,148182;42,77883;
;0,05111923;0,1185377;2,148182;42,78883;
;0,05110448;0,1185938;2,148182;42,79882;
;0,05110448;0,1185938;2,148182;42,80882;
;0,05108967;0,1186449;2,148182;42,81882;
;0,05109328;0,118661;2,148182;42,82882;
;0,05110607;0,1186595;2,148182;42,83882;
;0,05110607;0,1186595;2,148182;42,84882;
;0,05112751;0,1186027;2,148182;42,85881;
;0,05114347;0,1185619;2,148182;42,86881;
;0,05114347;0,1185619;2,148182;42,87881;
;0,05114999;0,1184387;2,148182;42,88881;
;0,05115538;0,1183459;2,148182;42,89881;
;0,0511953;0,1182391;2,148182;42,90881;
;0,0511953;0,1182391;2,148182;42,9188;
;0,05126042;0,1179951;2,148182;42,9288;
;0,05131971;0,1178284;2,148182;42,9388;
;0,05136257;0,1176505;2,148182;42,9488;
;0,05136257;0,1176505;2,148182;42,9588;
;0,05141865;0,1173119;2,148182;42,9688;
;0,0514819;0,1171053;2,148182;42,97879;
;0,05152899;0,1168652;2,148182;42,98879;
;0,05152899;0,1168652;2,148182;42,99879;
;0,0515862;0,1164152;2,148182;43,00879;
;0,05148548;0,1163286;2,148182;43,01879;
;0,05149386;0,1165233;2,148182;43,02879;
;0,05149386;0,1165233;2,148182;43,03878;
;0,05149024;0,1169154;2,148182;43,04878;
;0,05145788;0,1171325;2,148182;43,05878;
;0,05139853;0,1173331;2,148182;43,06878;
;0,05139853;0,1173331;2,148182;43,07878;
;0,05132155;0,1176534;2,148182;43,08878;
;0,0512765;0,1178205;2,148182;43,09877;
;0,0512765;0,1178205;2,148182;43,10877;
;0,05122709;0,1180675;2,148182;43,11877;
;0,0511961;0,1182026;2,148182;43,12877;
;0,05117545;0,1183188;2,148182;43,13877;
;0,05117545;0,1183188;2,148182;43,14877;
;0,0511648;0,118479;2,148182;43,15876;
;0,05115018;0,1185532;2,148182;43,16876;
;0,05113414;0,1186052;2,148182;43,17876;
;0,05113414;0,1186052;2,148182;43,18876;
;0,05111783;0,118651;2,148182;43,19876;
;0,05110963;0,1186649;2,148182;43,20876;
;0,05111261;0,118654;2,148182;43,21875;
;0,05112231;0,118628;2,148182;43,22875;
;0,05112231;0,118628;2,148182;43,23875;
;0,0511444;0,1185484;2,148182;43,24875;
;0,05116817;0,1184804;2,148182;43,25875;
;0,05116817;0,1184804;2,148182;43,26875;
;0,05120446;0,1183078;2,148182;43,27874;
;0,05124117;0,1181935;2,148182;43,28874;
;0,05126948;0,1180594;2,148182;43,29874;
;0,05126948;0,1180594;2,148182;43,30874;
;0,05130813;0,1177918;2,148182;43,31874;
;0,05135714;0,1176089;2,148182;43,32874;
;0,0514014;0,117422;2,148182;43,33873;
;0,0514014;0,117422;2,148182;43,34873;
;0,05146815;0,1170315;2,148182;43,35873;
;0,05154362;0,1167945;2,148182;43,36873;
;0,05159915;0,1165501;2,148182;43,37873;
;0,05159915;0,1165501;2,148182;43,38873;
;0,05158323;0,1164836;2,148182;43,39872;
;0,05152292;0,1166275;2,148182;43,40872;
;0,05147244;0,1168251;2,148182;43,41872;
;0,05147244;0,1168251;2,148182;43,42872;
;0,05140164;0,1171985;2,148182;43,43872;
;0,05135699;0,1173989;2,148182;43,44872;
;0,05131695;0,1175945;2,148182;43,45871;
;0,05131695;0,1175945;2,148182;43,46871;
;0,05126168;0,1178906;2,148182;43,47871;
;0,05122349;0,1180461;2,148182;43,48871;
;0,05122349;0,1180461;2,148182;43,49871;
;0,05118119;0,1182592;2,148182;43,50871;
;0,0511532;0,1183605;2,148182;43,5187;
;0,05113181;0,1184538;2,148182;43,5287;
;0,05113181;0,1184538;2,148182;43,5387;
;0,05110765;0,1185673;2,148182;43,5487;
;0,0511005;0,1186137;2,148182;43,5587;
;0,05111161;0,118649;2,148182;43,5687;
;0,05111161;0,118649;2,148182;43,57869;
;0,05111758;0,1186549;2,148182;43,58869;
;0,05112036;0,1186421;2,148182;43,59869;
;0,0511266;0,1186114;2,148182;43,60869;
;0,0511266;0,1186114;2,148182;43,61869;
;0,05115042;0,1185026;2,148182;43,62868;
;0,0511782;0,1184282;2,148182;43,63868;
;0,0512048;0,1183299;2,148182;43,64868;
;0,05123426;0,1182091;2,148182;43,65868;
;0,05123426;0,1182091;2,148182;43,66868;
;0,05128247;0,1179597;2,148182;43,67868;
;0,05133347;0,1177999;2,148182;43,68867;
;0,05137067;0,1176198;2,148182;43,69867;
;0,05137067;0,1176198;2,148182;43,70867;
;0,05142097;0,1172555;2,148182;43,71867;
;0,05148205;0,1170384;2,148182;43,72867;
;0,05148205;0,1170384;2,148182;43,73867;
;0,05156116;0,1166125;2,148182;43,74866;
;0,05166272;0,1163456;2,148182;43,75866;
;0,05170006;0,1160805;2,148182;43,76866;
;0,05170006;0,1160805;2,148182;43,77866;
;0,0515947;0,1164162;2,148182;43,78866;
;0,05151225;0,1166418;2,148182;43,79866;
;0,05145827;0,1168738;2,148182;43,80865;
;0,05145827;0,1168738;2,148182;43,81865;
;0,051392;0,1172463;2,148182;43,82865;
;0,0513476;0,1174523;2,148182;43,83865;
;0,05131003;0,1176296;2,148182;43,84865;
;0,05131003;0,1176296;2,148182;43,85865;
;0,05125187;0,1179093;2,148182;43,86864;
;0,05120379;0,1180575;2,148182;43,87864;
;0,05116356;0,1181873;2,148182;43,88864;
;0,05116356;0,1181873;2,148182;43,89864;
;0,05113758;0,1183727;2,148182;43,90864;
;0,05112851;0,1184638;2,148182;43,91864;
;0,05112325;0,1185335;2,148182;43,92863;
;0,05112325;0,1185335;2,148182;43,93863;
;0,05112061;0,1186228;2,148182;43,94863;
;0,05112085;0,1186533;2,148182;43,95863;
;0,05113731;0,1186589;2,148182;43,96863;
;0,05113731;0,1186589;2,148182;43,97863;
;0,05113928;0,1186392;2,148182;43,98862;
;0,05114088;0,1186058;2,148182;43,99862;
;0,05114762;0,1185573;2,148182;44,00862;
;0,05114762;0,1185573;2,148182;44,01862;
;0,05116988;0,1184291;2,148182;44,02862;
;0,05119897;0,1183328;2,148182;44,03862;
;0,05122718;0,1182257;2,148182;44,04861;
;0,05122718;0,1182257;2,148182;44,05861;
;0,05127317;0,1179844;2,148182;44,06861;
;0,05132503;0,1178221;2,148182;44,07861;
;0,05136739;0,1176415;2,148182;44,08861;
;0,05136739;0,1176415;2,148182;44,09861;
;0,05142099;0,117287;2,148182;44,1086;
;0,05148383;0,1170658;2,148182;44,1186;
;0,05152788;0,1168376;2,148182;44,1286;
;0,05152788;0,1168376;2,148182;44,1386;
;0,05172415;0,1163638;2,148182;44,1486;
;0,05167485;0,1163379;2,148182;44,1586;
;0,05167485;0,1163379;2,148182;44,16859;
;0,05152304;0,1167113;2,148182;44,17859;
;0,05144598;0,1169306;2,148182;44,18859;
;0,05140547;0,1171403;2,148182;44,19859;
;0,05140547;0,1171403;2,148182;44,20859;
;0,0513493;0,1174867;2,148182;44,21859;
;0,05131025;0,117667;2,148182;44,22858;
;0,05127596;0,11783;2,148182;44,23858;
;0,05127596;0,11783;2,148182;44,24858;
;0,05123202;0,1180793;2,148182;44,25858;
;0,05120056;0,1182067;2,148182;44,26858;
;0,05117786;0,1183202;2,148182;44,27858;
;0,05117786;0,1183202;2,148182;44,28857;
;0,05114621;0,1184722;2,148182;44,29857;
;0,05113403;0,1185473;2,148182;44,30857;
;0,05112624;0,1186028;2,148182;44,31857;
;0,05112624;0,1186028;2,148182;44,32857;
;0,05111637;0,1186453;2,148182;44,33857;
;0,05111161;0,1186622;2,148182;44,34856;
;0,05111161;0,1186622;2,148182;44,35856;
;0,05111841;0,1186398;2,148182;44,36856;
;0,05113053;0,1186059;2,148182;44,37856;
;0,05114529;0,1185622;2,148182;44,38856;
;0,05114529;0,1185622;2,148182;44,39856;
;0,05117472;0,1184328;2,148182;44,40855;
;0,05120837;0,1183306;2,148182;44,41855;
;0,05123805;0,118218;2,148182;44,42855;
;0,05126632;0,1180829;2,148182;44,43855;
;0,05126632;0,1180829;2,148182;44,44855;
;0,05130374;0,1178054;2,148182;44,45855;
;0,05134861;0,1176325;2,148182;44,46854;
;0,05134861;0,1176325;2,148182;44,47854;
;0,05141592;0,1172979;2,148182;44,48854;
;0,05149377;0,117079;2,148182;44,49854;
;0,05155447;0,1168425;2,148182;44,50854;
;0,05155447;0,1168425;2,148182;44,51854;
;0,05164099;0,1163939;2,148182;44,52853;
;0,051572;0,1163123;2,148182;44,53853;
;0,05151219;0,1164988;2,148182;44,54853;
;0,05151219;0,1164988;2,148182;44,55853;
;0,05143602;0,11689;2,148182;44,56853;
;0,05139904;0,1171056;2,148182;44,57853;
;0,05138301;0,117327;2,148182;44,58852;
;0,05138301;0,117327;2,148182;44,59852;
;0,05134048;0,1176619;2,148182;44,60852;
;0,05129907;0,1178331;2,148182;44,61852;
;0,05125881;0,1179794;2,148182;44,62852;
;0,05125881;0,1179794;2,148182;44,63852;
;0,05120796;0,1182009;2,148182;44,64851;
;0,05117682;0,118313;2,148182;44,65851;
;0,05115929;0,1184103;2,148182;44,66851;
;0,05115929;0,1184103;2,148182;44,67851;
;0,05113752;0,1185464;2,148182;44,68851;
;0,05112112;0,1186019;2,148182;44,69851;
;0,05111168;0,1186347;2,148182;44,7085;
;0,05111168;0,1186347;2,148182;44,7185;
;0,05111026;0,11866;2,148182;44,7285;
;0,05111409;0,1186526;2,148182;44,7385;
;0,05112277;0,1186291;2,148182;44,7485;
;0,05112277;0,1186291;2,148182;44,7585;
;0,05114507;0,1185444;2,148182;44,76849;
;0,051171;0,1184674;2,148182;44,77849;
;0,05119522;0,1183796;2,148182;44,78849;
;0,05119522;0,1183796;2,148182;44,79849;
;0,05123083;0,1181758;2,148182;44,80849;
;0,05126769;0,1180448;2,148182;44,81849;
;0,05129122;0,1179051;2,148182;44,82848;
;0,05129122;0,1179051;2,148182;44,83848;
;0,05133161;0,1175928;2,148182;44,84848;
;0,05139627;0,1173962;2,148182;44,85848;
;0,05145436;0,1171826;2,148182;44,86848;
;0,05145436;0,1171826;2,148182;44,87848;
;0,05152397;0,116772;2,148182;44,88847;
;0,05160143;0,1165032;2,148182;44,89847;
;0,05148971;0,1162801;2,148182;44,90847;
;0,05148971;0,1162801;2,148182;44,91847;
;0,0514685;0,1166342;2,148182;44,92847;
;0,051473;0,1168573;2,148182;44,93847;
;0,05143548;0,1170968;2,148182;44,94846;
;0,05138418;0,1173075;2,148182;44,95846;
;0,05138418;0,1173075;2,148182;44,96846;
;0,05131541;0,1176349;2,148182;44,97846;
;0,05126981;0,1178186;2,148182;44,98846;
;0,05123552;0,1179846;2,148182;44,99846;
;0,05123552;0,1179846;2,148182;45,00845;
;0,05119151;0,1182179;2,148182;45,01845;
;0,05116027;0,1183287;2,148182;45,02845;
;0,05113662;0,1184263;2,148182;45,03845;
;0,05113662;0,1184263;2,148182;45,04845;
;0,05111005;0,1185502;2,148182;45,05844;
;0,05109787;0,1186022;2,148182;45,06844;
;0,0511005;0,118642;2,148182;45,07844;
;0,0511005;0,118642;2,148182;45,08844;
;0,05110918;0,1186564;2,148182;45,09844;
;0,05110954;0,1186516;2,148182;45,10844;
;0,05110341;0,1186301;2,148182;45,11843;
;0,05110341;0,1186301;2,148182;45,12843;
;0,05111958;0,1185333;2,148182;45,13843;
;0,05115368;0,1184619;2,148182;45,14843;
;0,0511905;0,1183712;2,148182;45,15843;
;0,0511905;0,1183712;2,148182;45,16843;
;0,05124268;0,1181673;2,148182;45,17842;
;0,05129513;0,1180317;2,148182;45,18842;
;0,05134241;0,1178786;2,148182;45,19842;
;0,05138119;0,1177134;2,148182;45,20842;
;0,05138119;0,1177134;2,148182;45,21842;
;0,05142191;0,1173666;2,148182;45,22842;
;0,05147915;0,1171357;2,148182;45,23841;
;0,05152879;0,1168837;2,148182;45,24841;
;0,05152879;0,1168837;2,148182;45,25841;
;0,05161665;0,1164189;2,148182;45,26841;
;0,05161887;0,1161505;2,148182;45,27841;
;0,05157571;0,1163406;2,148182;45,28841;
;0,05157571;0,1163406;2,148182;45,2984;
;0,05147909;0,1167707;2,148182;45,3084;
;0,05141193;0,1170028;2,148182;45,3184;
;0,05134997;0,1172199;2,148182;45,3284;
;0,05131853;0,1174424;2,148182;45,3384;
;0,05129286;0,1176501;2,148182;45,3484;
;0,05129286;0,1176501;2,148182;45,35839;
;0,05124467;0,117958;2,148182;45,36839;
;0,05120857;0,1181139;2,148182;45,37839;
;0,05117797;0,1182624;2,148182;45,38839;
;0,05115405;0,1183852;2,148182;45,39839;
;0,05113697;0,1184735;2,148182;45,40839;
;0,05113697;0,1184735;2,148182;45,41838;
;0,05111882;0,1185819;2,148182;45,42838;
;0,05110528;0,1186295;2,148182;45,43838;
;0,05108406;0,1186536;2,148182;45,44838;
;0,05107891;0,1186602;2,148182;45,45838;
;0,05107891;0,1186602;2,148182;45,46838;
;0,05110637;0,1186372;2,148182;45,47837;
;0,05113302;0,1186011;2,148182;45,48837;
;0,05115378;0,1185551;2,148182;45,49837;
;0,05115378;0,1185551;2,148182;45,50837;
;0,05118014;0,1184229;2,148182;45,51837;
;0,05120827;0,1183242;2,148182;45,52837;
;0,05123594;0,1182071;2,148182;45,53836;
;0,05123594;0,1182071;2,148182;45,54836;
;0,05128397;0,1179518;2,148182;45,55836;
;0,05133967;0,1177958;2,148182;45,56836;
;0,05138692;0,1176208;2,148182;45,57836;
;0,05138692;0,1176208;2,148182;45,58836;
;0,05145675;0,117255;2,148182;45,59835;
;0,05152735;0,1170322;2,148182;45,60835;
;0,05157003;0,1168052;2,148182;45,61835;
;0,05157003;0,1168052;2,148182;45,62835;
;0,05161749;0,1163584;2,148182;45,63835;
;0,05149495;0,1161499;2,148182;45,64835;
;0,05150017;0,1163283;2,148182;45,65834;
;0,05150017;0,1163283;2,148182;45,66834;
;0,05148458;0,1167582;2,148182;45,67834;
;0,05145638;0,1169856;2,148182;45,68834;
;0,05140803;0,1171924;2,148182;45,69834;
;0,05140803;0,1171924;2,148182;45,70834;
;0,05133695;0,1175395;2,148182;45,71833;
;0,05129044;0,117722;2,148182;45,72833;
;0,05125515;0,1178894;2,148182;45,73833;
;0,05122561;0,1180347;2,148182;45,74833;
;0,05122561;0,1180347;2,148182;45,75833;
;0,05118031;0,1182648;2,148182;45,76833;
;0,05113987;0,1183764;2,148182;45,77832;
;0,05109969;0,1184585;2,148182;45,78832;
;0,05109969;0,1184585;2,148182;45,79832;
;0,05109545;0,1185752;2,148182;45,80832;
;0,05110103;0,1186236;2,148182;45,81832;
;0,05110446;0,1186467;2,148182;45,82832;
;0,05110446;0,1186467;2,148182;45,83831;
;0,05111223;0,1186582;2,148182;45,84831;
;0,05112256;0,118642;2,148182;45,85831;
;0,05113802;0,1186048;2,148182;45,86831;
;0,05113802;0,1186048;2,148182;45,87831;
;0,05117637;0,1185003;2,148182;45,88831;
;0,05122818;0,1184182;2,148182;45,8983;
;0,05124152;0,118331;2,148182;45,9083;
;0,05124152;0,118331;2,148182;45,9183;
;0,05125397;0,1181228;2,148182;45,9283;
;0,05128749;0,117978;2,148182;45,9383;
;0,05132638;0,1178242;2,148182;45,9483;
;0,05132638;0,1178242;2,148182;45,95829;
;0,05139473;0,1175052;2,148182;45,96829;
;0,05145938;0,1172989;2,148182;45,97829;
;0,05150323;0,1170714;2,148182;45,98829;
;0,05154487;0,116808;2,148182;45,99829;
;0,05159428;0,1165255;2,148182;46,00829;
;0,05159428;0,1165255;2,148182;46,01828;
;0,05158778;0,1163165;2,148182;46,02828;
;0,05153962;0,1164538;2,148182;46,03828;
;0,05149266;0,1167066;2,148182;46,04828;
;0,05144677;0,1169689;2,148182;46,05828;
;0,05139623;0,1172186;2,148182;46,06828;
;0,05139623;0,1172186;2,148182;46,07827;
;0,05132053;0,1175753;2,148182;46,08827;
;0,05126628;0,1177712;2,148182;46,09827;
;0,05122609;0,1179378;2,148182;46,10827;
;0,05120365;0,1180939;2,148182;46,11827;
;0,05119164;0,1182311;2,148182;46,12827;
;0,05119164;0,1182311;2,148182;46,13826;
;0,05116168;0,1184112;2,148182;46,14826;
;0,05113903;0,1185041;2,148182;46,15826;
;0,05112991;0,1185705;2,148182;46,16826;
;0,05113403;0,1186153;2,148182;46,17826;
;0,05113403;0,1186153;2,148182;46,18826;
;0,05113344;0,1186578;2,148182;46,19825;
;0,05113212;0,1186595;2,148182;46,20825;
;0,05113778;0,1186413;2,148182;46,21825;
;0,05114283;0,1186078;2,148182;46,22825;
;0,05114283;0,1186078;2,148182;46,23825;
;0,05115997;0,1184874;2,148182;46,24825;
;0,05118408;0,1184064;2,148182;46,25824;
;0,05120995;0,1182961;2,148182;46,26824;
;0,05123985;0,118169;2,148182;46,27824;
;0,05127605;0,1180136;2,148182;46,28824;
;0,05131982;0,1178239;2,148182;46,29824;
;0,05131982;0,1178239;2,148182;46,30824;
;0,05138719;0,1174655;2,148182;46,31823;
;0,05145947;0,1172435;2,148182;46,32823;
;0,05150446;0,1170258;2,148182;46,33823;
;0,05150446;0,1170258;2,148182;46,34823;
;0,05154623;0,1165814;2,148182;46,35823;
;0,05161496;0,1163059;2,148182;46,36823;
;0,05161592;0,1161988;2,148182;46,37822;
;0,05156782;0,1163899;2,148182;46,38822;
;0,05156782;0,1163899;2,148182;46,39822;
;0,05149732;0,1168017;2,148182;46,40822;
;0,05145337;0,1170349;2,148182;46,41822;
;0,05142575;0,1172464;2,148182;46,42822;
;0,05142575;0,1172464;2,148182;46,43821;
;0,05134726;0,1175847;2,148182;46,44821;
;0,05129395;0,1177599;2,148182;46,45821;
;0,051261;0,117907;2,148182;46,46821;
;0,051261;0,117907;2,148182;46,47821;
;0,05121941;0,1181563;2,148182;46,4882;
;0,05118835;0,1182829;2,148182;46,4982;
;0,05116381;0,1183943;2,148182;46,5082;
;0,05114646;0,1184812;2,148182;46,5182;
;0,05114646;0,1184812;2,148182;46,5282;
;0,05114118;0,1185778;2,148182;46,5382;
;0,05113846;0,1186242;2,148182;46,54819;
;0,05113189;0,1186533;2,148182;46,55819;
;0,05113189;0,1186533;2,148182;46,56819;
;0,05112582;0,1186564;2,148182;46,57819;
;0,05112619;0,1186458;2,148182;46,58819;
;0,05113596;0,1186153;2,148182;46,59819;
;0,05113596;0,1186153;2,148182;46,60818;
;0,05116946;0,1185132;2,148182;46,61818;
;0,051197;0,1184399;2,148182;46,62818;
;0,05121566;0,1183444;2,148182;46,63818;
;0,05121566;0,1183444;2,148182;46,64818;
;0,05124822;0,1181246;2,148182;46,65818;
;0,05129028;0,1179823;2,148182;46,66817;
;0,05132997;0,1178035;2,148182;46,67817;
;0,0513734;0,1176094;2,148182;46,68817;
;0,0513734;0,1176094;2,148182;46,69817;
;0,05144003;0,1172356;2,148182;46,70817;
;0,05151839;0,1170022;2,148182;46,71817;
;0,05157675;0,1167584;2,148182;46,72816;
;0,05162895;0,1165112;2,148182;46,73816;
;0,05162895;0,1165112;2,148182;46,74816;
;0,05163116;0,1162905;2,148182;46,75816;
;0,05157086;0,1164105;2,148182;46,76816;
;0,05151893;0,1166243;2,148182;46,77816;
;0,05151893;0,1166243;2,148182;46,78815;
;0,05144686;0,1170159;2,148182;46,79815;
;0,05139956;0,1172269;2,148182;46,80815;
;0,05135532;0,1174298;2,148182;46,81815;
;0,05135532;0,1174298;2,148182;46,82815;
;0,05129062;0,1177397;2,148182;46,83815;
;0,05124814;0,1179093;2,148182;46,84814;
;0,05123191;0,1180574;2,148182;46,85814;
;0,05121546;0,1181891;2,148182;46,86814;
;0,05121546;0,1181891;2,148182;46,87814;
;0,05117857;0,118386;2,148182;46,88814;
;0,05114951;0,1184753;2,148182;46,89814;
;0,05113058;0,1185391;2,148182;46,90813;
;0,05113058;0,1185391;2,148182;46,91813;
;0,0511183;0,1186244;2,148182;46,92813;
;0,05111376;0,1186509;2,148182;46,93813;
;0,05111646;0,118662;2,148182;46,94813;
;0,05111646;0,118662;2,148182;46,95813;
;0,0511368;0,1186375;2,148182;46,96812;
;0,05117044;0,1185997;2,148182;46,97812;
;0,05118835;0,1185534;2,148182;46,98812;
;0,05119666;0,1184835;2,148182;46,99812;
;0,05119666;0,1184835;2,148182;47,00812;
;0,05121862;0,1183035;2,148182;47,01812;
;0,0512494;0,1181879;2,148182;47,02811;
;0,05128401;0,1180476;2,148182;47,03811;
;0,05128401;0,1180476;2,148182;47,04811;
;0,05132817;0,1177729;2,148182;47,05811;
;0,05137992;0,1175759;2,148182;47,06811;
;0,0514231;0,1173813;2,148182;47,07811;
;0,05146463;0,1171702;2,148182;47,0881;
;0,05146463;0,1171702;2,148182;47,0981;
;0,05153204;0,1167553;2,148182;47,1081;
;0,051621;0,1164859;2,148182;47,1181;
;0,05184436;0,1161908;2,148182;47,1281;
;0,05172501;0,116286;2,148182;47,1381;
;0,05156454;0,1165001;2,148182;47,14809;
;0,05156454;0,1165001;2,148182;47,15809;
;0,05146035;0,1169287;2,148182;47,16809;
;0,05143202;0,1171771;2,148182;47,17809;
;0,05139823;0,117381;2,148182;47,18809;
;0,05139823;0,117381;2,148182;47,19809;
;0,05132081;0,1176976;2,148182;47,20808;
;0,05126727;0,1178631;2,148182;47,21808;
;0,05123186;0,1180052;2,148182;47,22808;
;0,05120699;0,1181322;2,148182;47,23808;
;0,05120699;0,1181322;2,148182;47,24808;
;0,05117397;0,1183389;2,148182;47,25808;
;0,0511502;0,1184376;2,148182;47,26807;
;0,05113392;0,1185198;2,148182;47,27807;
;0,05113392;0,1185198;2,148182;47,28807;
;0,05111862;0,1186106;2,148182;47,29807;
;0,05110842;0,1186432;2,148182;47,30807;
;0,05110306;0,1186628;2,148182;47,31807;
;0,05110306;0,1186628;2,148182;47,32806;
;0,0510903;0,1186412;2,148182;47,33806;
;0,05111096;0,1186164;2,148182;47,34806;
;0,05114311;0,1185751;2,148182;47,35806;
;0,05117006;0,1185117;2,148182;47,36806;
;0,05117006;0,1185117;2,148182;47,37806;
;0,05120853;0,118357;2,148182;47,38805;
;0,05124077;0,1182488;2,148182;47,39805;
;0,05126415;0,1181231;2,148182;47,40805;
;0,05126415;0,1181231;2,148182;47,41805;
;0,05130337;0,117843;2,148182;47,42805;
;0,05135777;0,1176638;2,148182;47,43805;
;0,05139845;0,1174824;2,148182;47,44804;
;0,05139845;0,1174824;2,148182;47,45804;
;0,05144745;0,1171067;2,148182;47,46804;
;0,05151296;0,1168732;2,148182;47,47804;
;0,05156212;0,1166342;2,148182;47,48804;
;0,05156212;0,1166342;2,148182;47,49804;
;0,05157635;0,1162243;2,148182;47,50803;
;0,05154474;0,1163315;2,148182;47,51803;
;0,05150888;0,1165547;2,148182;47,52803;
;0,05146604;0,1167787;2,148182;47,53803;
;0,05146604;0,1167787;2,148182;47,54803;
;0,05139495;0,117195;2,148182;47,55803;
;0,05135055;0,1174066;2,148182;47,56802;
;0,05131323;0,1175864;2,148182;47,57802;
;0,0512744;0,117764;2,148182;47,58802;
;0,0512744;0,117764;2,148182;47,59802;
;0,05121329;0,1180402;2,148182;47,60802;
;0,05117353;0,1181825;2,148182;47,61802;
;0,05114729;0,1182978;2,148182;47,62801;
;0,05114729;0,1182978;2,148182;47,63801;
;0,05114037;0,1184636;2,148182;47,64801;
;0,05113501;0,1185422;2,148182;47,65801;
;0,05112234;0,1185935;2,148182;47,66801;
;0,0511099;0,1186342;2,148182;47,67801;
;0,0511099;0,1186342;2,148182;47,688;
;0,05110643;0,1186577;2,148182;47,698;
;0,0511114;0,1186506;2,148182;47,708;
;0,05112395;0,1186286;2,148182;47,718;
;0,05113989;0,1185869;2,148182;47,728;
;0,05113989;0,1185869;2,148182;47,738;
;0,05117175;0,1184572;2,148182;47,74799;
;0,05120504;0,1183663;2,148182;47,75799;
;0,05123217;0,1182551;2,148182;47,76799;
;0,05123217;0,1182551;2,148182;47,77799;
;0,05127871;0,1180236;2,148182;47,78799;
;0,05135552;0,1178628;2,148182;47,79799;
;0,05139611;0,1176991;2,148182;47,80798;
;0,05141786;0,1175192;2,148182;47,81798;
;0,05141786;0,1175192;2,148182;47,82798;
;0,0514605;0,1171638;2,148182;47,83798;
;0,05152576;0,1169195;2,148182;47,84798;
;0,05158105;0,1166627;2,148182;47,85798;
;0,05158105;0,1166627;2,148182;47,86797;
;0,05171377;0,1161605;2,148182;47,87797;
;0,05164224;0,1162401;2,148182;47,88797;
;0,05155039;0,11646;2,148182;47,89797;
;0,05149337;0,1166918;2,148182;47,90797;
;0,05149337;0,1166918;2,148182;47,91796;
;0,05142321;0,1170887;2,148182;47,92796;
;0,05137838;0,1173066;2,148182;47,93796;
;0,05133658;0,1175086;2,148182;47,94796;
;0,05129717;0,1176929;2,148182;47,95796;
;0,05129717;0,1176929;2,148182;47,96796;
;0,05123673;0,1179712;2,148182;47,97795;
;0,05119278;0,1181138;2,148182;47,98795;
;0,05116151;0,1182334;2,148182;47,99795;
;0,05116151;0,1182334;2,148182;48,00795;
;0,05113934;0,1184219;2,148182;48,01795;
;0,0511241;0,1185103;2,148182;48,02795;
;0,05111194;0,1185699;2,148182;48,03794;
;0,05110017;0,1186211;2,148182;48,04794;
;0,05110017;0,1186211;2,148182;48,05794;
;0,05108976;0,1186536;2,148182;48,06794;
;0,05109794;0,1186591;2,148182;48,07794;
;0,05111273;0,1186472;2,148182;48,08794;
;0,0511273;0,1186139;2,148182;48,09793;
;0,0511273;0,1186139;2,148182;48,10793;
;0,05114756;0,118517;2,148182;48,11793;
;0,05116738;0,1184401;2,148182;48,12793;
;0,05118686;0,1183423;2,148182;48,13793;
;0,05118686;0,1183423;2,148182;48,14793;
;0,0512356;0,1181174;2,148182;48,15792;
;0,05131765;0,1179649;2,148182;48,16792;
;0,051363;0,1178019;2,148182;48,17792;
;0,05139092;0,1176132;2,148182;48,18792;
;0,05139092;0,1176132;2,148182;48,19792;
;0,05143912;0,1172493;2,148182;48,20792;
;0,05151381;0,1170137;2,148182;48,21791;
;0,0515764;0,1167688;2,148182;48,22791;
;0,0515764;0,1167688;2,148182;48,23791;
;0,05164638;0,1163023;2,148182;48,24791;
;0,0516344;0,1160372;2,148182;48,25791;
;0,05155207;0,1161887;2,148182;48,26791;
;0,05151592;0,1164232;2,148182;48,2779;
;0,05151592;0,1164232;2,148182;48,2879;
;0,0514617;0,1168506;2,148182;48,2979;
;0,05142133;0,1170899;2,148182;48,3079;
;0,0513766;0,117306;2,148182;48,3179;
;0,0513766;0,117306;2,148182;48,3279;
;0,05130705;0,1176428;2,148182;48,33789;
;0,05125278;0,1178458;2,148182;48,34789;
;0,05120901;0,1180142;2,148182;48,35789;
;0,05116479;0,1181497;2,148182;48,36789;
;0,05114578;0,1182674;2,148182;48,37789;
;0,05114578;0,1182674;2,148182;48,38789;
;0,05113425;0,1184392;2,148182;48,39788;
;0,05112417;0,1185185;2,148182;48,40788;
;0,05111522;0,1185832;2,148182;48,41788;
;0,05110982;0,118627;2,148182;48,42788;
;0,05110982;0,118627;2,148182;48,43788;
;0,05111049;0,1186588;2,148182;48,44788;
;0,05111401;0,1186585;2,148182;48,45787;
;0,05112195;0,1186339;2,148182;48,46787;
;0,0511323;0,1185958;2,148182;48,47787;
;0,0511323;0,1185958;2,148182;48,48787;
;0,05115074;0,1184868;2,148182;48,49787;
;0,05117434;0,118399;2,148182;48,50787;
;0,05120006;0,1182988;2,148182;48,51786;
;0,05120006;0,1182988;2,148182;48,52786;
;0,05124289;0,1180728;2,148182;48,53786;
;0,05128854;0,1179271;2,148182;48,54786;
;0,0513288;0,1177662;2,148182;48,55786;
;0,05138133;0,1175818;2,148182;48,56786;
;0,05138133;0,1175818;2,148182;48,57785;
;0,05144175;0,1172233;2,148182;48,58785;
;0,05150749;0,1169809;2,148182;48,59785;
;0,05155874;0,1167142;2,148182;48,60785;
;0,05161385;0,1164421;2,148182;48,61785;
;0,05161385;0,1164421;2,148182;48,62785;
;0,05177937;0,1159392;2,148182;48,63784;
;0,05173329;0,1159903;2,148182;48,64784;
;0,05160003;0,1162128;2,148182;48,65784;
;0,05160003;0,1162128;2,148182;48,66784;
;0,05148062;0,116654;2,148182;48,67784;
;0,05144475;0,1169068;2,148182;48,68784;
;0,05142149;0,1171254;2,148182;48,69783;
;0,05138391;0,117333;2,148182;48,70783;
;0,05138391;0,117333;2,148182;48,71783;
;0,0513147;0,1176515;2,148182;48,72783;
;0,05126662;0,1178294;2,148182;48,73783;
;0,05123254;0,1179844;2,148182;48,74783;
;0,05123254;0,1179844;2,148182;48,75782;
;0,05119337;0,1182087;2,148182;48,76782;
;0,051167;0,1183246;2,148182;48,77782;
;0,05114837;0,1184209;2,148182;48,78782;
;0,05113364;0,1185042;2,148182;48,79782;
;0,05113364;0,1185042;2,148182;48,80782;
;0,05111942;0,1186019;2,148182;48,81781;
;0,05110983;0,1186395;2,148182;48,82781;
;0,05110449;0,1186618;2,148182;48,83781;
;0,0510933;0,1186632;2,148182;48,84781;
;0,0510933;0,1186632;2,148182;48,85781;
;0,05110777;0,1186203;2,148182;48,86781;
;0,05113117;0,1185772;2,148182;48,8778;
;0,05115661;0,1185118;2,148182;48,8878;
;0,05115661;0,1185118;2,148182;48,8978;
;0,05119516;0,1183639;2,148182;48,9078;
;0,05122949;0,1182554;2,148182;48,9178;
;0,05125725;0,1181243;2,148182;48,9278;
;0,05125725;0,1181243;2,148182;48,93779;
;0,05130443;0,1178444;2,148182;48,94779;
;0,05136105;0,1176637;2,148182;48,95779;
;0,05140509;0,1174842;2,148182;48,96779;
;0,05144723;0,1172786;2,148182;48,97779;
;0,05144723;0,1172786;2,148182;48,98779;
;0,05151422;0,1168736;2,148182;48,99778;
;0,05160053;0,116601;2,148182;49,00778;
;0,05166792;0,1163263;2,148182;49,01778;
;0,05160889;0,1160711;2,148182;49,02778;
;0,05160889;0,1160711;2,148182;49,03778;
;0,0515779;0,1164081;2,148182;49,04778;
;0,05154141;0,1166462;2,148182;49,05777;
;0,05149186;0,1168739;2,148182;49,06777;
;0,0514345;0,1170996;2,148182;49,07777;
;0,0514345;0,1170996;2,148182;49,08777;
;0,05135209;0,1174825;2,148182;49,09777;
;0,05130154;0,1176803;2,148182;49,10777;
;0,05126422;0,1178518;2,148182;49,11776;
;0,05123357;0,1180022;2,148182;49,12776;
;0,05123357;0,1180022;2,148182;49,13776;
;0,05119238;0,1182442;2,148182;49,14776;
;0,05116433;0,1183566;2,148182;49,15776;
;0,05114421;0,118454;2,148182;49,16776;
;0,0511296;0,118532;2,148182;49,17775;
;0,05111964;0,1185864;2,148182;49,18775;
;0,05111964;0,1185864;2,148182;49,19775;
;0,0511061;0,1186492;2,148182;49,20775;
;0,05109778;0,1186614;2,148182;49,21775;
;0,05110382;0,1186528;2,148182;49,22775;
;0,05111478;0,1186294;2,148182;49,23774;
;0,05110707;0,1185811;2,148182;49,24774;
;0,05110707;0,1185811;2,148182;49,25774;
;0,05113982;0,1184567;2,148182;49,26774;
;0,05118131;0,1183577;2,148182;49,27774;
;0,0512165;0,1182495;2,148182;49,28773;
;0,05124817;0,1181245;2,148182;49,29773;
;0,05128231;0,1179776;2,148182;49,30773;
;0,05128231;0,1179776;2,148182;49,31773;
;0,05133872;0,1176455;2,148182;49,32773;
;0,05140001;0,1174392;2,148182;49,33773;
;0,05143857;0,1172344;2,148182;49,34772;
;0,05147128;0,1170046;2,148182;49,35772;
;0,05154137;0,1167524;2,148182;49,36772;
;0,05161432;0,1164923;2,148182;49,37772;
;0,05161432;0,1164923;2,148182;49,38772;
;0,05168337;0,1159393;2,148182;49,39772;
;0,05157654;0,1157595;2,148182;49,40771;
;0,05158362;0,1159557;2,148182;49,41771;
;0,0515916;0,1162018;2,148182;49,42771;
;0,05155595;0,1164914;2,148182;49,43771;
;0,05155595;0,1164914;2,148182;49,44771;
;0,05147996;0,1169317;2,148182;49,45771;
;0,05142502;0,1171802;2,148182;49,4677;
;0,05139243;0,117395;2,148182;49,4777;
;0,05133942;0,1175941;2,148182;49,4877;
;0,05133942;0,1175941;2,148182;49,4977;
;0,05127731;0,1178965;2,148182;49,5077;
;0,05123595;0,1180558;2,148182;49,5177;
;0,05120441;0,1181896;2,148182;49,52769;
;0,0511795;0,1182989;2,148182;49,53769;
;0,05115924;0,1184069;2,148182;49,54769;
;0,05115924;0,1184069;2,148182;49,55769;
;0,05115137;0,1185402;2,148182;49,56769;
;0,05113976;0,1186066;2,148182;49,57769;
;0,05112796;0,1186451;2,148182;49,58768;
;0,0511214;0,1186577;2,148182;49,59768;
;0,05112214;0,1186569;2,148182;49,60768;
;0,05113551;0,1186238;2,148182;49,61768;
;0,05116402;0,1185706;2,148182;49,62768;
;0,05118325;0,118508;2,148182;49,63768;
;0,05118325;0,118508;2,148182;49,64767;
;0,05120608;0,1183438;2,148182;49,65767;
;0,05123574;0,118229;2,148182;49,66767;
;0,05126983;0,1180954;2,148182;49,67767;
;0,05131498;0,1179439;2,148182;49,68767;
;0,05135276;0,1177791;2,148182;49,69767;
;0,05135276;0,1177791;2,148182;49,70766;
;0,05140127;0,1174408;2,148182;49,71766;
;0,0514603;0,11723;2,148182;49,72766;
;0,05150735;0,1169986;2,148182;49,73766;
;0,05150735;0,1169986;2,148182;49,74766;
;0,05157667;0,1165345;2,148182;49,75766;
;0,05167804;0,1162446;2,148182;49,76765;
;0,05165818;0,1159665;2,148182;49,77765;
;0,05161317;0,1161454;2,148182;49,78765;
;0,05161317;0,1161454;2,148182;49,79765;
;0,05152658;0,1165713;2,148182;49,80765;
;0,05146259;0,1168128;2,148182;49,81765;
;0,05139816;0,1170541;2,148182;49,82764;
;0,05134487;0,1172799;2,148182;49,83764;
;0,05134487;0,1172799;2,148182;49,84764;
;0,05130604;0,117622;2,148182;49,85764;
;0,05127405;0,1178545;2,148182;49,86764;
;0,05123504;0,1180337;2,148182;49,87764;
;0,05119648;0,1181872;2,148182;49,88763;
;0,05116668;0,1183252;2,148182;49,89763;
;0,0511457;0,1184368;2,148182;49,90763;
;0,05112731;0,1185375;2,148182;49,91763;
;0,05112731;0,1185375;2,148182;49,92763;
;0,05114249;0,118627;2,148182;49,93763;
;0,05114818;0,1186572;2,148182;49,94762;
;0,05114213;0,1186638;2,148182;49,95762;
;0,05113256;0,1186477;2,148182;49,96762;
;0,05113256;0,1186477;2,148182;49,97762;
;0,05113839;0,1185716;2,148182;49,98762;
;0,05115793;0,1185039;2,148182;49,99762;
;0,05118307;0,1184197;2,148182;50,00761;
;0,05121151;0,1183262;2,148182;50,01761;
;0,05121151;0,1183262;2,148182;50,02761;
;0,05127595;0,1180947;2,148182;50,03761;
;0,05133097;0,1179465;2,148182;50,04761;
;0,05136041;0,1177807;2,148182;50,05761;
;0,05138397;0,1175982;2,148182;50,0676;
;0,05138397;0,1175982;2,148182;50,0776;
;0,05143196;0,1172426;2,148182;50,0876;
;0,0515019;0,1169935;2,148182;50,0976;
;0,05156009;0,1167388;2,148182;50,1076;
;0,05156009;0,1167388;2,148182;50,1176;
;0,05163863;0,116274;2,148182;50,12759;
;0,05173854;0,1159708;2,148182;50,13759;
;0,0516861;0,1161057;2,148182;50,14759;
;0,05158828;0,1163479;2,148182;50,15759;
;0,05151104;0,1165981;2,148182;50,16759;
;0,05151104;0,1165981;2,148182;50,17759;
;0,05139883;0,1170159;2,148182;50,18758;
;0,05134142;0,1172466;2,148182;50,19758;
;0,05132012;0,1174579;2,148182;50,20758;
;0,05129673;0,1176677;2,148182;50,21758;
;0,05126594;0,1178489;2,148182;50,22758;
;0,05126594;0,1178489;2,148182;50,23758;
;0,05121689;0,1181175;2,148182;50,24757;
;0,05118175;0,1182548;2,148182;50,25757;
;0,05115995;0,1183636;2,148182;50,26757;
;0,05114774;0,1184438;2,148182;50,27757;
;0,051127;0,1185183;2,148182;50,28757;
;0,051127;0,1185183;2,148182;50,29757;
;0,05112099;0,1186064;2,148182;50,30756;
;0,05113165;0,1186461;2,148182;50,31756;
;0,05113311;0,1186639;2,148182;50,32756;
;0,05112895;0,1186587;2,148182;50,33756;
;0,05112895;0,1186587;2,148182;50,34756;
;0,0511302;0,1186155;2,148182;50,35756;
;0,05114229;0,1185682;2,148182;50,36755;
;0,0511624;0,1184995;2,148182;50,37755;
;0,05118795;0,1184222;2,148182;50,38755;
;0,05118795;0,1184222;2,148182;50,39755;
;0,05124714;0,1182311;2,148182;50,40755;
;0,05129774;0,1181023;2,148182;50,41755;
;0,05132305;0,1179564;2,148182;50,42754;
;0,05132305;0,1179564;2,148182;50,43754;
;0,05135636;0,1176544;2,148182;50,44754;
;0,05141236;0,1174589;2,148182;50,45754;
;0,051472;0,1172391;2,148182;50,46754;
;0,05152126;0,1170123;2,148182;50,47754;
;0,05152126;0,1170123;2,148182;50,48753;
;0,05158518;0,1165704;2,148182;50,49753;
;0,05168143;0,1162899;2,148182;50,50753;
;0,05167718;0,1160034;2,148182;50,51753;
;0,05163043;0,1161626;2,148182;50,52753;
;0,05163043;0,1161626;2,148182;50,53753;
;0,05153012;0,1166069;2,148182;50,54752;
;0,05147051;0,1168515;2,148182;50,55752;
;0,05141996;0,1170983;2,148182;50,56752;
;0,05137821;0,1173117;2,148182;50,57752;
;0,05133875;0,1175099;2,148182;50,58752;
;0,05133875;0,1175099;2,148182;50,59752;
;0,0512739;0,1178267;2,148182;50,60751;
;0,05122247;0,1179983;2,148182;50,61751;
;0,05118025;0,1181411;2,148182;50,62751;
;0,0511391;0,1182648;2,148182;50,63751;
;0,0511391;0,1182648;2,148182;50,64751;
;0,05112622;0,1184423;2,148182;50,65751;
;0,05112349;0,1185263;2,148182;50,6675;
;0,05111637;0,1185829;2,148182;50,6775;
;0,0511089;0,1186295;2,148182;50,6875;
;0,0511089;0,1186295;2,148182;50,6975;
;0,05110689;0,1186555;2,148182;50,7075;
;0,05110994;0,1186567;2,148182;50,71749;
;0,05111809;0,1186412;2,148182;50,72749;
;0,05113087;0,1186042;2,148182;50,73749;
;0,05113087;0,1186042;2,148182;50,74749;
;0,05115634;0,1184964;2,148182;50,75749;
;0,0511831;0,118413;2,148182;50,76749;
;0,05120802;0,118307;2,148182;50,77748;
;0,05122761;0,1181795;2,148182;50,78748;
;0,05122761;0,1181795;2,148182;50,79748;
;0,0512603;0,1179065;2,148182;50,80748;
;0,0513183;0,1177365;2,148182;50,81748;
;0,0513734;0,1175495;2,148182;50,82748;
;0,05142148;0,1173531;2,148182;50,83747;
;0,05142148;0,1173531;2,148182;50,84747;
;0,05147907;0,1169592;2,148182;50,85747;
;0,05154574;0,1167007;2,148182;50,86747;
;0,05159184;0,1164335;2,148182;50,87747;
;0,05165483;0,1161243;2,148182;50,88747;
;0,05166538;0,1159584;2,148182;50,89746;
;0,05166538;0,1159584;2,148182;50,90746;
;0,05156901;0,1163515;2,148182;50,91746;
;0,05148309;0,1166134;2,148182;50,92746;
;0,05142338;0,1168641;2,148182;50,93746;
;0,05139655;0,1170934;2,148182;50,94746;
;0,05139655;0,1170934;2,148182;50,95745;
;0,05134457;0,1174612;2,148182;50,96745;
;0,05130446;0,1176573;2,148182;50,97745;
;0,05127009;0,1178206;2,148182;50,98745;
;0,05123794;0,1179772;2,148182;50,99745;
;0,05123794;0,1179772;2,148182;51,00745;
;0,05119185;0,1182049;2,148182;51,01744;
;0,05115499;0,1183268;2,148182;51,02744;
;0,05112549;0,1184269;2,148182;51,03744;
;0,0510927;0,118504;2,148182;51,04744;
;0,0510927;0,118504;2,148182;51,05744;
;0,05109108;0,1186037;2,148182;51,06744;
;0,05109829;0,1186425;2,148182;51,07743;
;0,05110413;0,1186581;2,148182;51,08743;
;0,0511094;0,1186618;2,148182;51,09743;
;0,0511094;0,1186618;2,148182;51,10743;
;0,05112619;0,1186095;2,148182;51,11743;
;0,0511425;0,1185693;2,148182;51,12743;
;0,05115751;0,1185066;2,148182;51,13742;
;0,05117417;0,1184202;2,148182;51,14742;
;0,05117417;0,1184202;2,148182;51,15742;
;0,05118947;0,1182328;2,148182;51,16742;
;0,05122173;0,1180964;2,148182;51,17742;
;0,05128122;0,1179442;2,148182;51,18742;
;0,05133725;0,1177798;2,148182;51,19741;
;0,05139026;0,1175828;2,148182;51,20741;
;0,05139026;0,1175828;2,148182;51,21741;
;0,05145413;0,1172136;2,148182;51,22741;
;0,05152101;0,116969;2,148182;51,23741;
;0,05156854;0,1167071;2,148182;51,24741;
;0,0516146;0,1164276;2,148182;51,2574;
;0,0516146;0,1164276;2,148182;51,2674;
;0,05154997;0,1160058;2,148182;51,2774;
;0,0515602;0,1161198;2,148182;51,2874;
;0,051573;0,1163672;2,148182;51,2974;
;0,05154205;0,1166138;2,148182;51,3074;
;0,05154205;0,1166138;2,148182;51,31739;
;0,05145569;0,1170287;2,148182;51,32739;
;0,05139624;0,117257;2,148182;51,33739;
;0,05135722;0,1174609;2,148182;51,34739;
;0,05134131;0,1176454;2,148182;51,35739;
;0,0513061;0,1178203;2,148182;51,36739;
;0,0513061;0,1178203;2,148182;51,37738;
;0,05123254;0,1180957;2,148182;51,38738;
;0,05118514;0,1182402;2,148182;51,39738;
;0,05115953;0,1183544;2,148182;51,40738;
;0,05114476;0,118444;2,148182;51,41738;
;0,05114476;0,118444;2,148182;51,42738;
;0,05112999;0,1185694;2,148182;51,43737;
;0,05112087;0,1186197;2,148182;51,44737;
;0,05111945;0,1186484;2,148182;51,45737;
;0,0511228;0,1186644;2,148182;51,46737;
;0,05113059;0,1186595;2,148182;51,47737;
;0,05113059;0,1186595;2,148182;51,48737;
;0,05115607;0,1186054;2,148182;51,49736;
;0,05116934;0,1185491;2,148182;51,50736;
;0,05117697;0,1184774;2,148182;51,51736;
;0,05118793;0,1183974;2,148182;51,52736;
;0,05120818;0,1182947;2,148182;51,53736;
;0,05120818;0,1182947;2,148182;51,54736;
;0,05125275;0,1180695;2,148182;51,55735;
;0,05130459;0,1179094;2,148182;51,56735;
;0,05134898;0,1177284;2,148182;51,57735;
;0,05138837;0,1175468;2,148182;51,58735;
;0,05138837;0,1175468;2,148182;51,59735;
;0,05144218;0,1171668;2,148182;51,60735;
;0,05150166;0,1169221;2,148182;51,61734;
;0,05154605;0,1166619;2,148182;51,62734;
;0,05162013;0,1163848;2,148182;51,63734;
;0,05171695;0,1160982;2,148182;51,64734;
;0,05171695;0,1160982;2,148182;51,65734;
;0,0516623;0,1161942;2,148182;51,66734;
;0,05156955;0,1164053;2,148182;51,67733;
;0,05149962;0,1166677;2,148182;51,68733;
;0,05145238;0,1169086;2,148182;51,69733;
;0,0514084;0,1171325;2,148182;51,70733;
;0,05135738;0,1173573;2,148182;51,71733;
;0,05130229;0,117571;2,148182;51,72733;
;0,05130229;0,117571;2,148182;51,73732;
;0,05122731;0,1178936;2,148182;51,74732;
;0,05117945;0,1180566;2,148182;51,75732;
;0,05117325;0,1182042;2,148182;51,76732;
;0,05117327;0,1183341;2,148182;51,77732;
;0,05117284;0,1184321;2,148182;51,78732;
;0,0511601;0,1185149;2,148182;51,79731;
;0,0511601;0,1185149;2,148182;51,80731;
;0,05113418;0,118608;2,148182;51,81731;
;0,0511161;0,1186479;2,148182;51,82731;
;0,05111115;0,1186638;2,148182;51,83731;
;0,05111695;0,1186565;2,148182;51,84731;
;0,05111695;0,1186565;2,148182;51,8573;
;0,05113875;0,1186125;2,148182;51,8673;
;0,05116851;0,11856;2,148182;51,8773;
;0,05120397;0,1184862;2,148182;51,8873;
;0,05122364;0,118402;2,148182;51,8973;
;0,05122364;0,118402;2,148182;51,9073;
;0,05124702;0,1181996;2,148182;51,91729;
;0,05128108;0,1180601;2,148182;51,92729;
;0,05131742;0,1178929;2,148182;51,93729;
;0,05136299;0,1176858;2,148182;51,94729;
;0,05141231;0,1174723;2,148182;51,95729;
;0,05147061;0,1171909;2,148182;51,96729;
;0,05153624;0,1168705;2,148182;51,97728;
;0,05160675;0,1165685;2,148182;51,98728;
;0,05168625;0,1162452;2,148182;51,99728;
;0,05175297;0,1159237;2,148182;52,00728;
;0,05168611;0,1161013;2,148182;52,01728;
;0,05158837;0,1163798;2,148182;52,02728;
;0,05151686;0,1166745;2,148182;52,03727;
;0,05147685;0,1169374;2,148182;52,04727;
;0,05143398;0,1171819;2,148182;52,05727;
;0,05143398;0,1171819;2,148182;52,06727;
;0,05136008;0,1175541;2,148182;52,07727;
;0,05130315;0,1177525;2,148182;52,08727;
;0,0512576;0,1179209;2,148182;52,09726;
;0,0512221;0,1180732;2,148182;52,10726;
;0,05119404;0,1182086;2,148182;52,11726;
;0,05119404;0,1182086;2,148182;52,12726;
;0,05116164;0,1183919;2,148182;52,13726;
;0,05113975;0,1184864;2,148182;52,14725;
;0,05112797;0,1185526;2,148182;52,15725;
;0,05112027;0,1186087;2,148182;52,16725;
;0,05112027;0,1186087;2,148182;52,17725;
;0,05111402;0,1186522;2,148182;52,18725;
;0,05111011;0,1186593;2,148182;52,19725;
;0,0511097;0,118651;2,148182;52,20724;
;0,05111433;0,1186218;2,148182;52,21724;
;0,05114666;0,1185715;2,148182;52,22724;
;0,05118868;0,1185035;2,148182;52,23724;
;0,05118868;0,1185035;2,148182;52,24724;
;0,05122205;0,118336;2,148182;52,25724;
;0,05124763;0,1182236;2,148182;52,26723;
;0,05127295;0,1180894;2,148182;52,27723;
;0,05130922;0,1179467;2,148182;52,28723;
;0,05130922;0,1179467;2,148182;52,29723;
;0,05136348;0,1176313;2,148182;52,30723;
;0,05142691;0,1174136;2,148182;52,31723;
;0,05147125;0,1171846;2,148182;52,32722;
;0,05151168;0,1169514;2,148182;52,33722;
;0,05155701;0,1167084;2,148182;52,34722;
;0,05155701;0,1167084;2,148182;52,35722;
;0,05163168;0,1162242;2,148182;52,36722;
;0,05171859;0,1159182;2,148182;52,37722;
;0,05161328;0,1157064;2,148182;52,38721;
;0,05160236;0,1158934;2,148182;52,39721;
;0,05160999;0,1161414;2,148182;52,40721;
;0,05160999;0,1161414;2,148182;52,41721;
;0,05157044;0,1165995;2,148182;52,42721;
;0,05151729;0,1168497;2,148182;52,43721;
;0,05144698;0,1170868;2,148182;52,4472;
;0,05138282;0,1173168;2,148182;52,4572;
;0,05133396;0,1175201;2,148182;52,4672;
;0,05133396;0,1175201;2,148182;52,4772;
;0,05127268;0,117841;2,148182;52,4872;
;0,05123245;0,1180112;2,148182;52,4972;
;0,05120446;0,1181488;2,148182;52,50719;
;0,05118329;0,1182637;2,148182;52,51719;
;0,05116277;0,118371;2,148182;52,52719;
;0,05116277;0,118371;2,148182;52,53719;
;0,05113764;0,1185064;2,148182;52,54719;
;0,05111637;0,1185769;2,148182;52,55719;
;0,05109349;0,1186247;2,148182;52,56718;
;0,05107342;0,1186482;2,148182;52,57718;
;0,05107342;0,1186482;2,148182;52,58718;
;0,05109175;0,1186581;2,148182;52,59718;
;0,05111234;0,1186404;2,148182;52,60718;
;0,05112879;0,1186002;2,148182;52,61718;
;0,05114494;0,1185485;2,148182;52,62717;
;0,05116558;0,1184698;2,148182;52,63717;
;0,05116558;0,1184698;2,148182;52,64717;
;0,05120167;0,1182987;2,148182;52,65717;
;0,05124022;0,1181723;2,148182;52,66717;
;0,05127145;0,1180272;2,148182;52,67717;
;0,05129923;0,1178739;2,148182;52,68716;
;0,05133392;0,1177008;2,148182;52,69716;
;0,05133392;0,1177008;2,148182;52,70716;
;0,05137375;0,1173356;2,148182;52,71716;
;0,05144992;0,1171073;2,148182;52,72716;
;0,0515159;0,1168759;2,148182;52,73716;
;0,05157112;0,1166311;2,148182;52,74715;
;0,05162739;0,1163693;2,148182;52,75715;
;0,05162739;0,1163693;2,148182;52,76715;
;0,05180806;0,1157908;2,148182;52,77715;
;0,05172433;0,1158611;2,148182;52,78715;
;0,05158537;0,116083;2,148182;52,79715;
;0,05151992;0,116343;2,148182;52,80714;
;0,05149461;0,1165987;2,148182;52,81714;
;0,05149461;0,1165987;2,148182;52,82714;
;0,05143611;0,1170224;2,148182;52,83714;
;0,05138739;0,1172636;2,148182;52,84714;
;0,05134415;0,1174714;2,148182;52,85714;
;0,05130891;0,1176538;2,148182;52,86713;
;0,05127997;0,1178141;2,148182;52,87713;
;0,05127997;0,1178141;2,148182;52,88713;
;0,05124264;0,1180645;2,148182;52,89713;
;0,05121879;0,1181909;2,148182;52,90713;
;0,05121643;0,118309;2,148182;52,91713;
;0,05119967;0,1184073;2,148182;52,92712;
;0,05117074;0,1184812;2,148182;52,93712;
;0,05117074;0,1184812;2,148182;52,94712;
;0,05113885;0,1185869;2,148182;52,95712;
;0,05112024;0,1186272;2,148182;52,96712;
;0,05111377;0,1186541;2,148182;52,97712;
;0,05111529;0,1186654;2,148182;52,98711;
;0,05112447;0,1186534;2,148182;52,99711;
;0,05112447;0,1186534;2,148182;53,00711;
;0,05115376;0,1185982;2,148182;53,01711;
;0,05116869;0,1185397;2,148182;53,02711;
;0,05117323;0,1184674;2,148182;53,03711;
;0,05118519;0,1183766;2,148182;53,0471;
;0,05120691;0,1182937;2,148182;53,0571;
;0,05123427;0,1181903;2,148182;53,0671;
;0,05126636;0,1180623;2,148182;53,0771;
;0,05126636;0,1180623;2,148182;53,0871;
;0,05132078;0,1177724;2,148182;53,0971;
;0,05138202;0,1175769;2,148182;53,10709;
;0,05143001;0,1173599;2,148182;53,11709;
;0,05147252;0,1171325;2,148182;53,12709;
;0,05151216;0,1168734;2,148182;53,13709;
;0,05151216;0,1168734;2,148182;53,14709;
;0,05160832;0,1163795;2,148182;53,15709;
;0,05171425;0,116053;2,148182;53,16708;
;0,05164033;0,1158416;2,148182;53,17708;
;0,05159672;0,1160238;2,148182;53,18708;
;0,05158035;0,1162782;2,148182;53,19708;
;0,05158035;0,1162782;2,148182;53,20708;
;0,05151769;0,1167204;2,148182;53,21708;
;0,05146591;0,1169665;2,148182;53,22707;
;0,05142147;0,1171773;2,148182;53,23707;
;0,05138626;0,1173857;2,148182;53,24707;
;0,05136516;0,1175863;2,148182;53,25707;
;0,05136516;0,1175863;2,148182;53,26707;
;0,05129059;0,1178967;2,148182;53,27707;
;0,05121591;0,1180819;2,148182;53,28706;
;0,05118365;0,1182723;2,148182;53,29706;
;0,05118365;0,1182723;2,148182;53,30706;
;0,05114827;0,1184595;2,148182;53,31706;
;0,05112665;0,1185407;2,148182;53,32706;
;0,05111819;0,118592;2,148182;53,33706;
;0,0511141;0,1186339;2,148182;53,34705;
;0,05111136;0,1186591;2,148182;53,35705;
;0,05111136;0,1186591;2,148182;53,36705;
;0,05111246;0,1186511;2,148182;53,37705;
;0,05111531;0,1186308;2,148182;53,38705;
;0,05111955;0,1185859;2,148182;53,39705;
;0,05113334;0,1185284;2,148182;53,40704;
;0,05114859;0,1184575;2,148182;53,41704;
;0,05114859;0,1184575;2,148182;53,42704;
;0,05120156;0,1182527;2,148182;53,43704;
;0,05126728;0,1181144;2,148182;53,44704;
;0,05133014;0,1179579;2,148182;53,45704;
;0,05137102;0,1177925;2,148182;53,46703;
;0,05139105;0,1176131;2,148182;53,47703;
;0,05139105;0,1176131;2,148182;53,48703;
;0,05142919;0,1172437;2,148182;53,49703;
;0,05149554;0,1169887;2,148182;53,50703;
;0,05155505;0,1167331;2,148182;53,51702;
;0,05160991;0,1164683;2,148182;53,52702;
;0,0516679;0,116184;2,148182;53,53702;
;0,0516679;0,116184;2,148182;53,54702;
;0,05164429;0,1160708;2,148182;53,55702;
;0,05157181;0,1162309;2,148182;53,56702;
;0,05151832;0,1164788;2,148182;53,57701;
;0,05148131;0,1167231;2,148182;53,58701;
;0,05143891;0,116956;2,148182;53,59701;
;0,05143891;0,116956;2,148182;53,60701;
;0,05135747;0,117339;2,148182;53,61701;
;0,0513042;0,1175506;2,148182;53,62701;
;0,05127551;0,1177434;2,148182;53,637;
;0,05125127;0,1179157;2,148182;53,647;
;0,05121746;0,1180917;2,148182;53,657;
;0,05116465;0,1182345;2,148182;53,667;
;0,05114749;0,1183679;2,148182;53,677;
;0,05114884;0,1184696;2,148182;53,687;
;0,05114196;0,1185429;2,148182;53,69699;
;0,051132;0,1186003;2,148182;53,70699;
;0,051132;0,1186003;2,148182;53,71699;
;0,05111821;0,1186487;2,148182;53,72699;
;0,05111184;0,1186604;2,148182;53,73699;
;0,05111508;0,1186516;2,148182;53,74699;
;0,05112537;0,1186178;2,148182;53,75698;
;0,0511406;0,1185674;2,148182;53,76698;
;0,0511406;0,1185674;2,148182;53,77698;
;0,05117258;0,1184289;2,148182;53,78698;
;0,05120718;0,1183262;2,148182;53,79698;
;0,05123615;0,1182059;2,148182;53,80698;
;0,05126265;0,1180659;2,148182;53,81697;
;0,05129225;0,1179027;2,148182;53,82697;
;0,05129225;0,1179027;2,148182;53,83697;
;0,0513483;0,1175764;2,148182;53,84697;
;0,05142244;0,1173655;2,148182;53,85697;
;0,05147595;0,1171431;2,148182;53,86697;
;0,0515183;0,1169008;2,148182;53,87696;
;0,0515647;0,1166409;2,148182;53,88696;
;0,05162439;0,1163658;2,148182;53,89696;
;0,05162439;0,1163658;2,148182;53,90696;
;0,05169132;0,1159285;2,148182;53,91696;
;0,05164303;0,1160427;2,148182;53,92696;
;0,05158186;0,1162931;2,148182;53,93695;
;0,05152014;0,1165726;2,148182;53,94695;
;0,05145377;0,1168474;2,148182;53,95695;
;0,05138651;0,1171029;2,148182;53,96695;
;0,05133815;0,1173186;2,148182;53,97695;
;0,05133815;0,1173186;2,148182;53,98695;
;0,05129593;0,117657;2,148182;53,99694;
;0,05126685;0,1178396;2,148182;54,00694;
;0,05124238;0,1180035;2,148182;54,01694;
;0,05122834;0,1181457;2,148182;54,02694;
;0,05120847;0,1182729;2,148182;54,03694;
;0,05120847;0,1182729;2,148182;54,04694;
;0,05116025;0,1184443;2,148182;54,05693;
;0,05112864;0,1185282;2,148182;54,06693;
;0,05111683;0,1185919;2,148182;54,07693;
;0,05111817;0,1186328;2,148182;54,08693;
;0,0511333;0,1186569;2,148182;54,09693;
;0,05113547;0,1186638;2,148182;54,10693;
;0,05113279;0,1186445;2,148182;54,11692;
;0,05113279;0,1186445;2,148182;54,12692;
;0,05113751;0,1185746;2,148182;54,13692;
;0,05115307;0,1185107;2,148182;54,14692;
;0,05117451;0,1184296;2,148182;54,15692;
;0,05119951;0,1183374;2,148182;54,16692;
;0,05119951;0,1183374;2,148182;54,17691;
;0,05124478;0,1181106;2,148182;54,18691;
;0,05129296;0,1179619;2,148182;54,19691;
;0,05132803;0,1177935;2,148182;54,20691;
;0,05135846;0,1176109;2,148182;54,21691;
;0,05138918;0,1174159;2,148182;54,22691;
;0,05138918;0,1174159;2,148182;54,2369;
;0,05146;0,1169986;2,148182;54,2469;
;0,0515454;0,1167036;2,148182;54,2569;
;0,05161396;0,1164226;2,148182;54,2669;
;0,05167226;0,1161161;2,148182;54,2769;
;0,05177355;0,1157953;2,148182;54,2869;
;0,05167856;0,1159361;2,148182;54,29689;
;0,05167856;0,1159361;2,148182;54,30689;
;0,05156218;0,1163959;2,148182;54,31689;
;0,05150229;0,1166668;2,148182;54,32689;
;0,05145574;0,1169137;2,148182;54,33689;
;0,0514101;0,1171293;2,148182;54,34689;
;0,05135964;0,1173399;2,148182;54,35688;
;0,05135964;0,1173399;2,148182;54,36688;
;0,05128066;0,1176711;2,148182;54,37688;
;0,05124477;0,1178548;2,148182;54,38688;
;0,05121856;0,118018;2,148182;54,39688;
;0,05118925;0,118164;2,148182;54,40688;
;0,05115899;0,1182865;2,148182;54,41687;
;0,05115899;0,1182865;2,148182;54,42687;
;0,05113253;0,1184484;2,148182;54,43687;
;0,05112113;0,1185328;2,148182;54,44687;
;0,0511138;0,1185915;2,148182;54,45687;
;0,0511052;0,1186278;2,148182;54,46687;
;0,05109035;0,1186567;2,148182;54,47686;
;0,05109035;0,1186567;2,148182;54,48686;
;0,05108727;0,1186474;2,148182;54,49686;
;0,05110881;0,1186272;2,148182;54,50686;
;0,05113515;0,1185833;2,148182;54,51686;
;0,05115981;0,118518;2,148182;54,52686;
;0,05118322;0,1184458;2,148182;54,53685;
;0,05121256;0,1183491;2,148182;54,54685;
;0,05121256;0,1183491;2,148182;54,55685;
;0,05126969;0,1181187;2,148182;54,56685;
;0,05131483;0,1179631;2,148182;54,57685;
;0,0513408;0,117788;2,148182;54,58685;
;0,05136858;0,1176018;2,148182;54,59684;
;0,05140972;0,1173785;2,148182;54,60684;
;0,05140972;0,1173785;2,148182;54,61684;
;0,0514807;0,116972;2,148182;54,62684;
;0,05156269;0,1167055;2,148182;54,63684;
;0,05161687;0,116434;2,148182;54,64684;
;0,05165799;0,1161575;2,148182;54,65683;
;0,05169848;0,115865;2,148182;54,66683;
;0,05169871;0,1156989;2,148182;54,67683;
;0,05169871;0,1156989;2,148182;54,68683;
;0,05163873;0,1161101;2,148182;54,69683;
;0,05160069;0,1163735;2,148182;54,70683;
;0,05154399;0,1166263;2,148182;54,71682;
;0,05148324;0,1168602;2,148182;54,72682;
;0,05142958;0,1170761;2,148182;54,73682;
;0,05142958;0,1170761;2,148182;54,74682;
;0,05135379;0,1174593;2,148182;54,75682;
;0,051305;0,1176724;2,148182;54,76682;
;0,05126921;0,1178488;2,148182;54,77681;
;0,05124034;0,118;2,148182;54,78681;
;0,0512129;0,1181423;2,148182;54,79681;
;0,0512129;0,1181423;2,148182;54,80681;
;0,05117415;0,1183416;2,148182;54,81681;
;0,05114336;0,1184487;2,148182;54,82681;
;0,05112742;0,1185289;2,148182;54,8368;
;0,05114501;0,1185844;2,148182;54,8468;
;0,05115116;0,118631;2,148182;54,8568;
;0,05115116;0,118631;2,148182;54,8668;
;0,05113228;0,1186531;2,148182;54,8768;
;0,05111952;0,1186525;2,148182;54,8868;
;0,05112134;0,1186277;2,148182;54,89679;
;0,05113489;0,118579;2,148182;54,90679;
;0,05115503;0,1185124;2,148182;54,91679;
;0,0511787;0,1184286;2,148182;54,92679;
;0,0511787;0,1184286;2,148182;54,93679;
;0,05121905;0,1182302;2,148182;54,94678;
;0,05126048;0,1180901;2,148182;54,95678;
;0,05129078;0,1179309;2,148182;54,96678;
;0,05131203;0,1177722;2,148182;54,97678;
;0,05132524;0,1175947;2,148182;54,98678;
;0,05132524;0,1175947;2,148182;54,99678;
;0,0514105;0,1172108;2,148182;55,00677;
;0,05151468;0,1169186;2,148182;55,01677;
;0,05158412;0,1166399;2,148182;55,02677;
;0,0516336;0,1163433;2,148182;55,03677;
;0,05168713;0,1160237;2,148182;55,04677;
;0,05174983;0,1157245;2,148182;55,05677;
;0,05166251;0,1154548;2,148182;55,06676;
;0,05166302;0,1156645;2,148182;55,07676;
;0,0516645;0,1159823;2,148182;55,08676;
;0,05163085;0,1162829;2,148182;55,09676;
;0,05157065;0,1165501;2,148182;55,10676;
;0,05157065;0,1165501;2,148182;55,11676;
;0,05147272;0,1169799;2,148182;55,12675;
;0,05140618;0,1172261;2,148182;55,13675;
;0,05135411;0,1174418;2,148182;55,14675;
;0,05131198;0,1176402;2,148182;55,15675;
;0,0512751;0,1178172;2,148182;55,16675;
;0,05124219;0,1179723;2,148182;55,17675;
;0,05124219;0,1179723;2,148182;55,18674;
;0,051201;0,1182095;2,148182;55,19674;
;0,0511735;0,1183212;2,148182;55,20674;
;0,05115245;0,1184233;2,148182;55,21674;
;0,05113348;0,1185052;2,148182;55,22674;
;0,05111421;0,1185643;2,148182;55,23674;
;0,05111421;0,1185643;2,148182;55,24673;
;0,0510781;0,1186363;2,148182;55,25673;
;0,05107837;0,1186558;2,148182;55,26673;
;0,05109984;0,1186616;2,148182;55,27673;
;0,05112121;0,1186419;2,148182;55,28673;
;0,05114041;0,118596;2,148182;55,29673;
;0,0511586;0,1185403;2,148182;55,30672;
;0,05117773;0,1184556;2,148182;55,31672;
;0,05117773;0,1184556;2,148182;55,32672;
;0,05120633;0,1182654;2,148182;55,33672;
;0,05125831;0,118124;2,148182;55,34672;
;0,05130821;0,1179701;2,148182;55,35672;
;0,05134278;0,1178048;2,148182;55,36671;
;0,05137301;0,1176096;2,148182;55,37671;
;0,05140919;0,1174023;2,148182;55,38671;
;0,05145559;0,1171639;2,148182;55,39671;
;0,05151003;0,1169123;2,148182;55,40671;
;0,05156836;0,1166343;2,148182;55,41671;
;0,05163447;0,1162779;2,148182;55,4267;
;0,05170672;0,1159418;2,148182;55,4367;
;0,05165451;0,1158039;2,148182;55,4467;
;0,05160706;0,1160445;2,148182;55,4567;
;0,05160706;0,1160445;2,148182;55,4667;
;0,05153095;0,1165508;2,148182;55,4767;
;0,05146689;0,1168355;2,148182;55,48669;
;0,05140059;0,1170812;2,148182;55,49669;
;0,05135284;0,1173138;2,148182;55,50669;
;0,05133213;0,1175292;2,148182;55,51669;
;0,05131636;0,1177182;2,148182;55,52669;
;0,05130098;0,1178985;2,148182;55,53669;
;0,05130098;0,1178985;2,148182;55,54668;
;0,05123493;0,1181563;2,148182;55,55668;
;0,05118199;0,1182951;2,148182;55,56668;
;0,05114957;0,1184066;2,148182;55,57668;
;0,05113315;0,1184891;2,148182;55,58668;
;0,05112268;0,1185665;2,148182;55,59668;
;0,05111627;0,1186164;2,148182;55,60667;
;0,05111378;0,1186449;2,148182;55,61667;
;0,05111284;0,1186637;2,148182;55,62667;
;0,05111548;0,1186581;2,148182;55,63667;
;0,05111548;0,1186581;2,148182;55,64667;
;0,05112522;0,1185954;2,148182;55,65667;
;0,05113724;0,1185256;2,148182;55,66666;
;0,05116024;0,1184318;2,148182;55,67666;
;0,05118487;0,1183268;2,148182;55,68666;
;0,05121018;0,1182022;2,148182;55,69666;
;0,05125203;0,1180652;2,148182;55,70666;
;0,05129572;0,1179068;2,148182;55,71666;
;0,05133199;0,1177299;2,148182;55,72665;
;0,05133199;0,1177299;2,148182;55,73665;
;0,05138591;0,1173722;2,148182;55,74665;
;0,05147704;0,1171285;2,148182;55,75665;
;0,05155818;0,1168841;2,148182;55,76665;
;0,05161393;0,1166399;2,148182;55,77665;
;0,05164625;0,116376;2,148182;55,78664;
;0,05168185;0,1161036;2,148182;55,79664;
;0,05168185;0,1161036;2,148182;55,80664;
;0,05168908;0,1159065;2,148182;55,81664;
;0,05163512;0,1160536;2,148182;55,82664;
;0,05158475;0,1162965;2,148182;55,83664;
;0,05153918;0,1165565;2,148182;55,84663;
;0,05149414;0,1168084;2,148182;55,85663;
;0,05149414;0,1168084;2,148182;55,86663;
;0,05144501;0,1172146;2,148182;55,87663;
;0,05138345;0,1174353;2,148182;55,88663;
;0,05132334;0,1176331;2,148182;55,89663;
;0,0512766;0,1178112;2,148182;55,90662;
;0,0512416;0,1179737;2,148182;55,91662;
;0,05121326;0,1181126;2,148182;55,92662;
;0,05118762;0,1182469;2,148182;55,93662;
;0,05116629;0,1183611;2,148182;55,94662;
;0,05114674;0,1184638;2,148182;55,95662;
;0,05114674;0,1184638;2,148182;55,96661;
;0,05112772;0,1185828;2,148182;55,97661;
;0,0511112;0,1186284;2,148182;55,98661;
;0,05108938;0,1186574;2,148182;55,99661;
;0,05106549;0,1186632;2,148182;56,00661;
;0,05109325;0,1186519;2,148182;56,01661;
;0,05113332;0,1186297;2,148182;56,0266;
;0,05113332;0,1186297;2,148182;56,0366;
;0,05116715;0,1185302;2,148182;56,0466;
;0,05118749;0,1184567;2,148182;56,0566;
;0,05120168;0,1183642;2,148182;56,0666;
;0,05122045;0,1182547;2,148182;56,0766;
;0,05124687;0,1181316;2,148182;56,08659;
;0,05124687;0,1181316;2,148182;56,09659;
;0,05129684;0,1178551;2,148182;56,10659;
;0,05135532;0,1176692;2,148182;56,11659;
;0,05140444;0,1174597;2,148182;56,12659;
;0,05144725;0,1172525;2,148182;56,13659;
;0,05149003;0,1170266;2,148182;56,14658;
;0,05149003;0,1170266;2,148182;56,15658;
;0,05153235;0,116586;2,148182;56,16658;
;0,0516063;0,1162894;2,148182;56,17658;
;0,05168496;0,1159799;2,148182;56,18658;
;0,05175552;0,1156814;2,148182;56,19658;
;0,05175404;0,1157115;2,148182;56,20657;
;0,05167372;0,1159332;2,148182;56,21657;
;0,05167372;0,1159332;2,148182;56,22657;
;0,05156234;0,1163958;2,148182;56,23657;
;0,05150043;0,1166745;2,148182;56,24657;
;0,05145105;0,1169366;2,148182;56,25657;
;0,05140699;0,1171698;2,148182;56,26656;
;0,05136328;0,1173936;2,148182;56,27656;
;0,05132194;0,1175904;2,148182;56,28656;
;0,05132194;0,1175904;2,148182;56,29656;
;0,05125963;0,1178914;2,148182;56,30656;
;0,051207;0,1180577;2,148182;56,31656;
;0,05116148;0,1181984;2,148182;56,32655;
;0,05111676;0,1183151;2,148182;56,33655;
;0,05111621;0,1184254;2,148182;56,34655;
;0,05112295;0,1185131;2,148182;56,35655;
;0,05113094;0,1185733;2,148182;56,36655;
;0,05113094;0,1185733;2,148182;56,37654;
;0,05112762;0,118643;2,148182;56,38654;
;0,05112067;0,1186573;2,148182;56,39654;
;0,05111814;0,1186583;2,148182;56,40654;
;0,05112482;0,1186382;2,148182;56,41654;
;0,05114654;0,1185923;2,148182;56,42654;
;0,05117368;0,1185267;2,148182;56,43653;
;0,05119257;0,1184461;2,148182;56,44653;
;0,05119257;0,1184461;2,148182;56,45653;
;0,05122104;0,1182528;2,148182;56,46653;
;0,05126728;0,1181044;2,148182;56,47653;
;0,05131755;0,1179442;2,148182;56,48653;
;0,05135546;0,1177657;2,148182;56,49652;
;0,05138967;0,1175703;2,148182;56,50652;
;0,05142974;0,117357;2,148182;56,51652;
;0,05148812;0,1171208;2,148182;56,52652;
;0,05154578;0,1168827;2,148182;56,53652;
;0,05154578;0,1168827;2,148182;56,54652;
;0,05161104;0,1163996;2,148182;56,55651;
;0,05170282;0,1160845;2,148182;56,56651;
;0,05180877;0,1157458;2,148182;56,57651;
;0,05178729;0,1156439;2,148182;56,58651;
;0,05168688;0,1158604;2,148182;56,59651;
;0,05161454;0,1161286;2,148182;56,60651;
;0,05156474;0,1163877;2,148182;56,6165;
;0,05151563;0,1166453;2,148182;56,6265;
;0,05151563;0,1166453;2,148182;56,6365;
;0,05141654;0,1170866;2,148182;56,6465;
;0,05133396;0,1173197;2,148182;56,6565;
;0,05129145;0,1175395;2,148182;56,6665;
;0,0512733;0,1177343;2,148182;56,67649;
;0,05124958;0,1179156;2,148182;56,68649;
;0,05121968;0,1180735;2,148182;56,69649;
;0,05119073;0,118205;2,148182;56,70649;
;0,05116677;0,1183167;2,148182;56,71649;
;0,05116677;0,1183167;2,148182;56,72649;
;0,05114191;0,1184828;2,148182;56,73648;
;0,0511237;0,1185625;2,148182;56,74648;
;0,05111311;0,1186166;2,148182;56,75648;
;0,05110897;0,1186457;2,148182;56,76648;
;0,05110664;0,118661;2,148182;56,77648;
;0,05110424;0,1186616;2,148182;56,78648;
;0,05110542;0,1186338;2,148182;56,79647;
;0,05110542;0,1186338;2,148182;56,80647;
;0,05112066;0,1185436;2,148182;56,81647;
;0,05114748;0,1184623;2,148182;56,82647;
;0,05119249;0,1183666;2,148182;56,83647;
;0,05123965;0,1182501;2,148182;56,84647;
;0,0513075;0,1180914;2,148182;56,85646;
;0,05134115;0,117927;2,148182;56,86646;
;0,05135975;0,1177533;2,148182;56,87646;
;0,05135975;0,1177533;2,148182;56,88646;
;0,0514028;0,1173985;2,148182;56,89646;
;0,0514766;0,1171516;2,148182;56,90646;
;0,051549;0,1169149;2,148182;56,91645;
;0,05160864;0,1166516;2,148182;56,92645;
;0,05165023;0,1163889;2,148182;56,93645;
;0,05169374;0,1160876;2,148182;56,94645;
;0,0517721;0,1157941;2,148182;56,95645;
;0,0517721;0,1157941;2,148182;56,96645;
;0,05171288;0,1158903;2,148182;56,97644;
;0,05161894;0,1161002;2,148182;56,98644;
;0,05154587;0,1163584;2,148182;56,99644;
;0,05149201;0,1166042;2,148182;57,00644;
;0,05145307;0,1168554;2,148182;57,01644;
;0,05145307;0,1168554;2,148182;57,02644;
;0,0513895;0,1172585;2,148182;57,03643;
;0,05134549;0,1174831;2,148182;57,04643;
;0,05132819;0,1176756;2,148182;57,05643;
;0,0512958;0,1178539;2,148182;57,06643;
;0,05125294;0,1180098;2,148182;57,07643;
;0,0512161;0,118159;2,148182;57,08643;
;0,05118819;0,118288;2,148182;57,09642;
;0,05118819;0,118288;2,148182;57,10642;
;0,05115019;0,1184565;2,148182;57,11642;
;0,05112533;0,1185439;2,148182;57,12642;
;0,05111336;0,1186023;2,148182;57,13642;
;0,0511095;0,1186343;2,148182;57,14642;
;0,05111014;0,1186603;2,148182;57,15641;
;0,05111486;0,1186629;2,148182;57,16641;
;0,05111486;0,1186629;2,148182;57,17641;
;0,05113027;0,1186185;2,148182;57,18641;
;0,05114657;0,1185682;2,148182;57,19641;
;0,05116259;0,1184945;2,148182;57,20641;
;0,05117999;0,1184163;2,148182;57,2164;
;0,05120662;0,1183141;2,148182;57,2264;
;0,05126822;0,1181882;2,148182;57,2364;
;0,05126822;0,1181882;2,148182;57,2464;
;0,05131094;0,1179281;2,148182;57,2564;
;0,05134838;0,1177394;2,148182;57,2664;
;0,05138161;0,1175431;2,148182;57,27639;
;0,05142203;0,1173352;2,148182;57,28639;
;0,05146843;0,1171219;2,148182;57,29639;
;0,05146843;0,1171219;2,148182;57,30639;
;0,05153522;0,1166975;2,148182;57,31639;
;0,05161581;0,1164089;2,148182;57,32639;
;0,05167199;0,1161142;2,148182;57,33638;
;0,05172007;0,1158066;2,148182;57,34638;
;0,05167705;0,1158045;2,148182;57,35638;
;0,05162789;0,116024;2,148182;57,36638;
;0,05159158;0,1162992;2,148182;57,37638;
;0,05159158;0,1162992;2,148182;57,38638;
;0,05151805;0,1167513;2,148182;57,39637;
;0,05145627;0,1170048;2,148182;57,40637;
;0,05139797;0,1172226;2,148182;57,41637;
;0,05135028;0,1174305;2,148182;57,42637;
;0,05131029;0,1176365;2,148182;57,43637;
;0,05127521;0,1178225;2,148182;57,44637;
;0,0512452;0,1179806;2,148182;57,45636;
;0,0512452;0,1179806;2,148182;57,46636;
;0,05120622;0,1182296;2,148182;57,47636;
;0,05117812;0,11835;2,148182;57,48636;
;0,05117551;0,1184486;2,148182;57,49636;
;0,05115908;0,1185293;2,148182;57,50636;
;0,05113809;0,1185851;2,148182;57,51635;
;0,05112044;0,1186255;2,148182;57,52635;
;0,05110905;0,1186559;2,148182;57,53635;
;0,05110905;0,1186559;2,148182;57,54635;
;0,05111213;0,1186519;2,148182;57,55635;
;0,05112248;0,1186327;2,148182;57,56635;
;0,05113733;0,1185885;2,148182;57,57634;
;0,05115518;0,1185274;2,148182;57,58634;
;0,05117441;0,1184517;2,148182;57,59634;
;0,05119406;0,1183537;2,148182;57,60634;
;0,05119406;0,1183537;2,148182;57,61634;
;0,05122626;0,1181172;2,148182;57,62634;
;0,05126873;0,1179505;2,148182;57,63633;
;0,0513202;0,1177807;2,148182;57,64633;
;0,05136807;0,1175923;2,148182;57,65633;
;0,0514125;0,1173847;2,148182;57,66633;
;0,05144069;0,1171636;2,148182;57,67633;
;0,05147892;0,1169279;2,148182;57,68633;
;0,05147892;0,1169279;2,148182;57,69632;
;0,05156907;0,116449;2,148182;57,70632;
;0,05167355;0,1161494;2,148182;57,71632;
;0,05177273;0,1158356;2,148182;57,72632;
;0,05174802;0,115749;2,148182;57,73632;
;0,05164565;0,1159539;2,148182;57,74632;
;0,05156785;0,1162052;2,148182;57,75631;
;0,05156785;0,1162052;2,148182;57,76631;
;0,05147614;0,1166694;2,148182;57,77631;
;0,05143816;0,1169433;2,148182;57,78631;
;0,05139981;0,1171816;2,148182;57,79631;
;0,05135889;0,1173894;2,148182;57,8063;
;0,05131777;0,1175861;2,148182;57,8163;
;0,05128129;0,1177753;2,148182;57,8263;
;0,05125035;0,1179389;2,148182;57,8363;
;0,05125035;0,1179389;2,148182;57,8463;
;0,05120675;0,1182031;2,148182;57,8563;
;0,05117366;0,1183336;2,148182;57,86629;
;0,05115075;0,1184391;2,148182;57,87629;
;0,05113624;0,1185183;2,148182;57,88629;
;0,05114666;0,118582;2,148182;57,89629;
;0,0511476;0,1186321;2,148182;57,90629;
;0,0511379;0,1186551;2,148182;57,91629;
;0,05113354;0,1186617;2,148182;57,92628;
;0,0511311;0,1186522;2,148182;57,93628;
;0,0511311;0,1186522;2,148182;57,94628;
;0,05114093;0,1185796;2,148182;57,95628;
;0,05116137;0,1185154;2,148182;57,96628;
;0,05119263;0,1184247;2,148182;57,97628;
;0,05122846;0,1183308;2,148182;57,98627;
;0,05125193;0,1182162;2,148182;57,99627;
;0,05127285;0,1180698;2,148182;58,00627;
;0,05130017;0,1179105;2,148182;58,01627;
;0,05133846;0,117723;2,148182;58,02627;
;0,05133846;0,117723;2,148182;58,03627;
;0,05140447;0,1173765;2,148182;58,04626;
;0,05147957;0,1171446;2,148182;58,05626;
;0,05153484;0,1169085;2,148182;58,06626;
;0,05157575;0,1166684;2,148182;58,07626;
;0,05162881;0,1164073;2,148182;58,08626;
;0,05168682;0,1161258;2,148182;58,09626;
;0,05174032;0,1158312;2,148182;58,10625;
;0,05167735;0,1156101;2,148182;58,11625;
;0,05167735;0,1156101;2,148182;58,12625;
;0,05161661;0,1160246;2,148182;58,13625;
;0,051595;0,1163009;2,148182;58,14625;
;0,05155644;0,1165921;2,148182;58,15625;
;0,05151635;0,1168821;2,148182;58,16624;
;0,05144787;0,117134;2,148182;58,17624;
;0,05138229;0,1173604;2,148182;58,18624;
;0,05132417;0,1175861;2,148182;58,19624;
;0,05128076;0,1177747;2,148182;58,20624;
;0,05124346;0,117962;2,148182;58,21624;
;0,05121243;0,1181219;2,148182;58,22623;
;0,05118825;0,1182452;2,148182;58,23623;
;0,05116489;0,1183625;2,148182;58,24623;
;0,05114501;0,1184539;2,148182;58,25623;
;0,05114501;0,1184539;2,148182;58,26623;
;0,0511183;0,1185756;2,148182;58,27623;
;0,05109571;0,1186259;2,148182;58,28622;
;0,05108876;0,1186481;2,148182;58,29622;
;0,05108647;0,1186639;2,148182;58,30622;
;0,05108703;0,1186544;2,148182;58,31622;
;0,05111136;0,1186249;2,148182;58,32622;
;0,05114276;0,1185835;2,148182;58,33622;
;0,05117568;0,1185191;2,148182;58,34621;
;0,05117568;0,1185191;2,148182;58,35621;
;0,05121529;0,1183632;2,148182;58,36621;
;0,05123759;0,1182564;2,148182;58,37621;
;0,05125079;0,1181421;2,148182;58,38621;
;0,0512756;0,1179901;2,148182;58,39621;
;0,05131396;0,1178185;2,148182;58,4062;
;0,05135753;0,1176493;2,148182;58,4162;
;0,05140265;0,1174587;2,148182;58,4262;
;0,05140265;0,1174587;2,148182;58,4362;
;0,05146321;0,1170817;2,148182;58,4462;
;0,05153095;0,1168485;2,148182;58,4562;
;0,0515866;0,1165988;2,148182;58,46619;
;0,05166113;0,1163321;2,148182;58,47619;
;0,05171008;0,1160519;2,148182;58,48619;
;0,05174494;0,1157566;2,148182;58,49619;
;0,05180975;0,1154495;2,148182;58,50619;
;0,05180975;0,1154495;2,148182;58,51619;
;0,05169769;0,115862;2,148182;58,52618;
;0,05161428;0,1161579;2,148182;58,53618;
;0,05155201;0,1164429;2,148182;58,54618;
;0,05149915;0,1167125;2,148182;58,55618;
;0,05144984;0,1169688;2,148182;58,56618;
;0,05140547;0,1171913;2,148182;58,57618;
;0,051358;0,1174158;2,148182;58,58617;
;0,05130886;0,1176236;2,148182;58,59617;
;0,05125543;0,1178191;2,148182;58,60617;
;0,05120259;0,1179914;2,148182;58,61617;
;0,05116763;0,1181409;2,148182;58,62617;
;0,05116763;0,1181409;2,148182;58,63617;
;0,05115868;0,1183566;2,148182;58,64616;
;0,05114747;0,1184571;2,148182;58,65616;
;0,05112895;0,118539;2,148182;58,66616;
;0,05111407;0,1185968;2,148182;58,67616;
;0,05110767;0,1186334;2,148182;58,68616;
;0,05110859;0,1186595;2,148182;58,69616;
;0,05111497;0,1186633;2,148182;58,70615;
;0,05111497;0,1186633;2,148182;58,71615;
;0,05113467;0,1186228;2,148182;58,72615;
;0,05115741;0,1185763;2,148182;58,73615;
;0,05119546;0,1185056;2,148182;58,74615;
;0,05121173;0,1184254;2,148182;58,75615;
;0,05122403;0,1183194;2,148182;58,76614;
;0,05124332;0,118199;2,148182;58,77614;
;0,05127044;0,1180624;2,148182;58,78614;
;0,05127044;0,1180624;2,148182;58,79614;
;0,05133273;0,1177254;2,148182;58,80614;
;0,05142516;0,117503;2,148182;58,81614;
;0,05148618;0,1172719;2,148182;58,82613;
;0,05151941;0,1170349;2,148182;58,83613;
;0,05155236;0,1167821;2,148182;58,84613;
;0,05160042;0,1165141;2,148182;58,85613;
;0,05166682;0,1162237;2,148182;58,86613;
;0,05175741;0,1159183;2,148182;58,87613;
;0,05186107;0,1155937;2,148182;58,88612;
;0,05176578;0,1157561;2,148182;58,89612;
;0,05176578;0,1157561;2,148182;58,90612;
;0,05159188;0,1162695;2,148182;58,91612;
;0,05149614;0,1165498;2,148182;58,92612;
;0,05143189;0,1168266;2,148182;58,93612;
;0,05137557;0,1170683;2,148182;58,94611;
;0,05135773;0,1173009;2,148182;58,95611;
;0,05133902;0,1175119;2,148182;58,96611;
;0,05130487;0,1177139;2,148182;58,97611;
;0,05126747;0,117891;2,148182;58,98611;
;0,05124483;0,1180496;2,148182;58,99611;
;0,05121076;0,118217;2,148182;59,0061;
;0,05117708;0,1183372;2,148182;59,0161;
;0,05114831;0,118439;2,148182;59,0261;
;0,05112771;0,1185247;2,148182;59,0361;
;0,05111585;0,1185873;2,148182;59,0461;
;0,05111585;0,1185873;2,148182;59,0561;
;0,05111187;0,1186495;2,148182;59,06609;
;0,05111398;0,1186563;2,148182;59,07609;
;0,05111911;0,1186493;2,148182;59,08609;
;0,05112534;0,1186172;2,148182;59,09609;
;0,05113297;0,1185632;2,148182;59,10609;
;0,05114282;0,1184928;2,148182;59,11609;
;0,05114608;0,1184008;2,148182;59,12608;
;0,05118626;0,1182863;2,148182;59,13608;
;0,05123193;0,1181512;2,148182;59,14608;
;0,05127708;0,1179728;2,148182;59,15608;
;0,05132121;0,117801;2,148182;59,16608;
;0,05136554;0,1176047;2,148182;59,17607;
;0,05141471;0,1173715;2,148182;59,18607;
;0,05141471;0,1173715;2,148182;59,19607;
;0,05147807;0,1169287;2,148182;59,20607;
;0,0515468;0,1166371;2,148182;59,21607;
;0,05161059;0,1163236;2,148182;59,22607;
;0,05169702;0,1159858;2,148182;59,23606;
;0,05182057;0,1156402;2,148182;59,24606;
;0,05180641;0,1156418;2,148182;59,25606;
;0,05170469;0,1158676;2,148182;59,26606;
;0,05161772;0,1161419;2,148182;59,27606;
;0,05155903;0,1164065;2,148182;59,28606;
;0,05151111;0,1166609;2,148182;59,29605;
;0,05151111;0,1166609;2,148182;59,30605;
;0,05143421;0,1170786;2,148182;59,31605;
;0,05137933;0,1173092;2,148182;59,32605;
;0,05132915;0,1175165;2,148182;59,33605;
;0,05127325;0,1177027;2,148182;59,34605;
;0,05121868;0,1178708;2,148182;59,35604;
;0,05119682;0,1180298;2,148182;59,36604;
;0,05118946;0,1181751;2,148182;59,37604;
;0,05118946;0,1181751;2,148182;59,38604;
;0,05118878;0,1183764;2,148182;59,39604;
;0,05116677;0,1184759;2,148182;59,40604;
;0,05113116;0,1185493;2,148182;59,41603;
;0,05111042;0,1186109;2,148182;59,42603;
;0,05110423;0,1186457;2,148182;59,43603;
;0,05110579;0,1186585;2,148182;59,44603;
;0,05111137;0,1186614;2,148182;59,45603;
;0,05112059;0,1186409;2,148182;59,46603;
;0,05112059;0,1186409;2,148182;59,47602;
;0,05113988;0,1185626;2,148182;59,48602;
;0,05116118;0,1184917;2,148182;59,49602;
;0,05117315;0,118406;2,148182;59,50602;
;0,05117297;0,1183047;2,148182;59,51602;
;0,05120243;0,118171;2,148182;59,52602;
;0,05126923;0,1180195;2,148182;59,53601;
;0,05132705;0,1178447;2,148182;59,54601;
;0,0513747;0,1176428;2,148182;59,55601;
;0,05141379;0,1174372;2,148182;59,56601;
;0,05145911;0,1171968;2,148182;59,57601;
;0,05150776;0,1169502;2,148182;59,58601;
;0,05150776;0,1169502;2,148182;59,596;
;0,05158804;0,1164751;2,148182;59,606;
;0,05169366;0,1161551;2,148182;59,616;
;0,05177256;0,1158428;2,148182;59,626;
;0,05180374;0,115503;2,148182;59,636;
;0,05170669;0,115657;2,148182;59,646;
;0,05163647;0,1159327;2,148182;59,65599;
;0,05157548;0,1162404;2,148182;59,66599;
;0,05151044;0,1165238;2,148182;59,67599;
;0,05143155;0,116786;2,148182;59,68599;
;0,05139743;0,1170472;2,148182;59,69599;
;0,05137162;0,1172833;2,148182;59,70599;
;0,05133551;0,1175061;2,148182;59,71598;
;0,05129648;0,1177044;2,148182;59,72598;
;0,0512571;0,1178922;2,148182;59,73598;
;0,0512571;0,1178922;2,148182;59,74598;
;0,05120689;0,1181562;2,148182;59,75598;
;0,05115999;0,1182923;2,148182;59,76598;
;0,05111523;0,1184061;2,148182;59,77597;
;0,05109529;0,1184901;2,148182;59,78597;
;0,05110169;0,1185664;2,148182;59,79597;
;0,05110877;0,1186186;2,148182;59,80597;
;0,05111227;0,1186474;2,148182;59,81597;
;0,05111756;0,1186641;2,148182;59,82597;
;0,05112965;0,1186532;2,148182;59,83596;
;0,05115698;0,1186254;2,148182;59,84596;
;0,05115691;0,1185811;2,148182;59,85596;
;0,05116142;0,1185087;2,148182;59,86596;
;0,05116142;0,1185087;2,148182;59,87596;
;0,05119882;0,1183225;2,148182;59,88596;
;0,0512598;0,1181868;2,148182;59,89595;
;0,05130018;0,1180412;2,148182;59,90595;
;0,05132954;0,1178667;2,148182;59,91595;
;0,05136345;0,117675;2,148182;59,92595;
;0,05141224;0,1174626;2,148182;59,93595;
;0,05146996;0,1172306;2,148182;59,94595;
;0,05151869;0,116985;2,148182;59,95594;
;0,05156418;0,1167221;2,148182;59,96594;
;0,05161757;0,1164359;2,148182;59,97594;
;0,05168861;0,11613;2,148182;59,98594;
;0,05179077;0,1157932;2,148182;59,99594;
;0,05179077;0,1157932;2,148182;60,00594;
;0,0517364;0,1158917;2,148182;60,01593;
;0,05163792;0,1161065;2,148182;60,02593;
;0,05156425;0,1163702;2,148182;60,03593;
;0,05151094;0,1166282;2,148182;60,04593;
;0,05146042;0,1168742;2,148182;60,05593;
;0,05140509;0,1171011;2,148182;60,06593;
;0,05140509;0,1171011;2,148182;60,07592;
;0,05131494;0,1174714;2,148182;60,08592;
;0,05125691;0,1176861;2,148182;60,09592;
;0,05123689;0,1178729;2,148182;60,10592;
;0,05122129;0,1180375;2,148182;60,11592;
;0,05120005;0,1181724;2,148182;60,12592;
;0,05117454;0,118299;2,148182;60,13591;
;0,05115178;0,118402;2,148182;60,14591;
;0,05113073;0,1184893;2,148182;60,15591;
;0,05113073;0,1184893;2,148182;60,16591;
;0,05110802;0,1185924;2,148182;60,17591;
;0,0510976;0,1186389;2,148182;60,18591;
;0,05109598;0,1186617;2,148182;60,1959;
;0,05111482;0,1186587;2,148182;60,2059;
;0,05114805;0,1186438;2,148182;60,2159;
;0,05115437;0,1186101;2,148182;60,2259;
;0,0511544;0,118553;2,148182;60,2359;
;0,0511544;0,118553;2,148182;60,2459;
;0,05117245;0,1184131;2,148182;60,25589;
;0,05120492;0,1182954;2,148182;60,26589;
;0,05124126;0,1181702;2,148182;60,27589;
;0,05128238;0,1180062;2,148182;60,28589;
;0,05132893;0,1178295;2,148182;60,29589;
;0,05138183;0,1176328;2,148182;60,30589;
;0,05145292;0,1174069;2,148182;60,31588;
;0,05148615;0,1171664;2,148182;60,32588;
;0,05152099;0,1169169;2,148182;60,33588;
;0,05157775;0,1166572;2,148182;60,34588;
;0,05163867;0,1163708;2,148182;60,35588;
;0,05163867;0,1163708;2,148182;60,36588;
;0,05171798;0,1158409;2,148182;60,37587;
;0,0517265;0,1155741;2,148182;60,38587;
;0,05168128;0,1157755;2,148182;60,39587;
;0,05163159;0,1160718;2,148182;60,40587;
;0,05158448;0,1163466;2,148182;60,41587;
;0,05153725;0,1166104;2,148182;60,42587;
;0,05149785;0,1168734;2,148182;60,43586;
;0,05146198;0,117108;2,148182;60,44586;
;0,0513978;0,1173463;2,148182;60,45586;
;0,05133127;0,11757;2,148182;60,46586;
;0,05128156;0,1177707;2,148182;60,47586;
;0,05124621;0,1179367;2,148182;60,48586;
;0,05121645;0,1180908;2,148182;60,49585;
;0,05121645;0,1180908;2,148182;60,50585;
;0,05117982;0,1183172;2,148182;60,51585;
;0,05115116;0,1184304;2,148182;60,52585;
;0,05113048;0,118517;2,148182;60,53585;
;0,05111424;0,1185758;2,148182;60,54585;
;0,05109239;0,1186263;2,148182;60,55584;
;0,05106994;0,1186545;2,148182;60,56584;
;0,05107756;0,1186588;2,148182;60,57584;
;0,05110199;0,1186544;2,148182;60,58584;
;0,05110199;0,1186544;2,148182;60,59584;
;0,0511367;0,1185817;2,148182;60,60583;
;0,05116613;0,1185216;2,148182;60,61583;
;0,05119738;0,1184357;2,148182;60,62583;
;0,05124402;0,11833;2,148182;60,63583;
;0,05125558;0,1182081;2,148182;60,64583;
;0,05127205;0,1180575;2,148182;60,65583;
;0,05130425;0,1178828;2,148182;60,66582;
;0,05134836;0,117685;2,148182;60,67582;
;0,05139896;0,1174779;2,148182;60,68582;
;0,05145241;0,1172542;2,148182;60,69582;
;0,05145241;0,1172542;2,148182;60,70582;
;0,05154809;0,1168009;2,148182;60,71582;
;0,05163593;0,1165108;2,148182;60,72581;
;0,0516798;0,1162095;2,148182;60,73581;
;0,0517203;0,1159012;2,148182;60,74581;
;0,05187928;0,1155497;2,148182;60,75581;
;0,05183256;0,1156061;2,148182;60,76581;
;0,05174665;0,1158362;2,148182;60,77581;
;0,05165933;0,1161038;2,148182;60,7858;
;0,05157931;0,1163777;2,148182;60,7958;
;0,05151698;0,1166542;2,148182;60,8058;
;0,05146627;0,1169112;2,148182;60,8158;
;0,0514213;0,1171583;2,148182;60,8258;
;0,05138576;0,1173841;2,148182;60,8358;
;0,05138576;0,1173841;2,148182;60,84579;
;0,05132562;0,1177265;2,148182;60,85579;
;0,05126878;0,1179013;2,148182;60,86579;
;0,0512233;0,1180616;2,148182;60,87579;
;0,05119248;0,1181993;2,148182;60,88579;
;0,05116978;0,1183156;2,148182;60,89579;
;0,05115133;0,1184213;2,148182;60,90578;
;0,05113705;0,1185045;2,148182;60,91578;
;0,05112482;0,1185725;2,148182;60,92578;
;0,05111527;0,1186226;2,148182;60,93578;
;0,05111527;0,1186226;2,148182;60,94578;
;0,05110756;0,1186579;2,148182;60,95578;
;0,05110405;0,1186553;2,148182;60,96577;
;0,05111277;0,1186251;2,148182;60,97577;
;0,05114113;0,1185873;2,148182;60,98577;
;0,05115604;0,1185275;2,148182;60,99577;
;0,05117562;0,1184523;2,148182;61,00577;
;0,05120061;0,1183643;2,148182;61,01577;
;0,05122728;0,1182487;2,148182;61,02576;
;0,05122728;0,1182487;2,148182;61,03576;
;0,05127203;0,1180008;2,148182;61,04576;
;0,05131868;0,1178261;2,148182;61,05576;
;0,05135618;0,1176518;2,148182;61,06576;
;0,05139425;0,1174517;2,148182;61,07576;
;0,05143885;0,1172429;2,148182;61,08575;
;0,05148827;0,1170157;2,148182;61,09575;
;0,05154067;0,116771;2,148182;61,10575;
;0,0515874;0,1165182;2,148182;61,11575;
;0,0515874;0,1165182;2,148182;61,12575;
;0,05164177;0,1160428;2,148182;61,13575;
;0,05172883;0,115742;2,148182;61,14574;
;0,05160082;0,1155313;2,148182;61,15574;
;0,05159215;0,1157282;2,148182;61,16574;
;0,05160749;0,1160077;2,148182;61,17574;
;0,051591;0,1162864;2,148182;61,18574;
;0,05154134;0,1165607;2,148182;61,19574;
;0,05148598;0,1168117;2,148182;61,20573;
;0,05148598;0,1168117;2,148182;61,21573;
;0,05143181;0,1172205;2,148182;61,22573;
;0,05139117;0,1174492;2,148182;61,23573;
;0,05133385;0,1176467;2,148182;61,24573;
;0,05128788;0,1178253;2,148182;61,25573;
;0,05125453;0,1179897;2,148182;61,26572;
;0,05122495;0,1181292;2,148182;61,27572;
;0,05120226;0,1182568;2,148182;61,28572;
;0,05117737;0,1183722;2,148182;61,29572;
;0,05115513;0,1184647;2,148182;61,30572;
;0,05114204;0,118546;2,148182;61,31572;
;0,05114204;0,118546;2,148182;61,32571;
;0,05112273;0,1186276;2,148182;61,33571;
;0,05111143;0,1186594;2,148182;61,34571;
;0,05111133;0,1186603;2,148182;61,35571;
;0,05111954;0,1186403;2,148182;61,36571;
;0,05113333;0,1186067;2,148182;61,37571;
;0,05115218;0,1185462;2,148182;61,3857;
;0,05117363;0,1184726;2,148182;61,3957;
;0,05119818;0,118373;2,148182;61,4057;
;0,05122535;0,1182469;2,148182;61,4157;
;0,05124253;0,1181125;2,148182;61,4257;
;0,05128897;0,1179616;2,148182;61,4357;
;0,05134752;0,1177919;2,148182;61,44569;
;0,05134752;0,1177919;2,148182;61,45569;
;0,05139975;0,1174506;2,148182;61,46569;
;0,0514554;0,1172171;2,148182;61,47569;
;0,05150308;0,1169772;2,148182;61,48569;
;0,05155163;0,1167334;2,148182;61,49569;
;0,05160572;0,1164643;2,148182;61,50568;
;0,05166;0,116189;2,148182;61,51568;
;0,05170973;0,1158917;2,148182;61,52568;
;0,05185321;0,115554;2,148182;61,53568;
;0,05178665;0,1156607;2,148182;61,54568;
;0,05166302;0,1159252;2,148182;61,55568;
;0,05157124;0,1162097;2,148182;61,56567;
;0,05157124;0,1162097;2,148182;61,57567;
;0,05145763;0,1166763;2,148182;61,58567;
;0,05141867;0,1169458;2,148182;61,59567;
;0,0513955;0,117177;2,148182;61,60567;
;0,05136083;0,1173951;2,148182;61,61567;
;0,05131923;0,1175854;2,148182;61,62566;
;0,05127426;0,1177622;2,148182;61,63566;
;0,05122825;0,1179291;2,148182;61,64566;
;0,05118663;0,1180738;2,148182;61,65566;
;0,05117376;0,1181991;2,148182;61,66566;
;0,05117376;0,1181991;2,148182;61,67566;
;0,05115464;0,1183863;2,148182;61,68565;
;0,051123;0,1184873;2,148182;61,69565;
;0,05109094;0,1185597;2,148182;61,70565;
;0,05110584;0,1186108;2,148182;61,71565;
;0,05112303;0,1186494;2,148182;61,72565;
;0,05112465;0,1186624;2,148182;61,73565;
;0,05112612;0,118656;2,148182;61,74564;
;0,0511311;0,1186368;2,148182;61,75564;
;0,05113794;0,1185909;2,148182;61,76564;
;0,05115018;0,1185302;2,148182;61,77564;
;0,05115018;0,1185302;2,148182;61,78564;
;0,05118189;0,1183613;2,148182;61,79564;
;0,05122088;0,1182459;2,148182;61,80563;
;0,0512567;0,1181037;2,148182;61,81563;
;0,05129346;0,1179427;2,148182;61,82563;
;0,05133124;0,1177653;2,148182;61,83563;
;0,05136912;0,1175683;2,148182;61,84563;
;0,05139215;0,1173548;2,148182;61,85563;
;0,0514335;0,1171234;2,148182;61,86562;
;0,05150248;0,1168741;2,148182;61,87562;
;0,05157365;0,1165933;2,148182;61,88562;
;0,05162958;0,1163456;2,148182;61,89562;
;0,05165461;0,1160794;2,148182;61,90562;
;0,05165461;0,1160794;2,148182;61,91562;
;0,0517398;0,1155302;2,148182;61,92561;
;0,05175141;0,1154384;2,148182;61,93561;
;0,05171457;0,1156447;2,148182;61,94561;
;0,05165944;0,1159086;2,148182;61,95561;
;0,05159251;0,116173;2,148182;61,96561;
;0,05152397;0,1164367;2,148182;61,97561;
;0,05144216;0,116684;2,148182;61,9856;
;0,05142047;0,116924;2,148182;61,9956;
;0,05140238;0,1171534;2,148182;62,0056;
;0,05140238;0,1171534;2,148182;62,0156;
;0,05134785;0,1175136;2,148182;62,0256;
;0,05130221;0,1177194;2,148182;62,03559;
;0,0512656;0,1178906;2,148182;62,04559;
;0,05123722;0,1180451;2,148182;62,05559;
;0,05121319;0,1181971;2,148182;62,06559;
;0,05120621;0,1183216;2,148182;62,07559;
;0,05117691;0,1184339;2,148182;62,08559;
;0,05114363;0,1185187;2,148182;62,09558;
;0,0511229;0,1185827;2,148182;62,10558;
;0,05111572;0,1186336;2,148182;62,11558;
;0,05112053;0,1186554;2,148182;62,12558;
;0,05113764;0,1186609;2,148182;62,13558;
;0,05114342;0,1186423;2,148182;62,14558;
;0,05114444;0,118599;2,148182;62,15557;
;0,05114928;0,1185468;2,148182;62,16557;
;0,05116481;0,1184648;2,148182;62,17557;
;0,05119108;0,1183573;2,148182;62,18557;
;0,05122504;0,118226;2,148182;62,19557;
;0,05126526;0,118059;2,148182;62,20557;
;0,05130751;0,1178725;2,148182;62,21556;
;0,0513514;0,117668;2,148182;62,22556;
;0,05139086;0,1174549;2,148182;62,23556;
;0,05143269;0,1172038;2,148182;62,24556;
;0,0514784;0,1169581;2,148182;62,25556;
;0,05154966;0,1166715;2,148182;62,26556;
;0,05162873;0,1163739;2,148182;62,27555;
;0,05169776;0,1160297;2,148182;62,28555;
;0,05177471;0,115673;2,148182;62,29555;
;0,0517642;0,1155828;2,148182;62,30555;
;0,05169452;0,1157909;2,148182;62,31555;
;0,05163122;0,116064;2,148182;62,32555;
;0,05158483;0,1163287;2,148182;62,33554;
;0,05156308;0,1165934;2,148182;62,34554;
;0,05151483;0,1168401;2,148182;62,35554;
;0,05151483;0,1168401;2,148182;62,36554;
;0,05141607;0,1172238;2,148182;62,37554;
;0,05135076;0,117444;2,148182;62,38554;
;0,05130642;0,1176496;2,148182;62,39553;
;0,05127367;0,1178306;2,148182;62,40553;
;0,05124202;0,1179963;2,148182;62,41553;
;0,05120946;0,118147;2,148182;62,42553;
;0,05117692;0,1182717;2,148182;62,43553;
;0,0511435;0,1183882;2,148182;62,44553;
;0,05111455;0,1184808;2,148182;62,45552;
;0,05112677;0,1185515;2,148182;62,46552;
;0,05115236;0,1186097;2,148182;62,47552;
;0,05114257;0,1186417;2,148182;62,48552;
;0,05113042;0,1186615;2,148182;62,49552;
;0,05112339;0,1186606;2,148182;62,50552;
;0,05112388;0,1186323;2,148182;62,51551;
;0,05112388;0,1186323;2,148182;62,52551;
;0,05114038;0,1185471;2,148182;62,53551;
;0,05116359;0,1184731;2,148182;62,54551;
;0,05118768;0,1183899;2,148182;62,55551;
;0,05121471;0,1182811;2,148182;62,56551;
;0,05124649;0,1181498;2,148182;62,5755;
;0,05127924;0,1180055;2,148182;62,5855;
;0,05131053;0,1178306;2,148182;62,5955;
;0,05134159;0,1176332;2,148182;62,6055;
;0,05138209;0,1174225;2,148182;62,6155;
;0,05144786;0,1171584;2,148182;62,6255;
;0,05151578;0,1168929;2,148182;62,63549;
;0,05157066;0,1166366;2,148182;62,64549;
;0,05157066;0,1166366;2,148182;62,65549;
;0,05164481;0,1161189;2,148182;62,66549;
;0,05176181;0,1157695;2,148182;62,67549;
;0,05190196;0,1154398;2,148182;62,68549;
;0,05180311;0,1155008;2,148182;62,69548;
;0,05167782;0,1157454;2,148182;62,70548;
;0,05160055;0,116029;2,148182;62,71548;
;0,05154447;0,1163023;2,148182;62,72548;
;0,05151605;0,1165741;2,148182;62,73548;
;0,05147483;0,1168362;2,148182;62,74548;
;0,05142388;0,1170841;2,148182;62,75547;
;0,05137536;0,117306;2,148182;62,76547;
;0,05133211;0,1175208;2,148182;62,77547;
;0,05133211;0,1175208;2,148182;62,78547;
;0,05127156;0,1178495;2,148182;62,79547;
;0,05122607;0,1180218;2,148182;62,80547;
;0,05118951;0,1181627;2,148182;62,81546;
;0,05115669;0,1182903;2,148182;62,82546;
;0,05112768;0,1183942;2,148182;62,83546;
;0,05111832;0,118489;2,148182;62,84546;
;0,05111575;0,1185642;2,148182;62,85546;
;0,05111234;0,1186119;2,148182;62,86546;
;0,05111234;0,1186119;2,148182;62,87545;
;0,05110298;0,1186571;2,148182;62,88545;
;0,05110024;0,1186553;2,148182;62,89545;
;0,05110726;0,1186395;2,148182;62,90545;
;0,05110356;0,1186035;2,148182;62,91545;
;0,05111264;0,118541;2,148182;62,92545;
;0,05114515;0,1184679;2,148182;62,93544;
;0,05118025;0,1183708;2,148182;62,94544;
;0,05121421;0,11825;2,148182;62,95544;
;0,05124942;0,1181134;2,148182;62,96544;
;0,05128957;0,1179461;2,148182;62,97544;
;0,05133099;0,117766;2,148182;62,98544;
;0,05137062;0,1175636;2,148182;62,99543;
;0,05140838;0,1173514;2,148182;63,00543;
;0,05140838;0,1173514;2,148182;63,01543;
;0,05150167;0,1168979;2,148182;63,02543;
;0,05159711;0,1166067;2,148182;63,03543;
;0,05165722;0,1162869;2,148182;63,04543;
;0,05171106;0,1159752;2,148182;63,05542;
;0,05177631;0,1156113;2,148182;63,06542;
;0,05174735;0,1154849;2,148182;63,07542;
;0,05166015;0,1156822;2,148182;63,08542;
;0,05162212;0,1159549;2,148182;63,09542;
;0,05159356;0,1162199;2,148182;63,10542;
;0,05154913;0,1164826;2,148182;63,11541;
;0,05149483;0,1167319;2,148182;63,12541;
;0,05143692;0,1169739;2,148182;63,13541;
;0,05143692;0,1169739;2,148182;63,14541;
;0,05136535;0,1173596;2,148182;63,15541;
;0,05132343;0,1175748;2,148182;63,16541;
;0,05128338;0,117767;2,148182;63,1754;
;0,05124501;0,1179357;2,148182;63,1854;
;0,05121394;0,118078;2,148182;63,1954;
;0,05118814;0,1182133;2,148182;63,2054;
;0,05116728;0,1183312;2,148182;63,2154;
;0,05114881;0,1184313;2,148182;63,2254;
;0,05113208;0,1185161;2,148182;63,23539;
;0,05111571;0,118577;2,148182;63,24539;
;0,05111571;0,118577;2,148182;63,25539;
;0,05109264;0,1186458;2,148182;63,26539;
;0,05108935;0,1186587;2,148182;63,27539;
;0,05110736;0,1186556;2,148182;63,28539;
;0,05112464;0,1186316;2,148182;63,29538;
;0,05113716;0,1185799;2,148182;63,30538;
;0,05114705;0,1185202;2,148182;63,31538;
;0,05116674;0,1184367;2,148182;63,32538;
;0,05121564;0,1183192;2,148182;63,33538;
;0,05124853;0,1181949;2,148182;63,34538;
;0,05127295;0,1180454;2,148182;63,35537;
;0,05130273;0,1178894;2,148182;63,36537;
;0,05130273;0,1178894;2,148182;63,37537;
;0,05135924;0,117557;2,148182;63,38537;
;0,05142887;0,1173271;2,148182;63,39537;
;0,05148635;0,1170812;2,148182;63,40536;
;0,05153536;0,1168357;2,148182;63,41536;
;0,05157992;0,1165675;2,148182;63,42536;
;0,05161648;0,1162909;2,148182;63,43536;
;0,05165796;0,1159909;2,148182;63,44536;
;0,05174294;0,1156729;2,148182;63,45536;
;0,05176457;0,1153542;2,148182;63,46535;
;0,0517375;0,115558;2,148182;63,47535;
;0,05168091;0,1158275;2,148182;63,48535;
;0,05168091;0,1158275;2,148182;63,49535;
;0,05156992;0,1163104;2,148182;63,50535;
;0,0514782;0,1165793;2,148182;63,51535;
;0,05143299;0,1168316;2,148182;63,52534;
;0,0514128;0,1170712;2,148182;63,53534;
;0,05138578;0,1172962;2,148182;63,54534;
;0,05134929;0,1174962;2,148182;63,55534;
;0,05131004;0,1176934;2,148182;63,56534;
;0,0512779;0,1178852;2,148182;63,57534;
;0,05126429;0,1180605;2,148182;63,58533;
;0,05122878;0,1182003;2,148182;63,59533;
;0,05118098;0,118317;2,148182;63,60533;
;0,05118098;0,118317;2,148182;63,61533;
;0,05113903;0,1184894;2,148182;63,62533;
;0,05111842;0,1185639;2,148182;63,63533;
;0,05111175;0,1186206;2,148182;63,64532;
;0,05111203;0,1186499;2,148182;63,65532;
;0,05111432;0,1186617;2,148182;63,66532;
;0,05111828;0,1186549;2,148182;63,67532;
;0,05112671;0,1186204;2,148182;63,68532;
;0,05113501;0,1185778;2,148182;63,69532;
;0,05114431;0,1185131;2,148182;63,70531;
;0,05116368;0,1184238;2,148182;63,71531;
;0,0511729;0,1183273;2,148182;63,72531;
;0,05119293;0,1182024;2,148182;63,73531;
;0,05124267;0,1180592;2,148182;63,74531;
;0,05124267;0,1180592;2,148182;63,75531;
;0,05135135;0,1177195;2,148182;63,7653;
;0,05143065;0,1175035;2,148182;63,7753;
;0,05146702;0,1172768;2,148182;63,7853;
;0,05149937;0,1170342;2,148182;63,7953;
;0,05154265;0,1167864;2,148182;63,8053;
;0,05159518;0,1165267;2,148182;63,8153;
;0,05165793;0,1162279;2,148182;63,82529;
;0,05174384;0,1158837;2,148182;63,83529;
;0,05180681;0,1155626;2,148182;63,84529;
;0,05174906;0,1156044;2,148182;63,85529;
;0,05165461;0,1158504;2,148182;63,86529;
;0,05158781;0,1161268;2,148182;63,87529;
;0,05153702;0,1164041;2,148182;63,88528;
;0,05147463;0,11668;2,148182;63,89528;
;0,05147463;0,11668;2,148182;63,90528;
;0,05140279;0,1171359;2,148182;63,91528;
;0,05136322;0,1173704;2,148182;63,92528;
;0,05132304;0,1175899;2,148182;63,93528;
;0,05128206;0,1177749;2,148182;63,94527;
;0,05123746;0,1179392;2,148182;63,95527;
;0,05119012;0,1180885;2,148182;63,96527;
;0,05115688;0,1182163;2,148182;63,97527;
;0,05115657;0,1183395;2,148182;63,98527;
;0,05116085;0,1184389;2,148182;63,99527;
;0,05116594;0,11852;2,148182;64,00526;
;0,05116594;0,11852;2,148182;64,01527;
;0,05114664;0,1186154;2,148182;64,02527;
;0,05112236;0,1186502;2,148182;64,03527;
;0,05110923;0,1186642;2,148182;64,04527;
;0,05111168;0,1186498;2,148182;64,05527;
;0,05112328;0,1186231;2,148182;64,06528;
;0,05113953;0,1185767;2,148182;64,07528;
;0,05116014;0,1185034;2,148182;64,08528;
;0,05118059;0,1184242;2,148182;64,09528;
;0,05120285;0,1183213;2,148182;64,10529;
;0,05122771;0,1181918;2,148182;64,11529;
;0,05123969;0,1180513;2,148182;64,12529;
;0,05127556;0,1178871;2,148182;64,13529;
;0,05132567;0,1177138;2,148182;64,14529;
;0,05137671;0,117504;2,148182;64,1553;
;0,05137671;0,117504;2,148182;64,1653;
;0,0514532;0,1170842;2,148182;64,1753;
;0,05153953;0,1168019;2,148182;64,1853;
;0,05160445;0,1165075;2,148182;64,1953;
;0,05165351;0,1162197;2,148182;64,20531;
;0,05169092;0,1159142;2,148182;64,21531;
;0,05179311;0,115591;2,148182;64,22531;
;0,05183375;0,1154318;2,148182;64,23531;
;0,05175081;0,1156486;2,148182;64,24532;
;0,05165895;0,1159609;2,148182;64,25532;
;0,05159091;0,1162617;2,148182;64,26532;
;0,05153741;0,1165443;2,148182;64,27532;
;0,05148314;0,1168195;2,148182;64,28532;
;0,05142962;0,1170667;2,148182;64,29533;
;0,05137685;0,1172829;2,148182;64,30533;
;0,05131431;0,1174991;2,148182;64,31533;
;0,05125129;0,1176956;2,148182;64,32533;
;0,05122903;0,1178864;2,148182;64,33533;
;0,05121656;0,118053;2,148182;64,34534;
;0,05119675;0,1181926;2,148182;64,35534;
;0,05117055;0,118318;2,148182;64,36534;
;0,05114356;0,1184172;2,148182;64,37534;
;0,05111592;0,118511;2,148182;64,38535;
;0,05111592;0,118511;2,148182;64,39535;
;0,05109696;0,11861;2,148182;64,40535;
;0,05109907;0,1186521;2,148182;64,41535;
;0,05110507;0,1186625;2,148182;64,42535;
;0,05111171;0,1186503;2,148182;64,43536;
;0,051122;0,1186197;2,148182;64,44536;
;0,05113779;0,1185599;2,148182;64,45536;
;0,05116017;0,1184799;2,148182;64,46536;
;0,05118732;0,1183816;2,148182;64,47536;
;0,05121747;0,1182642;2,148182;64,48537;
;0,05124742;0,1181321;2,148182;64,49537;
;0,05127582;0,117976;2,148182;64,50537;
;0,05130318;0,1178126;2,148182;64,51537;
;0,05133644;0,117617;2,148182;64,52538;
;0,05139438;0,1173996;2,148182;64,53538;
;0,0514863;0,1171606;2,148182;64,54538;
;0,0514863;0,1171606;2,148182;64,55538;
;0,0515531;0,11671;2,148182;64,56538;
;0,05163227;0,11643;2,148182;64,57539;
;0,05169889;0,1161286;2,148182;64,58539;
;0,05175479;0,1158162;2,148182;64,59539;
;0,05184631;0,1154954;2,148182;64,60539;
;0,05180553;0,1154753;2,148182;64,61539;
;0,05169738;0,1157486;2,148182;64,6254;
;0,05160916;0,1160319;2,148182;64,6354;
;0,05157923;0,1163219;2,148182;64,6454;
;0,05154985;0,1165912;2,148182;64,6554;
;0,05149725;0,1168499;2,148182;64,66541;
;0,05143509;0,1170897;2,148182;64,67541;
;0,0513771;0,1173247;2,148182;64,68541;
;0,05132336;0,1175786;2,148182;64,69541;
;0,05128187;0,1177792;2,148182;64,70541;
;0,0512483;0,1179487;2,148182;64,71542;
;0,05121737;0,1181014;2,148182;64,72542;
;0,05121737;0,1181014;2,148182;64,73542;
;0,05117095;0,1183218;2,148182;64,74542;
;0,05112798;0,1184349;2,148182;64,75542;
;0,05108988;0,1185218;2,148182;64,76543;
;0,05108166;0,11858;2,148182;64,77543;
;0,05109496;0,1186307;2,148182;64,78543;
;0,05110627;0,1186564;2,148182;64,79543;
;0,05111285;0,1186594;2,148182;64,80544;
;0,05111662;0,1186536;2,148182;64,81544;
;0,05112372;0,1186198;2,148182;64,82544;
;0,05113247;0,118573;2,148182;64,83544;
;0,05114111;0,1185088;2,148182;64,84544;
;0,05116684;0,1184099;2,148182;64,85545;
;0,05119412;0,1183074;2,148182;64,86545;
;0,05121832;0,1181825;2,148182;64,87545;
;0,05127985;0,1180374;2,148182;64,88545;
;0,05127985;0,1180374;2,148182;64,89545;
;0,05134052;0,1177345;2,148182;64,90546;
;0,05139649;0,1175281;2,148182;64,91546;
;0,05145825;0,1172969;2,148182;64,92546;
;0,05150824;0,1170693;2,148182;64,93546;
;0,05155502;0,1168137;2,148182;64,94547;
;0,05159731;0,1165479;2,148182;64,95547;
;0,05164725;0,1162693;2,148182;64,96547;
;0,0517191;0,1159785;2,148182;64,97547;
;0,05177649;0,1156525;2,148182;64,98547;
;0,05186302;0,1152576;2,148182;64,99548;
;0,05184208;0,1152141;2,148182;65,00548;
;0,05174433;0,115468;2,148182;65,01548;
;0,0516604;0,1157665;2,148182;65,02548;
;0,05159396;0,1160544;2,148182;65,03548;
;0,05157613;0,1163373;2,148182;65,04549;
;0,0515655;0,116624;2,148182;65,05549;
;0,05150804;0,116887;2,148182;65,06549;
;0,05143115;0,1171226;2,148182;65,07549;
;0,05137065;0,1173465;2,148182;65,08549;
;0,05132676;0,1175465;2,148182;65,0955;
;0,05128933;0,1177429;2,148182;65,1055;
;0,05125656;0,1179165;2,148182;65,1155;
;0,05122346;0,11808;2,148182;65,1255;
;0,05119105;0,1182165;2,148182;65,13551;
;0,05119105;0,1182165;2,148182;65,14551;
;0,05113988;0,11841;2,148182;65,15551;
;0,05110304;0,1185012;2,148182;65,16551;
;0,05110306;0,1185653;2,148182;65,17551;
;0,05110975;0,118619;2,148182;65,18552;
;0,0511262;0,1186476;2,148182;65,19552;
;0,05114444;0,1186629;2,148182;65,20552;
;0,0511338;0,1186556;2,148182;65,21552;
;0,05112714;0,118622;2,148182;65,22552;
;0,05113528;0,1185798;2,148182;65,23553;
;0,05115378;0,1185113;2,148182;65,24553;
;0,05117784;0,1184275;2,148182;65,25553;
;0,05120604;0,1183242;2,148182;65,26553;
;0,05123884;0,1181963;2,148182;65,27554;
;0,05127313;0,1180532;2,148182;65,28554;
;0,05130584;0,1178865;2,148182;65,29554;
;0,05130584;0,1178865;2,148182;65,30554;
;0,05136755;0,1175477;2,148182;65,31554;
;0,05146891;0,1173204;2,148182;65,32555;
;0,05152178;0,11709;2,148182;65,33555;
;0,05154873;0,1168309;2,148182;65,34555;
;0,05158355;0,1165715;2,148182;65,35555;
;0,05163482;0,1162844;2,148182;65,36555;
;0,05170032;0,1159725;2,148182;65,37556;
;0,05177538;0,1156478;2,148182;65,38556;
;0,05175742;0,1153068;2,148182;65,39556;
;0,05174404;0,1155312;2,148182;65,40556;
;0,05169612;0,1158106;2,148182;65,41557;
;0,051635;0,116102;2,148182;65,42557;
;0,05157455;0,1163782;2,148182;65,43557;
;0,05150758;0,1166676;2,148182;65,44557;
;0,05150758;0,1166676;2,148182;65,45557;
;0,05139326;0,1171198;2,148182;65,46558;
;0,05132504;0,1173591;2,148182;65,47558;
;0,05129931;0,1175772;2,148182;65,48558;
;0,05127943;0,117764;2,148182;65,49558;
;0,05125185;0,1179371;2,148182;65,50558;
;0,05122699;0,1180907;2,148182;65,51559;
;0,05121515;0,1182307;2,148182;65,52559;
;0,05118685;0,1183541;2,148182;65,53559;
;0,05115702;0,1184516;2,148182;65,54559;
;0,05114276;0,1185305;2,148182;65,5556;
;0,05113097;0,1185926;2,148182;65,5656;
;0,05112313;0,1186293;2,148182;65,5756;
;0,05112313;0,1186293;2,148182;65,5856;
;0,05112273;0,118658;2,148182;65,5956;
;0,05112745;0,118644;2,148182;65,60561;
;0,05113914;0,1186185;2,148182;65,61561;
;0,05114913;0,1185656;2,148182;65,62561;
;0,05116193;0,1184914;2,148182;65,63561;
;0,05118121;0,1184027;2,148182;65,64561;
;0,05120851;0,1182775;2,148182;65,65562;
;0,05124244;0,1181473;2,148182;65,66562;
;0,0512809;0,1179877;2,148182;65,67562;
;0,05132606;0,1177889;2,148182;65,68562;
;0,05137192;0,1175813;2,148182;65,69563;
;0,05141253;0,1173622;2,148182;65,70563;
;0,05144962;0,1171304;2,148182;65,71563;
;0,05149958;0,1168785;2,148182;65,72563;
;0,05156051;0,1166056;2,148182;65,73563;
;0,05161729;0,1163134;2,148182;65,74564;
;0,05166264;0,116005;2,148182;65,75564;
;0,05173726;0,1156878;2,148182;65,76564;
;0,05180909;0,115348;2,148182;65,77564;
;0,05180017;0,1155166;2,148182;65,78564;
;0,05180017;0,1155166;2,148182;65,79565;
;0,05168898;0,1160118;2,148182;65,80565;
;0,05160799;0,1163115;2,148182;65,81565;
;0,05154356;0,1165864;2,148182;65,82565;
;0,05148949;0,1168573;2,148182;65,83566;
;0,05143629;0,1170998;2,148182;65,84566;
;0,0513836;0,1173249;2,148182;65,85566;
;0,05133639;0,1175347;2,148182;65,86566;
;0,05129337;0,1177322;2,148182;65,87566;
;0,05125723;0,11791;2,148182;65,88567;
;0,05122757;0,1180625;2,148182;65,89567;
;0,05119885;0,118207;2,148182;65,90567;
;0,05117323;0,1183289;2,148182;65,91567;
;0,05115103;0,1184251;2,148182;65,92567;
;0,05111665;0,1185127;2,148182;65,93568;
;0,05108187;0,1185778;2,148182;65,94568;
;0,05109163;0,1186232;2,148182;65,95568;
;0,05109163;0,1186232;2,148182;65,96568;
;0,05112838;0,1186534;2,148182;65,97569;
;0,05116436;0,1186514;2,148182;65,98569;
;0,05116592;0,1186256;2,148182;65,99569;
;0,05115104;0,1185723;2,148182;66,00569;
;0,05115433;0,1185105;2,148182;66,01569;
;0,05117462;0,1184243;2,148182;66,0257;
;0,05120403;0,1183101;2,148182;66,0357;
;0,05123887;0,1181763;2,148182;66,0457;
;0,05127716;0,1180185;2,148182;66,0557;
;0,05131462;0,1178554;2,148182;66,0657;
;0,05135361;0,1176667;2,148182;66,07571;
;0,05138084;0,1174634;2,148182;66,08571;
;0,05140915;0,1172383;2,148182;66,09571;
;0,05147552;0,1169982;2,148182;66,10571;
;0,05155265;0,1167299;2,148182;66,11572;
;0,05163504;0,1164448;2,148182;66,12572;
;0,05163504;0,1164448;2,148182;66,13572;
;0,05171989;0,115893;2,148182;66,14572;
;0,05180556;0,1155521;2,148182;66,15572;
;0,05175287;0,1155042;2,148182;66,16573;
;0,05166931;0,1157293;2,148182;66,17573;
;0,05162482;0,1160064;2,148182;66,18573;
;0,05159132;0,1162725;2,148182;66,19573;
;0,05153971;0,1165338;2,148182;66,20573;
;0,05149769;0,1167904;2,148182;66,21574;
;0,05144736;0,1170501;2,148182;66,22574;
;0,05139469;0,1172925;2,148182;66,23574;
;0,05135044;0,1175027;2,148182;66,24574;
;0,05132489;0,1176912;2,148182;66,25574;
;0,0512883;0,1178777;2,148182;66,26575;
;0,05124501;0,1180367;2,148182;66,27575;
;0,05120318;0,1181851;2,148182;66,28575;
;0,05117124;0,1183131;2,148182;66,29575;
;0,05114863;0,1184247;2,148182;66,30576;
;0,05113343;0,1185162;2,148182;66,31576;
;0,05112202;0,1185862;2,148182;66,32576;
;0,05111343;0,118636;2,148182;66,33576;
;0,05110587;0,1186559;2,148182;66,34576;
;0,05109908;0,1186619;2,148182;66,35577;
;0,05109908;0,1186619;2,148182;66,36577;
;0,05110928;0,1186105;2,148182;66,37577;
;0,05113335;0,1185647;2,148182;66,38577;
;0,05115803;0,1184925;2,148182;66,39577;
;0,05117496;0,1183925;2,148182;66,40578;
;0,05117729;0,1182777;2,148182;66,41578;
;0,05120956;0,118145;2,148182;66,42578;
;0,05126138;0,1180038;2,148182;66,43578;
;0,0513129;0,1178309;2,148182;66,44579;
;0,05136073;0,1176404;2,148182;66,45579;
;0,05140826;0,1174077;2,148182;66,46579;
;0,05145909;0,1171622;2,148182;66,47579;
;0,05150516;0,1169096;2,148182;66,48579;
;0,05155478;0,1166345;2,148182;66,4958;
;0,05160787;0,116338;2,148182;66,5058;
;0,05171104;0,1160293;2,148182;66,5158;
;0,05179578;0,1156984;2,148182;66,5258;
;0,05186965;0,1153532;2,148182;66,5358;
;0,05180359;0,1155031;2,148182;66,54581;
;0,05172375;0,1157841;2,148182;66,55581;
;0,05165089;0,1160788;2,148182;66,56581;
;0,05157971;0,1163689;2,148182;66,57581;
;0,05151737;0,1166446;2,148182;66,58582;
;0,0514606;0,1169125;2,148182;66,59582;
;0,05140989;0,117166;2,148182;66,60582;
;0,05136754;0,117379;2,148182;66,61582;
;0,05132404;0,11759;2,148182;66,62582;
;0,05128275;0,1177811;2,148182;66,63583;
;0,05124437;0,1179488;2,148182;66,64583;
;0,05124437;0,1179488;2,148182;66,65583;
;0,05115681;0,118204;2,148182;66,66583;
;0,05113081;0,118339;2,148182;66,67583;
;0,05112919;0,1184447;2,148182;66,68584;
;0,05112615;0,1185222;2,148182;66,69584;
;0,051119;0,1185942;2,148182;66,70584;
;0,05111396;0,1186361;2,148182;66,71584;
;0,05111269;0,1186587;2,148182;66,72585;
;0,05111552;0,1186614;2,148182;66,73585;
;0,05112398;0,1186322;2,148182;66,74585;
;0,05113138;0,1185942;2,148182;66,75585;
;0,05112463;0,1185316;2,148182;66,76585;
;0,05115376;0,1184489;2,148182;66,77586;
;0,05119238;0,1183478;2,148182;66,78586;
;0,05123187;0,1182175;2,148182;66,79586;
;0,0512712;0,1180818;2,148182;66,80586;
;0,05131904;0,1179199;2,148182;66,81586;
;0,05137617;0,1177358;2,148182;66,82587;
;0,05141055;0,1175198;2,148182;66,83587;
;0,05144014;0,1172949;2,148182;66,84587;
;0,051479;0,1170578;2,148182;66,85587;
;0,05152977;0,116799;2,148182;66,86588;
;0,05158781;0,1165202;2,148182;66,87588;
;0,05165064;0,1161988;2,148182;66,88588;
;0,05170387;0,1159034;2,148182;66,89588;
;0,0517457;0,1155881;2,148182;66,90588;
;0,05182483;0,1152527;2,148182;66,91589;
;0,05182483;0,1152527;2,148182;66,92589;
;0,05176518;0,1156374;2,148182;66,93589;
;0,05166353;0,1159347;2,148182;66,94589;
;0,05160089;0,1162257;2,148182;66,95589;
;0,05155881;0,1165021;2,148182;66,9659;
;0,05150748;0,1167643;2,148182;66,9759;
;0,05144958;0,1170159;2,148182;66,9859;
;0,05139713;0,1172419;2,148182;66,9959;
;0,05134926;0,1174595;2,148182;67,00591;
;0,05130634;0,1176731;2,148182;67,01591;
;0,05127071;0,1178511;2,148182;67,02591;
;0,05123536;0,1180174;2,148182;67,03591;
;0,05120371;0,11816;2,148182;67,04591;
;0,05115804;0,1182902;2,148182;67,05592;
;0,05111286;0,1183953;2,148182;67,06592;
;0,05110424;0,1184894;2,148182;67,07592;
;0,05111098;0,1185661;2,148182;67,08592;
;0,05112222;0,1186154;2,148182;67,09592;
;0,05114524;0,1186505;2,148182;67,10593;
;0,05114784;0,1186641;2,148182;67,11593;
;0,05113371;0,1186506;2,148182;67,12593;
;0,05112603;0,1186312;2,148182;67,13593;
;0,05113465;0,1185824;2,148182;67,14594;
;0,0511572;0,118516;2,148182;67,15594;
;0,05118864;0,1184296;2,148182;67,16594;
;0,05123676;0,1183118;2,148182;67,17594;
;0,05128068;0,1181875;2,148182;67,18594;
;0,05128068;0,1181875;2,148182;67,19595;
;0,05131825;0,1179101;2,148182;67,20595;
;0,05135826;0,1177203;2,148182;67,21595;
;0,0513969;0,1175006;2,148182;67,22595;
;0,05144671;0,1172678;2,148182;67,23595;
;0,05151371;0,1170183;2,148182;67,24596;
;0,05156755;0,1167371;2,148182;67,25596;
;0,0516155;0,1164448;2,148182;67,26596;
;0,05166617;0,1161537;2,148182;67,27596;
;0,05172797;0,1158109;2,148182;67,28596;
;0,05180694;0,1154503;2,148182;67,29597;
;0,05176905;0,115346;2,148182;67,30597;
;0,05170441;0,1155785;2,148182;67,31597;
;0,05163324;0,1158771;2,148182;67,32597;
;0,05154678;0,116195;2,148182;67,33598;
;0,05150777;0,116488;2,148182;67,34598;
;0,05147837;0,1167553;2,148182;67,35598;
;0,05143808;0,1170169;2,148182;67,36598;
;0,0513926;0,1172475;2,148182;67,37598;
;0,05134519;0,1174688;2,148182;67,38599;
;0,05129761;0,1176671;2,148182;67,39599;
;0,05124889;0,1178516;2,148182;67,40599;
;0,05120147;0,1180205;2,148182;67,41599;
;0,05120187;0,1181785;2,148182;67,42599;
;0,05119202;0,1183097;2,148182;67,436;
;0,051163;0,1184139;2,148182;67,446;
;0,05113365;0,1185087;2,148182;67,456;
;0,05111656;0,1185745;2,148182;67,466;
;0,05110995;0,118622;2,148182;67,47601;
;0,05110984;0,1186546;2,148182;67,48601;
;0,05111518;0,1186577;2,148182;67,49601;
;0,05112138;0,1186517;2,148182;67,50601;
;0,05112635;0,118618;2,148182;67,51601;
;0,05113175;0,1185611;2,148182;67,52602;
;0,05113919;0,1184873;2,148182;67,53602;
;0,05117409;0,1183804;2,148182;67,54602;
;0,05121854;0,1182625;2,148182;67,55602;
;0,05126312;0,1181077;2,148182;67,56602;
;0,05130064;0,1179617;2,148182;67,57603;
;0,05134317;0,117785;2,148182;67,58603;
;0,05141535;0,1175844;2,148182;67,59603;
;0,05145571;0,1173566;2,148182;67,60603;
;0,05148474;0,1171099;2,148182;67,61604;
;0,05152391;0,1168551;2,148182;67,62604;
;0,05157851;0,1165738;2,148182;67,63604;
;0,05164264;0,1162839;2,148182;67,64604;
;0,05171205;0,115976;2,148182;67,65604;
;0,05180181;0,1156369;2,148182;67,66605;
;0,05184651;0,1152934;2,148182;67,67605;
;0,05183061;0,1153377;2,148182;67,68605;
;0,05174559;0,1155779;2,148182;67,69605;
;0,05166675;0,1158704;2,148182;67,70605;
;0,05160674;0,1161648;2,148182;67,71606;
;0,05155578;0,1164461;2,148182;67,72606;
;0,05149659;0,1167399;2,148182;67,73606;
;0,05142996;0,1170129;2,148182;67,74606;
;0,05142996;0,1170129;2,148182;67,75607;
;0,05131046;0,1174266;2,148182;67,76607;
;0,05126425;0,1176663;2,148182;67,77607;
;0,05124739;0,1178583;2,148182;67,78607;
;0,05123462;0,1180312;2,148182;67,79607;
;0,05122389;0,1181906;2,148182;67,80608;
;0,05119788;0,1183159;2,148182;67,81608;
;0,05117062;0,1184246;2,148182;67,82608;
;0,05114282;0,1185116;2,148182;67,83608;
;0,05112264;0,1185757;2,148182;67,84608;
;0,05111283;0,1186272;2,148182;67,85609;
;0,05111129;0,1186519;2,148182;67,86609;
;0,05111674;0,1186626;2,148182;67,87609;
;0,05113142;0,1186478;2,148182;67,88609;
;0,05116334;0,1186083;2,148182;67,8961;
;0,05118617;0,1185475;2,148182;67,9061;
;0,05118683;0,1184608;2,148182;67,9161;
;0,05119852;0,1183656;2,148182;67,9261;
;0,05122951;0,1182386;2,148182;67,9361;
;0,05128303;0,1180876;2,148182;67,94611;
;0,05132257;0,1179203;2,148182;67,95611;
;0,05135317;0,1177327;2,148182;67,96611;
;0,05138773;0,1175323;2,148182;67,97611;
;0,05143848;0,1172878;2,148182;67,98611;
;0,05151057;0,1170351;2,148182;67,99612;
;0,0515818;0,116767;2,148182;68,00612;
;0,05162498;0,1164868;2,148182;68,01612;
;0,05167256;0,1162046;2,148182;68,02612;
;0,05173572;0,1158862;2,148182;68,03613;
;0,051802;0,1155559;2,148182;68,04613;
;0,051751;0,1153816;2,148182;68,05613;
;0,05167079;0,1156002;2,148182;68,06613;
;0,05165432;0,1159063;2,148182;68,07613;
;0,05162714;0,1162052;2,148182;68,08614;
;0,05157261;0,1164985;2,148182;68,09614;
;0,05151007;0,1167655;2,148182;68,10614;
;0,05144938;0,1170231;2,148182;68,11614;
;0,05140054;0,1172601;2,148182;68,12614;
;0,05137123;0,1174879;2,148182;68,13615;
;0,05132547;0,1177013;2,148182;68,14615;
;0,05127547;0,1178816;2,148182;68,15615;
;0,05122869;0,1180528;2,148182;68,16615;
;0,05119393;0,1181971;2,148182;68,17616;
;0,05116813;0,1183274;2,148182;68,18616;
;0,0511485;0,1184413;2,148182;68,19616;
;0,05113373;0,1185242;2,148182;68,20616;
;0,05112018;0,1185934;2,148182;68,21616;
;0,05110701;0,1186339;2,148182;68,22617;
;0,05108671;0,118661;2,148182;68,23617;
;0,05106265;0,1186569;2,148182;68,24617;
;0,05108778;0,1186313;2,148182;68,25617;
;0,05112153;0,1185903;2,148182;68,26617;
;0,05114836;0,1185171;2,148182;68,27618;
;0,05117669;0,1184348;2,148182;68,28618;
;0,05121424;0,1183244;2,148182;68,29618;
;0,05127303;0,118195;2,148182;68,30618;
;0,05130349;0,1180505;2,148182;68,31618;
;0,05132035;0,1178778;2,148182;68,32619;
;0,05134937;0,1176964;2,148182;68,33619;
;0,05140843;0,1174886;2,148182;68,34619;
;0,05145812;0,1172694;2,148182;68,35619;
;0,05149768;0,117025;2,148182;68,3662;
;0,05153741;0,1167792;2,148182;68,3762;
;0,05158716;0,1164989;2,148182;68,3862;
;0,05164737;0,1162003;2,148182;68,3962;
;0,05170504;0,1158973;2,148182;68,4062;
;0,05175349;0,1155782;2,148182;68,41621;
;0,05177497;0,1152807;2,148182;68,42621;
;0,05172605;0,1154721;2,148182;68,43621;
;0,05168144;0,1157678;2,148182;68,44621;
;0,05163245;0,1160681;2,148182;68,45621;
;0,05157074;0,1163767;2,148182;68,46622;
;0,05150652;0,1166551;2,148182;68,47622;
;0,05147202;0,1169126;2,148182;68,48622;
;0,05142595;0,1171624;2,148182;68,49622;
;0,05137217;0,1173956;2,148182;68,50623;
;0,05132293;0,1176113;2,148182;68,51623;
;0,05128443;0,1177887;2,148182;68,52623;
;0,05125183;0,1179801;2,148182;68,53623;
;0,05123558;0,1181383;2,148182;68,54623;
;0,05122259;0,1182788;2,148182;68,55624;
;0,05118535;0,1183938;2,148182;68,56624;
;0,05114699;0,1184971;2,148182;68,57624;
;0,05112746;0,1185723;2,148182;68,58624;
;0,0511279;0,1186161;2,148182;68,59624;
;0,05113936;0,1186539;2,148182;68,60625;
;0,0511401;0,1186618;2,148182;68,61625;
;0,05114147;0,1186493;2,148182;68,62625;
;0,05114232;0,1186191;2,148182;68,63625;
;0,0511498;0,1185571;2,148182;68,64626;
;0,05116786;0,1184884;2,148182;68,65626;
;0,05119648;0,1183905;2,148182;68,66626;
;0,05124442;0,1182678;2,148182;68,67626;
;0,05127963;0,1181305;2,148182;68,68626;
;0,05131402;0,117963;2,148182;68,69627;
;0,0513428;0,1177813;2,148182;68,70627;
;0,05137919;0,1175661;2,148182;68,71627;
;0,05142949;0,1173438;2,148182;68,72627;
;0,05149839;0,117095;2,148182;68,73627;
;0,05155222;0,1168316;2,148182;68,74628;
;0,05159753;0,1165447;2,148182;68,75628;
;0,05164831;0,1162476;2,148182;68,76628;
;0,05171041;0,1159411;2,148182;68,77628;
;0,05178713;0,1156065;2,148182;68,78629;
;0,05173303;0,1152798;2,148182;68,79629;
;0,05170946;0,1154124;2,148182;68,80629;
;0,05168929;0,1156881;2,148182;68,81629;
;0,05165086;0,1159679;2,148182;68,82629;
;0,05160306;0,1162395;2,148182;68,8363;
;0,05155904;0,1165169;2,148182;68,8463;
;0,05153009;0,1167765;2,148182;68,8563;
;0,05147263;0,1170359;2,148182;68,8663;
;0,0514093;0,1172792;2,148182;68,8763;
;0,05135329;0,1174977;2,148182;68,88631;
;0,05130544;0,1176995;2,148182;68,89631;
;0,05126691;0,1178881;2,148182;68,90631;
;0,05124145;0,1180621;2,148182;68,91631;
;0,0512176;0,1182171;2,148182;68,92632;
;0,05118708;0,1183356;2,148182;68,93632;
;0,05115475;0,1184402;2,148182;68,94632;
;0,05113028;0,1185243;2,148182;68,95632;
;0,05111708;0,1185832;2,148182;68,96632;
;0,05111146;0,1186344;2,148182;68,97633;
;0,05111149;0,1186574;2,148182;68,98633;
;0,05111507;0,1186604;2,148182;68,99633;
;0,05111957;0,1186483;2,148182;69,00633;
;0,05111957;0,1186483;2,148182;69,01633;
;0,05111549;0,118566;2,148182;69,02634;
;0,05111113;0,1184942;2,148182;69,03634;
;0,05116073;0,1183965;2,148182;69,04634;
;0,05122044;0,1182883;2,148182;69,05634;
;0,0512572;0,1181564;2,148182;69,06635;
;0,0512825;0,1180068;2,148182;69,07635;
;0,05131269;0,1178332;2,148182;69,08635;
;0,05135421;0,1176394;2,148182;69,09635;
;0,0514038;0,1174285;2,148182;69,10635;
;0,05145945;0,1171744;2,148182;69,11636;
;0,05151321;0,1169266;2,148182;69,12636;
;0,05155994;0,1166617;2,148182;69,13636;
;0,05159997;0,116404;2,148182;69,14636;
;0,05168711;0,116114;2,148182;69,15636;
;0,0517565;0,1158015;2,148182;69,16637;
;0,05180435;0,1154781;2,148182;69,17637;
;0,05166327;0,1152401;2,148182;69,18637;
;0,05167469;0,1154609;2,148182;69,19637;
;0,05170693;0,1157484;2,148182;69,20638;
;0,05167075;0,1160387;2,148182;69,21638;
;0,05159505;0,1163279;2,148182;69,22638;
;0,05152509;0,1165996;2,148182;69,23638;
;0,051469;0,1168667;2,148182;69,24638;
;0,05142252;0,1171105;2,148182;69,25639;
;0,05137537;0,1173423;2,148182;69,26639;
;0,05132733;0,117547;2,148182;69,27639;
;0,05127644;0,1177353;2,148182;69,28639;
;0,0512265;0,1179056;2,148182;69,29639;
;0,05120214;0,1180713;2,148182;69,3064;
;0,05118824;0,1182174;2,148182;69,3164;
;0,05118527;0,1183427;2,148182;69,3264;
;0,05116249;0,1184503;2,148182;69,3364;
;0,05113893;0,1185296;2,148182;69,34641;
;0,05112235;0,1185969;2,148182;69,35641;
;0,05111448;0,1186389;2,148182;69,36641;
;0,05111495;0,1186589;2,148182;69,37641;
;0,05112347;0,1186608;2,148182;69,38641;
;0,05114467;0,1186332;2,148182;69,39642;
;0,05117925;0,1185951;2,148182;69,40642;
;0,05118918;0,1185272;2,148182;69,41642;
;0,05119225;0,1184345;2,148182;69,42642;
;0,05120908;0,1183245;2,148182;69,43642;
;0,05125361;0,1181842;2,148182;69,44643;
;0,05129557;0,1180358;2,148182;69,45643;
;0,05132573;0,1178557;2,148182;69,46643;
;0,05135725;0,1176601;2,148182;69,47643;
;0,05139991;0,117454;2,148182;69,48643;
;0,0514533;0,1172366;2,148182;69,49644;
;0,05153039;0,1169806;2,148182;69,50644;
;0,0515883;0,1167201;2,148182;69,51644;
;0,05162562;0,1164217;2,148182;69,52644;
;0,05166997;0,116122;2,148182;69,53645;
;0,05172836;0,115807;2,148182;69,54645;
;0,05180518;0,1154798;2,148182;69,55645;
;0,05183544;0,1152665;2,148182;69,56645;
;0,05176827;0,1154706;2,148182;69,57645;
;0,0516931;0,1157734;2,148182;69,58646;
;0,0516217;0,1160756;2,148182;69,59646;
;0,05153791;0,1163701;2,148182;69,60646;
;0,05147308;0,1166569;2,148182;69,61646;
;0,0514366;0,1169365;2,148182;69,62646;
;0,05138675;0,1172429;2,148182;69,63647;
;0,05133523;0,1175346;2,148182;69,64647;
;0,05129157;0,1177478;2,148182;69,65647;
;0,05129157;0,1177478;2,148182;69,66647;
;0,05124287;0,1180371;2,148182;69,67648;
;0,05120855;0,1181879;2,148182;69,68648;
;0,0512011;0,1183189;2,148182;69,69648;
;0,05117994;0,1184234;2,148182;69,70648;
;0,0511526;0,1185007;2,148182;69,71648;
;0,05112799;0,1185721;2,148182;69,72649;
;0,05111404;0,1186206;2,148182;69,73649;
;0,05111014;0,1186503;2,148182;69,74649;
;0,05111343;0,1186644;2,148182;69,75649;
;0,05112308;0,118648;2,148182;69,76649;
;0,05113351;0,1186251;2,148182;69,7765;
;0,05114672;0,1185759;2,148182;69,7865;
;0,05116424;0,1185061;2,148182;69,7965;
;0,05118497;0,1184199;2,148182;69,8065;
;0,05123432;0,1183004;2,148182;69,81651;
;0,05127443;0,1181677;2,148182;69,82651;
;0,05129901;0,1180139;2,148182;69,83651;
;0,05133075;0,1178355;2,148182;69,84651;
;0,05136804;0,1176467;2,148182;69,85651;
;0,0514131;0,1174475;2,148182;69,86652;
;0,05145492;0,1172163;2,148182;69,87652;
;0,05150196;0,1169675;2,148182;69,88652;
;0,05155474;0,1166938;2,148182;69,89652;
;0,05161415;0,116406;2,148182;69,90652;
;0,05167332;0,1161267;2,148182;69,91653;
;0,05173023;0,115816;2,148182;69,92653;
;0,05177337;0,1154975;2,148182;69,93653;
;0,05178773;0,1151494;2,148182;69,94653;
;0,05175417;0,1153301;2,148182;69,95654;
;0,05171359;0,1156128;2,148182;69,96654;
;0,05166749;0,1159032;2,148182;69,97654;
;0,05161;0,1161971;2,148182;69,98654;
;0,05154605;0,1164619;2,148182;69,99654;
;0,05147268;0,116709;2,148182;70,00655;
;0,05147268;0,116709;2,148182;70,01655;
;0,05140422;0,117136;2,148182;70,02655;
;0,05136793;0,1173726;2,148182;70,03655;
;0,05132687;0,1175824;2,148182;70,04655;
;0,05128783;0,117767;2,148182;70,05656;
;0,05125279;0,117948;2,148182;70,06656;
;0,05122451;0,1180997;2,148182;70,07656;
;0,05119988;0,1182342;2,148182;70,08656;
;0,05117845;0,1183511;2,148182;70,09657;
;0,05116837;0,1184442;2,148182;70,10657;
;0,05116551;0,1185326;2,148182;70,11657;
;0,0511475;0,1185928;2,148182;70,12657;
;0,05112645;0,1186363;2,148182;70,13657;
;0,05111641;0,1186605;2,148182;70,14658;
;0,05112806;0,1186561;2,148182;70,15658;
;0,05114835;0,1186375;2,148182;70,16658;
;0,05115785;0,1185885;2,148182;70,17658;
;0,05116471;0,118526;2,148182;70,18658;
;0,05118257;0,1184386;2,148182;70,19659;
;0,05122763;0,118326;2,148182;70,20659;
;0,05126143;0,118196;2,148182;70,21659;
;0,05129011;0,1180481;2,148182;70,22659;
;0,05131778;0,1178812;2,148182;70,2366;
;0,05134961;0,117686;2,148182;70,2466;
;0,05139156;0,1174802;2,148182;70,2566;
;0,05143945;0,1172435;2,148182;70,2666;
;0,05149385;0,1169975;2,148182;70,2766;
;0,0515515;0,1167272;2,148182;70,28661;
;0,05160788;0,1164385;2,148182;70,29661;
;0,05166028;0,1161182;2,148182;70,30661;
;0,05171132;0,1157918;2,148182;70,31661;
;0,05183242;0,1154342;2,148182;70,32661;
;0,05183471;0,115168;2,148182;70,33662;
;0,05175593;0,1153699;2,148182;70,34662;
;0,05167384;0,1157017;2,148182;70,35662;
;0,05164421;0,1159448;2,148182;70,36662;
;0,05158351;0,1162369;2,148182;70,37663;
;0,05151377;0,1165178;2,148182;70,38663;
;0,05143108;0,1167806;2,148182;70,39663;
;0,05139537;0,1170318;2,148182;70,40663;
;0,05137312;0,1172611;2,148182;70,41663;
;0,05134133;0,117487;2,148182;70,42664;
;0,05129955;0,1177024;2,148182;70,43664;
;0,05125781;0,1178864;2,148182;70,44664;
;0,05121448;0,1180543;2,148182;70,45664;
;0,05117071;0,1182043;2,148182;70,46664;
;0,05112807;0,1183233;2,148182;70,47665;
;0,05112358;0,1184301;2,148182;70,48665;
;0,05112135;0,1185199;2,148182;70,49665;
;0,05111505;0,1185821;2,148182;70,50665;
;0,05110934;0,1186326;2,148182;70,51665;
;0,05110891;0,1186552;2,148182;70,52666;
;0,05111177;0,1186616;2,148182;70,53666;
;0,0511152;0,1186465;2,148182;70,54666;
;0,05111582;0,1186004;2,148182;70,55666;
;0,0511077;0,1185379;2,148182;70,56667;
;0,05113231;0,1184524;2,148182;70,57667;
;0,05117714;0,1183603;2,148182;70,58667;
;0,05122013;0,1182374;2,148182;70,59667;
;0,05125812;0,1180951;2,148182;70,60667;
;0,05129325;0,1179351;2,148182;70,61668;
;0,05133092;0,1177473;2,148182;70,62668;
;0,05136656;0,1175412;2,148182;70,63668;
;0,05140993;0,1173161;2,148182;70,64668;
;0,0514529;0,1170887;2,148182;70,65668;
;0,05151578;0,1168138;2,148182;70,66669;
;0,051585;0,1165356;2,148182;70,67669;
;0,05164258;0,1162529;2,148182;70,68669;
;0,05170027;0,1159434;2,148182;70,69669;
;0,05179712;0,1156246;2,148182;70,7067;
;0,05186698;0,1152998;2,148182;70,7167;
;0,05186841;0,1151138;2,148182;70,7267;
;0,05176059;0,1153254;2,148182;70,7367;
;0,0516717;0,1156025;2,148182;70,7467;
;0,05163792;0,1159;2,148182;70,75671;
;0,05160462;0,1161878;2,148182;70,76671;
;0,05155547;0,1164647;2,148182;70,77671;
;0,05149549;0,1167242;2,148182;70,78671;
;0,05141009;0,1169836;2,148182;70,79671;
;0,05135828;0,1172204;2,148182;70,80672;
;0,05133135;0,1174448;2,148182;70,81672;
;0,05130272;0,1176641;2,148182;70,82672;
;0,05127621;0,1178575;2,148182;70,83672;
;0,05126649;0,1180286;2,148182;70,84673;
;0,05123665;0,1181774;2,148182;70,85673;
;0,05119063;0,1183026;2,148182;70,86673;
;0,05115211;0,1184148;2,148182;70,87673;
;0,05112919;0,1185043;2,148182;70,88673;
;0,05111727;0,1185796;2,148182;70,89674;
;0,05111245;0,118629;2,148182;70,90674;
;0,05111225;0,1186515;2,148182;70,91674;
;0,05111311;0,1186631;2,148182;70,92674;
;0,05111833;0,1186415;2,148182;70,93674;
;0,05112353;0,1186087;2,148182;70,94675;
;0,05113227;0,1185506;2,148182;70,95675;
;0,05115708;0,1184606;2,148182;70,96675;
;0,05117159;0,1183615;2,148182;70,97675;
;0,05119747;0,1182345;2,148182;70,98676;
;0,05124752;0,1180991;2,148182;70,99676;
;0,05129271;0,1179387;2,148182;71,00676;
;0,05133554;0,1177677;2,148182;71,01676;
;0,05137783;0,1175673;2,148182;71,02676;
;0,0514294;0,1173459;2,148182;71,03677;
;0,05149867;0,1171039;2,148182;71,04677;
;0,05156227;0,1168531;2,148182;71,05677;
;0,05159478;0,1165708;2,148182;71,06677;
;0,05163692;0,1162828;2,148182;71,07677;
;0,0516937;0,1159634;2,148182;71,08678;
;0,05176184;0,1156345;2,148182;71,09678;
;0,0518317;0,1152988;2,148182;71,10678;
;0,05174543;0,1151363;2,148182;71,11678;
;0,05171372;0,1153798;2,148182;71,12679;
;0,05168682;0,1156892;2,148182;71,13679;
;0,05162265;0,115975;2,148182;71,14679;
;0,05156383;0,1162575;2,148182;71,15679;
;0,05153141;0,116548;2,148182;71,16679;
;0,05149821;0,1168306;2,148182;71,1768;
;0,05147233;0,1170958;2,148182;71,1868;
;0,05141452;0,1173294;2,148182;71,1968;
;0,05134405;0,1175479;2,148182;71,2068;
;0,05129009;0,1177527;2,148182;71,2168;
;0,05125266;0,1179225;2,148182;71,22681;
;0,05122418;0,1180822;2,148182;71,23681;
;0,05120052;0,1182211;2,148182;71,24681;
;0,05117755;0,1183521;2,148182;71,25681;
;0,05115858;0,1184525;2,148182;71,26682;
;0,05116054;0,1185348;2,148182;71,27682;
;0,05114882;0,1185965;2,148182;71,28682;
;0,05113006;0,1186324;2,148182;71,29682;
;0,0511139;0,1186601;2,148182;71,30682;
;0,05111042;0,1186588;2,148182;71,31683;
;0,0511185;0,118641;2,148182;71,32683;
;0,05113392;0,1186014;2,148182;71,33683;
;0,05115424;0,1185355;2,148182;71,34683;
;0,05117548;0,1184548;2,148182;71,35683;
;0,05119462;0,1183468;2,148182;71,36684;
;0,0512136;0,1182233;2,148182;71,37684;
;0,05124461;0,1180712;2,148182;71,38684;
;0,05132688;0,1178945;2,148182;71,39684;
;0,05137719;0,1177012;2,148182;71,40685;
;0,05141134;0,1174944;2,148182;71,41685;
;0,05144444;0,117259;2,148182;71,42685;
;0,05149001;0,1169928;2,148182;71,43685;
;0,05154499;0,1167134;2,148182;71,44685;
;0,05160554;0,1164324;2,148182;71,45686;
;0,05166664;0,1161299;2,148182;71,46686;
;0,0517239;0,1158272;2,148182;71,47686;
;0,05176662;0,1154894;2,148182;71,48686;
;0,05174938;0,1151559;2,148182;71,49686;
;0,05172974;0,1153513;2,148182;71,50687;
;0,0516962;0,1156461;2,148182;71,51687;
;0,05162127;0,115965;2,148182;71,52687;
;0,05154612;0,1162489;2,148182;71,53687;
;0,05150161;0,116539;2,148182;71,54688;
;0,05146891;0,1168147;2,148182;71,55688;
;0,05142511;0,1170703;2,148182;71,56688;
;0,0513693;0,1173031;2,148182;71,57688;
;0,0513108;0,1175207;2,148182;71,58688;
;0,05126507;0,1177154;2,148182;71,59689;
;0,05124085;0,1179009;2,148182;71,60689;
;0,05122677;0,1180602;2,148182;71,61689;
;0,05123828;0,1181983;2,148182;71,62689;
;0,05120728;0,1183231;2,148182;71,63689;
;0,0511566;0,1184251;2,148182;71,6469;
;0,0511251;0,1185182;2,148182;71,6569;
;0,05111256;0,1185807;2,148182;71,6669;
;0,05110863;0,1186297;2,148182;71,6769;
;0,05110897;0,1186575;2,148182;71,6869;
;0,05111374;0,118658;2,148182;71,69691;
;0,05111931;0,1186482;2,148182;71,70691;
;0,05112854;0,118609;2,148182;71,71691;
;0,05113872;0,1185551;2,148182;71,72691;
;0,05114679;0,1184804;2,148182;71,73692;
;0,0511655;0,1183797;2,148182;71,74692;
;0,05118402;0,1182622;2,148182;71,75692;
;0,05122066;0,1181155;2,148182;71,76692;
;0,05126977;0,1179638;2,148182;71,77692;
;0,05131729;0,1177796;2,148182;71,78693;
;0,05136514;0,1175885;2,148182;71,79693;
;0,05141468;0,1173662;2,148182;71,80693;
;0,05147057;0,1171033;2,148182;71,81693;
;0,05152495;0,1168274;2,148182;71,82693;
;0,05157198;0,1165516;2,148182;71,83694;
;0,05163018;0,1162548;2,148182;71,84694;
;0,05170025;0,1159347;2,148182;71,85694;
;0,05176931;0,1156207;2,148182;71,86694;
;0,05184463;0,1152781;2,148182;71,87695;
;0,05183963;0,1151472;2,148182;71,88695;
;0,05172898;0,1153885;2,148182;71,89695;
;0,05163885;0,1156753;2,148182;71,90695;
;0,05161264;0,1159872;2,148182;71,91695;
;0,05158171;0,1162985;2,148182;71,92696;
;0,05151144;0,1166353;2,148182;71,93696;
;0,05145646;0,1169042;2,148182;71,94696;
;0,05135252;0,1171784;2,148182;71,95696;
;0,0513172;0,1174266;2,148182;71,96696;
;0,05129511;0,1176525;2,148182;71,97697;
;0,05126648;0,1178504;2,148182;71,98697;
;0,05123323;0,1180234;2,148182;71,99697;
;0,05120053;0,1181796;2,148182;72,00697;
;0,05117473;0,1183057;2,148182;72,01698;
;0,05115138;0,1184176;2,148182;72,02698;
;0,05113286;0,118511;2,148182;72,03698;
;0,05114786;0,1185779;2,148182;72,04698;
;0,05115396;0,1186308;2,148182;72,05698;
;0,05112991;0,1186525;2,148182;72,06699;
;0,05111206;0,1186625;2,148182;72,07699;
;0,05111257;0,1186449;2,148182;72,08699;
;0,05112563;0,1186054;2,148182;72,09699;
;0,05114523;0,1185487;2,148182;72,10699;
;0,05117084;0,1184561;2,148182;72,117;
;0,05119663;0,1183558;2,148182;72,127;
;0,05121911;0,1182253;2,148182;72,137;
;0,05123294;0,1180864;2,148182;72,147;
;0,05125025;0,1179231;2,148182;72,15701;
;0,05130682;0,1177329;2,148182;72,16701;
;0,05142802;0,1174601;2,148182;72,17701;
;0,0514868;0,1171989;2,148182;72,18701;
;0,05184824;0,1155874;2,148182;72,19701;
;0,05173719;0,1156134;2,148182;72,20702;
;0,0515854;0,1164132;2,148182;72,21702;
;0,05146381;0,1169837;2,148182;72,22702;
;0,051377;0,1174052;2,148182;72,23702;
;0,05128716;0,1178302;2,148182;72,24702;
;0,05122019;0,1181499;2,148182;72,25703;
;0,05119386;0,1183361;2,148182;72,26703;
;0,05114042;0,1185312;2,148182;72,27703;
;0,05112569;0,118636;2,148182;72,28703;
;0,05113131;0,1186619;2,148182;72,29704;
;0,05113788;0,1186356;2,148182;72,30704;
;0,05114903;0,118592;2,148182;72,31704;
;0,05116932;0,1185089;2,148182;72,32704;
;0,05122231;0,1183501;2,148182;72,33704;
;0,05141285;0,1176207;2,148182;72,34705;
;0,05141758;0,1171974;2,148182;72,35705;
;0,05112689;0,1185271;2,148182;72,36705;
;0,05112969;0,1186663;2,148182;72,37705;
;0,05121005;0,1184061;2,148182;72,38705;
;0,05132718;0,1179728;2,148182;72,39706;
;0,05144839;0,1174144;2,148182;72,40706;
;0,05164972;0,116525;2,148182;72,41706;
;0,05198341;0,1151438;2,148182;72,42706;
;0,05169533;0,1157954;2,148182;72,43707;
;0,05147878;0,1169042;2,148182;72,44707;
;0,05132335;0,1176192;2,148182;72,45707;
;0,05124533;0,1180279;2,148182;72,46707;
;0,05119348;0,1182926;2,148182;72,47707;
;0,05115667;0,1184941;2,148182;72,48708;
;0,05113406;0,1186356;2,148182;72,49708;
;0,05112745;0,1186596;2,148182;72,50708;
;0,05114313;0,1186216;2,148182;72,51708;
;0,05118457;0,1184849;2,148182;72,52708;
;0,05124619;0,1182546;2,148182;72,53709;
;0,05133878;0,1178682;2,148182;72,54709;
;0,05143656;0,117446;2,148182;72,55709;
;0,05153874;0,1169842;2,148182;72,56709;
;0,05157946;0,116623;2,148182;72,5771;
;0,05173144;0,1161011;2,148182;72,5871;
;0,05177079;0,1157391;2,148182;72,5971;
;0,05184868;0,1153065;2,148182;72,6071;
;0,05184584;0,1151851;2,148182;72,6171;
;0,05177218;0,1154968;2,148182;72,62711;
;0,0516955;0,1158942;2,148182;72,63711;
;0,05162697;0,1162359;2,148182;72,64711;
;0,05153226;0,1166402;2,148182;72,65711;
;0,05148345;0,1169091;2,148182;72,66711;
;0,05142881;0,1172045;2,148182;72,67712;
;0,05137195;0,1174668;2,148182;72,68712;
;0,05132291;0,1177021;2,148182;72,69712;
;0,05125603;0,1179593;2,148182;72,70712;
;0,05123512;0,1181204;2,148182;72,71712;
;0,05120264;0,1182749;2,148182;72,72713;
;0,05116558;0,1184362;2,148182;72,73713;
;0,05114767;0,1185323;2,148182;72,74713;
;0,05112929;0,1186353;2,148182;72,75713;
;0,05112878;0,1186591;2,148182;72,76714;
;0,05113236;0,1186524;2,148182;72,77714;
;0,05114461;0,1186138;2,148182;72,78714;
;0,05117137;0,1185324;2,148182;72,79714;
;0,0511887;0,1184442;2,148182;72,80714;
;0,05121609;0,118312;2,148182;72,81715;
;0,05126012;0,1181556;2,148182;72,82715;
;0,05130159;0,1179744;2,148182;72,83715;
;0,05138047;0,1177177;2,148182;72,84715;
;0,05140467;0,1174939;2,148182;72,85715;
;0,05145538;0,1172242;2,148182;72,86716;
;0,05152125;0,1169417;2,148182;72,87716;
;0,05159052;0,1166412;2,148182;72,88716;
;0,05165429;0,1163252;2,148182;72,89716;
;0,05177039;0,1159087;2,148182;72,90717;
;0,05179294;0,1155924;2,148182;72,91717;
;0,0518729;0,115224;2,148182;72,92717;
;0,05187735;0,1151942;2,148182;72,93717;
;0,05176269;0,1155178;2,148182;72,94717;
;0,0517005;0,1158651;2,148182;72,95718;
;0,05163834;0,116218;2,148182;72,96718;
;0,05156847;0,1165539;2,148182;72,97718;
;0,05147588;0,1169189;2,148182;72,98718;
;0,05142443;0,1172087;2,148182;72,99718;
;0,05134933;0,1175314;2,148182;73,00719;
;0,0513026;0,1177775;2,148182;73,01719;
;0,05126164;0,1180023;2,148182;73,02719;
;0,05121856;0,118186;2,148182;73,03719;
;0,05118858;0,1183465;2,148182;73,0472;
;0,05114969;0,1184882;2,148182;73,0572;
;0,05114271;0,1185747;2,148182;73,0672;
;0,05113139;0,118627;2,148182;73,0772;
;0,05112987;0,118666;2,148182;73,0872;
;0,05113028;0,1186561;2,148182;73,09721;
;0,05114391;0,118624;2,148182;73,10721;
;0,05117464;0,1185172;2,148182;73,11721;
;0,05119222;0,1184265;2,148182;73,12721;
;0,05122788;0,1182702;2,148182;73,13721;
;0,05129354;0,1180701;2,148182;73,14722;
;0,05132115;0,1178754;2,148182;73,15722;
;0,05136774;0,117636;2,148182;73,16722;
;0,0514292;0,1173611;2,148182;73,17722;
;0,05154434;0,1169699;2,148182;73,18723;
;0,05157747;0,1164995;2,148182;73,19723;
;0,05176023;0,115964;2,148182;73,20723;
;0,05181514;0,1152767;2,148182;73,21723;
;0,05156266;0,1164942;2,148182;73,22723;
;0,0513539;0,1174802;2,148182;73,23724;
;0,05124034;0,1180618;2,148182;73,24724;
;0,05117888;0,1183591;2,148182;73,25724;
;0,05115822;0,118477;2,148182;73,26724;
;0,05113374;0,1185975;2,148182;73,27724;
;0,05113139;0,1186429;2,148182;73,28725;
;0,05112776;0,1186589;2,148182;73,29725;
;0,05114414;0,1186439;2,148182;73,30725;
;0,051152;0,1185806;2,148182;73,31725;
;0,05119555;0,1184497;2,148182;73,32726;
;0,0512458;0,1182634;2,148182;73,33726;
;0,0512781;0,1180696;2,148182;73,34726;
;0,0513764;0,1177391;2,148182;73,35726;
;0,05143293;0,1174153;2,148182;73,36726;
;0,05146939;0,1171126;2,148182;73,37727;
;0,05161306;0,1166441;2,148182;73,38727;
;0,05170027;0,1161839;2,148182;73,39727;
;0,05174328;0,1157682;2,148182;73,40727;
;0,05195012;0,1151548;2,148182;73,41727;
;0,05180507;0,1152464;2,148182;73,42728;
;0,05172393;0,1156146;2,148182;73,43728;
;0,05163504;0,1160784;2,148182;73,44728;
;0,05157776;0,1163938;2,148182;73,45728;
;0,05153669;0,1166285;2,148182;73,46729;
;0,0515298;0,1167217;2,148182;73,47729;
;0,05158334;0,1167507;2,148182;73,48729;
;0,05152696;0,1168446;2,148182;73,49729;
;0,05151741;0,1169989;2,148182;73,50729;
;0,0514553;0,117114;2,148182;73,5173;
;0,05142158;0,117291;2,148182;73,5273;
;0,05139319;0,1174417;2,148182;73,5373;
;0,05132217;0,1176673;2,148182;73,5473;
;0,0513116;0,1178392;2,148182;73,5573;
;0,05125052;0,1180567;2,148182;73,56731;
;0,05122285;0,1182023;2,148182;73,57731;
;0,05120813;0,1183054;2,148182;73,58731;
;0,05116236;0,1184549;2,148182;73,59731;
;0,05114728;0,1185534;2,148182;73,60732;
;0,05115218;0,1185982;2,148182;73,61732;
;0,05112888;0,1186581;2,148182;73,62732;
;0,05113123;0,1186593;2,148182;73,63732;
;0,05114373;0,1186413;2,148182;73,64732;
;0,05115523;0,1185882;2,148182;73,65733;
;0,05117955;0,1184816;2,148182;73,66733;
;0,0512246;0,1183483;2,148182;73,67733;
;0,05124883;0,1181917;2,148182;73,68733;
;0,05132936;0,1179253;2,148182;73,69733;
;0,05132543;0,1177327;2,148182;73,70734;
;0,05133649;0,1176579;2,148182;73,71734;
;0,05137271;0,1175348;2,148182;73,72734;
;0,05140306;0,1173489;2,148182;73,73734;
;0,05151485;0,1169885;2,148182;73,74734;
;0,05164671;0,1165528;2,148182;73,75735;
;0,05158243;0,1165863;2,148182;73,76735;
;0,05145629;0,1169087;2,148182;73,77735;
;0,05141716;0,1171694;2,148182;73,78735;
;0,05140119;0,117301;2,148182;73,79736;
;0,0513838;0,1173934;2,148182;73,80736;
;0,05140027;0,1173666;2,148182;73,81736;
;0,05142295;0,1172629;2,148182;73,82736;
;0,05163262;0,1170032;2,148182;73,83736;
;0,05145539;0,1170007;2,148182;73,84737;
;0,05143748;0,1170687;2,148182;73,85737;
;0,05146407;0,1170752;2,148182;73,86737;
;0,05153565;0,1169696;2,148182;73,87737;
;0,05152784;0,1168051;2,148182;73,88737;
;0,0515788;0,1166426;2,148182;73,89738;
;0,05158075;0,1164515;2,148182;73,90738;
;0,05158703;0,1164466;2,148182;73,91738;
;0,05163911;0,1163534;2,148182;73,92738;
;0,0516605;0,116164;2,148182;73,93739;
;0,05169262;0,1160481;2,148182;73,94739;
;0,05172746;0,1158277;2,148182;73,95739;
;0,05178266;0,1156738;2,148182;73,96739;
;0,05176988;0,1155368;2,148182;73,97739;
;0,0518167;0,1154236;2,148182;73,9874;
;0,05181267;0,1153137;2,148182;73,9974;
;0,05183435;0,11526;2,148182;74,0074;
;0,05185075;0,1150984;2,148182;74,0174;
;0,05190958;0,1150274;2,148182;74,0274;
;0,05189119;0,1149382;2,148182;74,03741;
;0,05193289;0,1148856;2,148182;74,04741;
;0,05191619;0,1147892;2,148182;74,05741;
;0,0519223;0,1147702;2,148182;74,06741;
;0,05192748;0,1147657;2,148182;74,07742;
;0,05192635;0,1147655;2,148182;74,08742;
;0,05193942;0,1147655;2,148182;74,09742;
;0,05191354;0,1147818;2,148182;74,10742;
;0,05189142;0,1149366;2,148182;74,11742;
;0,05186596;0,1150678;2,148182;74,12743;
;0,05183407;0,1152856;2,148182;74,13743;
;0,05179173;0,1154553;2,148182;74,14743;
;0,05176119;0,1156506;2,148182;74,15743;
;0,05165591;0,1159723;2,148182;74,16743;
;0,05153201;0,1163252;2,148182;74,17744;
;0,05150422;0,1166194;2,148182;74,18744;
;0,05140606;0,1170286;2,148182;74,19744;
;0,05133732;0,1173707;2,148182;74,20744;
;0,05129304;0,1176242;2,148182;74,21745;
;0,05122939;0,1179199;2,148182;74,22745;
;0,0511826;0,1181606;2,148182;74,23745;
;0,05115695;0,1183217;2,148182;74,24745;
;0,05110588;0,1184983;2,148182;74,25745;
;0,0510818;0,1185972;2,148182;74,26746;
;0,05109214;0,1186419;2,148182;74,27746;
;0,05110901;0,1186642;2,148182;74,28746;
;0,05111173;0,1186202;2,148182;74,29746;
;0,05113009;0,1185409;2,148182;74,30746;
;0,05117455;0,1183908;2,148182;74,31747;
;0,05121399;0,118206;2,148182;74,32747;
;0,05124779;0,1180072;2,148182;74,33747;
;0,05134674;0,1176892;2,148182;74,34747;
;0,05140796;0,1173709;2,148182;74,35748;
;0,05143914;0,1170938;2,148182;74,36748;
;0,05153406;0,1167059;2,148182;74,37748;
;0,05159011;0,1163691;2,148182;74,38748;
;0,05162631;0,1160761;2,148182;74,39748;
;0,05177221;0,115587;2,148182;74,40749;
;0,05183215;0,1151387;2,148182;74,41749;
;0,05185337;0,1148401;2,148182;74,42749;
;0,05178829;0,11496;2,148182;74,43749;
;0,05174199;0,1153367;2,148182;74,44749;
;0,05169097;0,1156633;2,148182;74,4575;
;0,05157506;0,1161465;2,148182;74,4675;
;0,05150997;0,1165413;2,148182;74,4775;
;0,05146215;0,1168254;2,148182;74,4875;
;0,05135704;0,1172297;2,148182;74,49751;
;0,05131799;0,117517;2,148182;74,50751;
;0,05126207;0,1177836;2,148182;74,51751;
;0,05122367;0,1179994;2,148182;74,52751;
;0,05115559;0,1182548;2,148182;74,53751;
;0,05112299;0,1184302;2,148182;74,54752;
;0,05111509;0,1185292;2,148182;74,55752;
;0,05109689;0,1186311;2,148182;74,56752;
;0,05108802;0,1186588;2,148182;74,57752;
;0,05110179;0,118645;2,148182;74,58752;
;0,05112166;0,1186006;2,148182;74,59753;
;0,05113033;0,1185132;2,148182;74,60753;
;0,05119311;0,118333;2,148182;74,61753;
;0,051241;0,1181313;2,148182;74,62753;
;0,051268;0,1179326;2,148182;74,63754;
;0,05133989;0,1176542;2,148182;74,64754;
;0,05140447;0,1173409;2,148182;74,65754;
;0,05143811;0,1170739;2,148182;74,66754;
;0,0515599;0,1166416;2,148182;74,67754;
;0,0516451;0,1162128;2,148182;74,68755;
;0,051677;0,1158666;2,148182;74,69755;
;0,05173839;0,1154575;2,148182;74,70755;
;0,05180201;0,1151996;2,148182;74,71755;
;0,05181783;0,1151181;2,148182;74,72755;
;0,05180934;0,1150056;2,148182;74,73756;
;0,05186453;0,1149642;2,148182;74,74756;
;0,05188657;0,1148611;2,148182;74,75756;
;0,05191873;0,1148356;2,148182;74,76756;
;0,05191654;0,1147683;2,148182;74,77757;
;0,05192919;0,1147661;2,148182;74,78757;
;0,0519339;0,1147655;2,148182;74,79757;
;0,05195577;0,1147655;2,148182;74,80757;
;0,05188733;0,1149296;2,148182;74,81757;
;0,05186014;0,1151494;2,148182;74,82758;
;0,05177084;0,1154623;2,148182;74,83758;
;0,05175474;0,1157119;2,148182;74,84758;
;0,05167244;0,1160674;2,148182;74,85758;
;0,05158377;0,1163835;2,148182;74,86758;
;0,05157328;0,116642;2,148182;74,87759;
;0,05146701;0,1169863;2,148182;74,88759;
;0,05140787;0,117268;2,148182;74,89759;
;0,05136701;0,1174807;2,148182;74,90759;
;0,05134794;0,1177689;2,148182;74,91759;
;0,05125627;0,117984;2,148182;74,9276;
;0,05122665;0,1181464;2,148182;74,9376;
;0,05117612;0,1183256;2,148182;74,9476;
;0,05116542;0,1184681;2,148182;74,9576;
;0,05116498;0,1185454;2,148182;74,96761;
;0,05113656;0,1186216;2,148182;74,97761;
;0,05112655;0,1186637;2,148182;74,98761;
;0,05113136;0,1186529;2,148182;74,99761;
;0,0511305;0,118633;2,148182;75,00761;
;0,05115495;0,1185733;2,148182;75,01762;
;0,05119213;0,1184829;2,148182;75,02762;
;0,05120696;0,1183575;2,148182;75,03762;
;0,05125311;0,1181897;2,148182;75,04762;
;0,05132711;0,1179615;2,148182;75,05762;
;0,05134519;0,1177661;2,148182;75,06763;
;0,05142164;0,1175037;2,148182;75,07763;
;0,05143905;0,117273;2,148182;75,08763;
;0,05153177;0,1169424;2,148182;75,09763;
;0,05160417;0,1166176;2,148182;75,10764;
;0,05162672;0,1163472;2,148182;75,11764;
;0,05174091;0,1159663;2,148182;75,12764;
;0,05177269;0,1156435;2,148182;75,13764;
;0,05186548;0,1153336;2,148182;75,14764;
;0,05187016;0,1151063;2,148182;75,15765;
;0,05194101;0,1148552;2,148182;75,16765;
;0,05192972;0,1147834;2,148182;75,17765;
;0,05194343;0,1147662;2,148182;75,18765;
;0,05192772;0,1147655;2,148182;75,19765;
;0,05188929;0,1148963;2,148182;75,20766;
;0,05186935;0,1150898;2,148182;75,21766;
;0,0517872;0,1153938;2,148182;75,22766;
;0,05177026;0,115638;2,148182;75,23766;
;0,05168637;0,1159915;2,148182;75,24767;
;0,05159963;0,1163045;2,148182;75,25767;
;0,05158732;0,1165637;2,148182;75,26767;
;0,05148674;0,1169179;2,148182;75,27767;
;0,05141611;0,1172005;2,148182;75,28767;
;0,05137753;0,117417;2,148182;75,29768;
;0,05136395;0,1177083;2,148182;75,30768;
;0,05126769;0,1179359;2,148182;75,31768;
;0,05123488;0,1180973;2,148182;75,32768;
;0,05118307;0,1182843;2,148182;75,33768;
;0,05117751;0,1184349;2,148182;75,34769;
;0,0511608;0,1185387;2,148182;75,35769;
;0,05114842;0,1185936;2,148182;75,36769;
;0,0511171;0,1186568;2,148182;75,37769;
;0,05111845;0,1186604;2,148182;75,3877;
;0,05118909;0,1186323;2,148182;75,3977;
;0,05115273;0,1185833;2,148182;75,4077;
;0,05116223;0,1185025;2,148182;75,4177;
;0,05120192;0,1183611;2,148182;75,4277;
;0,05126546;0,1182072;2,148182;75,43771;
;0,05128735;0,1180528;2,148182;75,44771;
;0,051344;0,1177971;2,148182;75,45771;
;0,05138433;0,1175653;2,148182;75,46771;
;0,05142761;0,117344;2,148182;75,47771;
;0,05152823;0,1170018;2,148182;75,48772;
;0,05157094;0,1166933;2,148182;75,49772;
;0,05160284;0,1164289;2,148182;75,50772;
;0,05172878;0,1160473;2,148182;75,51772;
;0,05177582;0,1157245;2,148182;75,52773;
;0,05178934;0,1154709;2,148182;75,53773;
;0,0519003;0,1151474;2,148182;75,54773;
;0,05192131;0,1149022;2,148182;75,55773;
;0,05193239;0,1147928;2,148182;75,56773;
;0,0519414;0,1147666;2,148182;75,57774;
;0,05195212;0,1147655;2,148182;75,58774;
;0,05192642;0,1148332;2,148182;75,59774;
;0,05186422;0,1150506;2,148182;75,60774;
;0,05182584;0,1153154;2,148182;75,61774;
;0,05178077;0,1155612;2,148182;75,62775;
;0,05169753;0,1159138;2,148182;75,63775;
;0,05163864;0,116232;2,148182;75,64775;
;0,0515967;0,1164927;2,148182;75,65775;
;0,05150182;0,1168425;2,148182;75,66776;
;0,0514389;0,1171319;2,148182;75,67776;
;0,05140042;0,1173559;2,148182;75,68776;
;0,05134178;0,1176435;2,148182;75,69776;
;0,05128437;0,1178816;2,148182;75,70776;
;0,05125257;0,1180496;2,148182;75,71777;
;0,05120856;0,1182422;2,148182;75,72777;
;0,05117708;0,1184016;2,148182;75,73777;
;0,05116018;0,1184976;2,148182;75,74777;
;0,05114375;0,1185818;2,148182;75,75777;
;0,05113137;0,118648;2,148182;75,76778;
;0,05112833;0,1186622;2,148182;75,77778;
;0,05114503;0,1186356;2,148182;75,78778;
;0,05115272;0,1185998;2,148182;75,79778;
;0,05116393;0,1185285;2,148182;75,80779;
;0,05121198;0,1183863;2,148182;75,81779;
;0,05124385;0,1182509;2,148182;75,82779;
;0,05142251;0,1174692;2,148182;75,83779;
;0,05147007;0,1172395;2,148182;75,84779;
;0,05151629;0,1170029;2,148182;75,8578;
;0,05158389;0,1167162;2,148182;75,8678;
;0,05160119;0,1165071;2,148182;75,8778;
;0,051682;0,1162005;2,148182;75,8878;
;0,05170934;0,1159677;2,148182;75,8978;
;0,05179766;0,1156085;2,148182;75,90781;
;0,05185731;0,115302;2,148182;75,91781;
;0,05187741;0,1150901;2,148182;75,92781;
;0,05193515;0,1148352;2,148182;75,93781;
;0,05193782;0,1147794;2,148182;75,94781;
;0,05194515;0,1147661;2,148182;75,95782;
;0,05193289;0,1147655;2,148182;75,96782;
;0,05191604;0,114893;2,148182;75,97782;
;0,05184753;0,1151418;2,148182;75,98782;
;0,05179412;0,1154284;2,148182;75,99783;
;0,05175201;0,1156662;2,148182;76,00783;
;0,05167086;0,1160274;2,148182;76,01783;
;0,05160598;0,1163347;2,148182;76,02783;
;0,05154359;0,1166425;2,148182;76,03783;
;0,05149868;0,1168907;2,148182;76,04784;
;0,05142688;0,1172153;2,148182;76,05784;
;0,05137451;0,1175051;2,148182;76,06784;
;0,05132907;0,1177057;2,148182;76,07784;
;0,05126673;0,1179555;2,148182;76,08784;
;0,051249;0,1181179;2,148182;76,09785;
;0,05119041;0,1183149;2,148182;76,10785;
;0,05116598;0,1184446;2,148182;76,11785;
;0,05116466;0,1185277;2,148182;76,12785;
;0,05113173;0,1186228;2,148182;76,13786;
;0,0511297;0,1186532;2,148182;76,14786;
;0,05114115;0,1186579;2,148182;76,15786;
;0,05113985;0,1186369;2,148182;76,16786;
;0,05116162;0,1185639;2,148182;76,17786;
;0,05118572;0,1184846;2,148182;76,18787;
;0,05121777;0,1183495;2,148182;76,19787;
;0,05125577;0,1181804;2,148182;76,20787;
;0,0512857;0,1180192;2,148182;76,21787;
;0,05135762;0,1177823;2,148182;76,22787;
;0,05140314;0,1175294;2,148182;76,23788;
;0,05143392;0,1172947;2,148182;76,24788;
;0,05153207;0,1169575;2,148182;76,25788;
;0,05159503;0,1166501;2,148182;76,26788;
;0,05162555;0,116385;2,148182;76,27789;
;0,05172576;0,1160135;2,148182;76,28789;
;0,05177542;0,1156826;2,148182;76,29789;
;0,05180274;0,1154387;2,148182;76,30789;
;0,05189363;0,1151157;2,148182;76,31789;
;0,05193019;0,1148814;2,148182;76,3279;
;0,05193153;0,1147887;2,148182;76,3379;
;0,0519444;0,1147664;2,148182;76,3479;
;0,05194451;0,1147655;2,148182;76,3579;
;0,05192494;0,1148527;2,148182;76,3679;
;0,05186317;0,115082;2,148182;76,37791;
;0,05180708;0,1153874;2,148182;76,38791;
;0,05176284;0,1156602;2,148182;76,39791;
;0,0516885;0,1159559;2,148182;76,40791;
;0,05161964;0,1162513;2,148182;76,41792;
;0,05155956;0,1165771;2,148182;76,42792;
;0,05151459;0,1168207;2,148182;76,43792;
;0,05143571;0,1171443;2,148182;76,44792;
;0,05140134;0,1173768;2,148182;76,45792;
;0,05132628;0,1176861;2,148182;76,46793;
;0,0512756;0,1178949;2,148182;76,47793;
;0,05125599;0,1180583;2,148182;76,48793;
;0,05120024;0,1182766;2,148182;76,49793;
;0,05117194;0,1184124;2,148182;76,50793;
;0,05116348;0,118515;2,148182;76,51794;
;0,051147;0,1185912;2,148182;76,52794;
;0,05112642;0,1186492;2,148182;76,53794;
;0,05113611;0,1186559;2,148182;76,54794;
;0,0511376;0,1186469;2,148182;76,55795;
;0,05115548;0,1185874;2,148182;76,56795;
;0,05119012;0,118497;2,148182;76,57795;
;0,05119825;0,1184087;2,148182;76,58795;
;0,05124445;0,118233;2,148182;76,59795;
;0,05127495;0,1180774;2,148182;76,60796;
;0,05134698;0,1178357;2,148182;76,61796;
;0,0513874;0,1176058;2,148182;76,62796;
;0,05141674;0,1173736;2,148182;76,63796;
;0,05151556;0,1170293;2,148182;76,64796;
;0,05157798;0,116731;2,148182;76,65797;
;0,05160939;0,1164677;2,148182;76,66797;
;0,0517087;0,1160937;2,148182;76,67797;
;0,05176011;0,115769;2,148182;76,68797;
;0,05179001;0,1155054;2,148182;76,69798;
;0,05188395;0,1151753;2,148182;76,70798;
;0,05192344;0,1149265;2,148182;76,71798;
;0,05193088;0,1147977;2,148182;76,72798;
;0,05194565;0,1147668;2,148182;76,73798;
;0,0519481;0,1147655;2,148182;76,74799;
;0,05192438;0,1148123;2,148182;76,75799;
;0,0518769;0,1150251;2,148182;76,76799;
;0,05182091;0,1152804;2,148182;76,77799;
;0,05177986;0,1155238;2,148182;76,78799;
;0,05170254;0,1158781;2,148182;76,798;
;0,05163742;0,1161916;2,148182;76,808;
;0,05159055;0,1164468;2,148182;76,818;
;0,05150897;0,1168006;2,148182;76,828;
;0,05145698;0,1170782;2,148182;76,83801;
;0,05142108;0,1173174;2,148182;76,84801;
;0,05133772;0,1176107;2,148182;76,85801;
;0,0512884;0,1178497;2,148182;76,86801;
;0,05126413;0,1180108;2,148182;76,87801;
;0,05121158;0,1182343;2,148182;76,88802;
;0,05117548;0,1183885;2,148182;76,89802;
;0,05116598;0,1184724;2,148182;76,90802;
;0,05114146;0,1185879;2,148182;76,91802;
;0,05112806;0,1186435;2,148182;76,92802;
;0,05113729;0,1186506;2,148182;76,93803;
;0,05113804;0,1186524;2,148182;76,94803;
;0,05114813;0,118607;2,148182;76,95803;
;0,05117916;0,1185171;2,148182;76,96803;
;0,05119251;0,1184332;2,148182;76,97803;
;0,05123487;0,1182731;2,148182;76,98804;
;0,05126113;0,1181136;2,148182;76,99804;
;0,05134428;0,1178882;2,148182;77,00804;
;0,05137607;0,1176572;2,148182;77,01804;
;0,0514298;0,1173983;2,148182;77,02805;
;0,05146373;0,117156;2,148182;77,03805;
;0,0515674;0,1168067;2,148182;77,04805;
;0,05159926;0,1165521;2,148182;77,05805;
;0,05169383;0,1161747;2,148182;77,06805;
;0,05174853;0,1158489;2,148182;77,07806;
;0,05177368;0,1155868;2,148182;77,08806;
;0,05187601;0,1152434;2,148182;77,09806;
;0,05190865;0,1149838;2,148182;77,10806;
;0,05192249;0,1148254;2,148182;77,11806;
;0,05194158;0,1147679;2,148182;77,12807;
;0,05195183;0,1147656;2,148182;77,13807;
;0,05193055;0,1147837;2,148182;77,14807;
;0,05189066;0,1149699;2,148182;77,15807;
;0,0518352;0,115205;2,148182;77,16808;
;0,051795;0,1154425;2,148182;77,17808;
;0,05171967;0,1157975;2,148182;77,18808;
;0,05165357;0,1161089;2,148182;77,19808;
;0,05158967;0,1164215;2,148182;77,20808;
;0,05154254;0,1166789;2,148182;77,21809;
;0,05146412;0,1170153;2,148182;77,22809;
;0,05142907;0,1172493;2,148182;77,23809;
;0,05135133;0,117561;2,148182;77,24809;
;0,0512966;0,1177996;2,148182;77,25809;
;0,05125989;0,1180001;2,148182;77,2681;
;0,0512397;0,11816;2,148182;77,2781;
;0,05117138;0,1183451;2,148182;77,2881;
;0,05114818;0,1184469;2,148182;77,2981;
;0,05112586;0,1185662;2,148182;77,30811;
;0,05110911;0,1186332;2,148182;77,31811;
;0,05109633;0,1186481;2,148182;77,32811;
;0,05109935;0,118658;2,148182;77,33811;
;0,0511103;0,1186237;2,148182;77,34811;
;0,05114013;0,1185356;2,148182;77,35812;
;0,05112468;0,1184872;2,148182;77,36812;
;0,05116196;0,118543;2,148182;77,37812;
;0,05116323;0,1185195;2,148182;77,38812;
;0,05117343;0,1184164;2,148182;77,39812;
;0,05123328;0,1182483;2,148182;77,40813;
;0,05127228;0,1180727;2,148182;77,41813;
;0,05135828;0,1177845;2,148182;77,42813;
;0,05140518;0,1174975;2,148182;77,43813;
;0,05145866;0,1172155;2,148182;77,44814;
;0,05154339;0,1168122;2,148182;77,45814;
;0,05160446;0,1164623;2,148182;77,46814;
;0,05160801;0,1161448;2,148182;77,47814;
;0,05167789;0,1158704;2,148182;77,48814;
;0,05180328;0,1154989;2,148182;77,49815;
;0,05184721;0,1152592;2,148182;77,50815;
;0,05189952;0,1149615;2,148182;77,51815;
;0,05194416;0,1147733;2,148182;77,52815;
;0,05193144;0,1147671;2,148182;77,53815;
;0,05194413;0,1147655;2,148182;77,54816;
;0,051942;0,1148048;2,148182;77,55816;
;0,05186986;0,1149931;2,148182;77,56816;
;0,05186212;0,1152072;2,148182;77,57816;
;0,05175715;0,1155402;2,148182;77,58817;
;0,05173641;0,1158332;2,148182;77,59817;
;0,05167819;0,1160951;2,148182;77,60817;
;0,05156575;0,1164514;2,148182;77,61817;
;0,05154307;0,11671;2,148182;77,62817;
;0,05146086;0,1170535;2,148182;77,63818;
;0,05139184;0,1173294;2,148182;77,64818;
;0,0513521;0,1175324;2,148182;77,65818;
;0,05131711;0,1178206;2,148182;77,66818;
;0,05125179;0,1180361;2,148182;77,67818;
;0,05121423;0,1182054;2,148182;77,68819;
;0,0511863;0,118337;2,148182;77,69819;
;0,05115439;0,1184875;2,148182;77,70819;
;0,05116238;0,118558;2,148182;77,71819;
;0,05113667;0,1186349;2,148182;77,7282;
;0,05111972;0,1186655;2,148182;77,7382;
;0,05112094;0,1186488;2,148182;77,7482;
;0,05117451;0,1186148;2,148182;77,7582;
;0,05117185;0,1185432;2,148182;77,7682;
;0,05118342;0,1184427;2,148182;77,77821;
;0,05121804;0,1182962;2,148182;77,78821;
;0,05127037;0,1181286;2,148182;77,79821;
;0,0513097;0,1179489;2,148182;77,80821;
;0,05137827;0,1176858;2,148182;77,81821;
;0,05141083;0,1174408;2,148182;77,82822;
;0,05149438;0,1171593;2,148182;77,83822;
;0,05152478;0,1169005;2,148182;77,84822;
;0,05160768;0,1165408;2,148182;77,85822;
;0,05163995;0,1162697;2,148182;77,86823;
;0,05175505;0,1158903;2,148182;77,87823;
;0,05178528;0,1155765;2,148182;77,88823;
;0,05187145;0,1152738;2,148182;77,89823;
;0,05187636;0,115057;2,148182;77,90823;
;0,05193713;0,1148143;2,148182;77,91824;
;0,05190093;0,1147674;2,148182;77,92824;
;0,05187758;0,1147659;2,148182;77,93824;
;0,05189315;0,1147655;2,148182;77,94824;
;0,05187245;0,1149343;2,148182;77,95824;
;0,05185408;0,115139;2,148182;77,96825;
;0,05177233;0,1154499;2,148182;77,97825;
;0,05175385;0,1157006;2,148182;77,98825;
;0,05166974;0,116061;2,148182;77,99825;
;0,05160829;0,1163765;2,148182;78,00826;
;0,05152224;0,1166862;2,148182;78,01826;
;0,05149003;0,1169357;2,148182;78,02826;
;0,05141625;0,1172588;2,148182;78,03826;
;0,05136769;0,1174724;2,148182;78,04826;
;0,0513473;0,1177606;2,148182;78,05827;
;0,05125736;0,1179835;2,148182;78,06827;
;0,05122971;0,1181372;2,148182;78,07827;
;0,05120263;0,1183219;2,148182;78,08827;
;0,0511532;0,1184636;2,148182;78,09827;
;0,0511395;0,1185397;2,148182;78,10828;
;0,05118228;0,1186196;2,148182;78,11828;
;0,05111784;0,1186625;2,148182;78,12828;
;0,05111973;0,1186554;2,148182;78,13828;
;0,05117176;0,1186281;2,148182;78,14828;
;0,05116358;0,1185646;2,148182;78,15829;
;0,05117248;0,1184746;2,148182;78,16829;
;0,05120954;0,1183312;2,148182;78,17829;
;0,05126769;0,1181696;2,148182;78,18829;
;0,05129737;0,118003;2,148182;78,1983;
;0,05136145;0,1177454;2,148182;78,2083;
;0,05139839;0,117497;2,148182;78,2183;
;0,05148857;0,1172216;2,148182;78,2283;
;0,0515136;0,1169775;2,148182;78,2383;
;0,05158778;0,116622;2,148182;78,24831;
;0,05161884;0,1163643;2,148182;78,25831;
;0,05174253;0,1159751;2,148182;78,26831;
;0,05177108;0,1156557;2,148182;78,27831;
;0,05182124;0,1153965;2,148182;78,28831;
;0,0518832;0,1150769;2,148182;78,29832;
;0,05193847;0,1148562;2,148182;78,30832;
;0,05191853;0,1147691;2,148182;78,31832;
;0,05193361;0,1147662;2,148182;78,32832;
;0,05194897;0,1147655;2,148182;78,33833;
;0,05189006;0,1148934;2,148182;78,34833;
;0,0518689;0,1150798;2,148182;78,35833;
;0,05178907;0,1153808;2,148182;78,36833;
;0,05177601;0,115681;2,148182;78,37833;
;0,05171172;0,1159346;2,148182;78,38834;
;0,05159673;0,1162901;2,148182;78,39834;
;0,05159486;0,1165612;2,148182;78,40834;
;0,0514863;0,1169086;2,148182;78,41834;
;0,05142393;0,1171959;2,148182;78,42834;
;0,05138709;0,1174104;2,148182;78,43835;
;0,05130694;0,1176986;2,148182;78,44835;
;0,05127872;0,1179289;2,148182;78,45835;
;0,05124554;0,1181202;2,148182;78,46835;
;0,05121765;0,118254;2,148182;78,47836;
;0,05115646;0,1184281;2,148182;78,48836;
;0,05114447;0,1185182;2,148182;78,49836;
;0,05117812;0,1186008;2,148182;78,50836;
;0,05111735;0,1186564;2,148182;78,51836;
;0,05112055;0,1186622;2,148182;78,52837;
;0,051162;0,1186335;2,148182;78,53837;
;0,05115884;0,1185836;2,148182;78,54837;
;0,05116737;0,1185056;2,148182;78,55837;
;0,05122179;0,1183626;2,148182;78,56837;
;0,05123686;0,1182187;2,148182;78,57838;
;0,05128448;0,1180313;2,148182;78,58838;
;0,05133513;0,1178371;2,148182;78,59838;
;0,05138898;0,1175758;2,148182;78,60838;
;0,05142901;0,117349;2,148182;78,61839;
;0,05152531;0,1170137;2,148182;78,62839;
;0,0515696;0,1166985;2,148182;78,63839;
;0,05160301;0,1164319;2,148182;78,64839;
;0,05172403;0,1160581;2,148182;78,65839;
;0,05175587;0,1157363;2,148182;78,6684;
;0,05185554;0,1154271;2,148182;78,6784;
;0,05185816;0,115185;2,148182;78,6884;
;0,05193753;0,1149135;2,148182;78,6984;
;0,05192803;0,1147951;2,148182;78,7084;
;0,05193953;0,1147667;2,148182;78,71841;
;0,05193312;0,1147655;2,148182;78,72841;
;0,05189851;0,1148437;2,148182;78,73841;
;0,05188482;0,1150182;2,148182;78,74841;
;0,05182527;0,115309;2,148182;78,75842;
;0,05174426;0,1155954;2,148182;78,76842;
;0,05172291;0,1158565;2,148182;78,77842;
;0,05161968;0,1162161;2,148182;78,78842;
;0,05160411;0,1164848;2,148182;78,79842;
;0,05150535;0,1168339;2,148182;78,80843;
;0,05143243;0,1171245;2,148182;78,81843;
;0,05137579;0,1173953;2,148182;78,82843;
;0,05137167;0,1176024;2,148182;78,83843;
;0,05128698;0,1178772;2,148182;78,84843;
;0,05124988;0,1180439;2,148182;78,85844;
;0,05120716;0,1182417;2,148182;78,86844;
;0,05116424;0,1183999;2,148182;78,87844;
;0,05114834;0,1185152;2,148182;78,88844;
;0,05116147;0,1185719;2,148182;78,89845;
;0,05112979;0,1186455;2,148182;78,90845;
;0,05112336;0,1186621;2,148182;78,91845;
;0,05112426;0,1186351;2,148182;78,92845;
;0,0511664;0,1186022;2,148182;78,93845;
;0,05117454;0,1185302;2,148182;78,94846;
;0,05119222;0,1183886;2,148182;78,95846;
;0,05126338;0,1182547;2,148182;78,96846;
;0,05127566;0,1181096;2,148182;78,97846;
;0,05132711;0,1178597;2,148182;78,98846;
;0,0513704;0,11762;2,148182;78,99847;
;0,05146231;0,117373;2,148182;79,00847;
;0,05148264;0,1171312;2,148182;79,01847;
;0,05156442;0,1167801;2,148182;79,02847;
;0,05159081;0,1165197;2,148182;79,03848;
;0,05169598;0,1161417;2,148182;79,04848;
;0,05175216;0,1158163;2,148182;79,05848;
;0,0517973;0,1155599;2,148182;79,06848;
;0,05186453;0,1152166;2,148182;79,07848;
;0,05193408;0,1149621;2,148182;79,08849;
;0,05193706;0,1148048;2,148182;79,09849;
;0,05192044;0,1147671;2,148182;79,10849;
;0,05194115;0,1147655;2,148182;79,11849;
;0,0519204;0,1147986;2,148182;79,12849;
;0,0518933;0,1149887;2,148182;79,1385;
;0,05181571;0,1152437;2,148182;79,1485;
;0,05180425;0,1154797;2,148182;79,1585;
;0,05172092;0,1158248;2,148182;79,1685;
;0,05165523;0,1161343;2,148182;79,1785;
;0,05157127;0,1164474;2,148182;79,18851;
;0,05155896;0,1167285;2,148182;79,19851;
;0,05145073;0,1170489;2,148182;79,20851;
;0,05139037;0,1173248;2,148182;79,21851;
;0,05137643;0,1175433;2,148182;79,22852;
;0,05129912;0,1178185;2,148182;79,23852;
;0,05125825;0,1179977;2,148182;79,24852;
;0,0512015;0,1181993;2,148182;79,25852;
;0,05122533;0,1183614;2,148182;79,26852;
;0,05118096;0,1184697;2,148182;79,27853;
;0,05113583;0,1185701;2,148182;79,28853;
;0,05111921;0,1186351;2,148182;79,29853;
;0,05112367;0,1186605;2,148182;79,30853;
;0,05116582;0,1186463;2,148182;79,31853;
;0,05115152;0,1186131;2,148182;79,32854;
;0,05115801;0,1185438;2,148182;79,33854;
;0,0511722;0,1184443;2,148182;79,34854;
;0,05127409;0,1182919;2,148182;79,35854;
;0,05127169;0,1181258;2,148182;79,36855;
;0,05129172;0,1179484;2,148182;79,37855;
;0,05137673;0,1176841;2,148182;79,38855;
;0,05139419;0,1174789;2,148182;79,39855;
;0,05149345;0,1171704;2,148182;79,40855;
;0,05154776;0,11687;2,148182;79,41856;
;0,05157318;0,1166013;2,148182;79,42856;
;0,05169278;0,1162213;2,148182;79,43856;
;0,05173851;0,1158908;2,148182;79,44856;
;0,05175732;0,1156387;2,148182;79,45856;
;0,05187852;0,115288;2,148182;79,46857;
;0,05188552;0,1150204;2,148182;79,47857;
;0,0519438;0,1148155;2,148182;79,48857;
;0,05192991;0,1147755;2,148182;79,49857;
;0,0519311;0,1147659;2,148182;79,50858;
;0,05192786;0,1147656;2,148182;79,51858;
;0,05188301;0,1149356;2,148182;79,52858;
;0,05183969;0,1151627;2,148182;79,53858;
;0,0518235;0,1154056;2,148182;79,54858;
;0,0517337;0,1157482;2,148182;79,55859;
;0,05165056;0,1160536;2,148182;79,56859;
;0,05163812;0,116319;2,148182;79,57859;
;0,05154157;0,116684;2,148182;79,58859;
;0,05146033;0,1169806;2,148182;79,59859;
;0,0514245;0,117213;2,148182;79,6086;
;0,05138348;0,1175176;2,148182;79,6186;
;0,05131923;0,1177618;2,148182;79,6286;
;0,05127613;0,1179446;2,148182;79,6386;
;0,0512188;0,1181644;2,148182;79,64861;
;0,05117806;0,1183209;2,148182;79,65861;
;0,05117125;0,1184362;2,148182;79,66861;
;0,05116183;0,1185531;2,148182;79,67861;
;0,05111971;0,1186187;2,148182;79,68861;
;0,05112509;0,118655;2,148182;79,69862;
;0,05115573;0,1186559;2,148182;79,70862;
;0,05115471;0,1186254;2,148182;79,71862;
;0,05114989;0,1185771;2,148182;79,72862;
;0,05117638;0,1184613;2,148182;79,73862;
;0,05127352;0,1183199;2,148182;79,74863;
;0,0512714;0,1181311;2,148182;79,75863;
;0,05129369;0,1179534;2,148182;79,76863;
;0,0513633;0,1177088;2,148182;79,77863;
;0,05139504;0,1175128;2,148182;79,78864;
;0,0514358;0,1172811;2,148182;79,79864;
;0,05153646;0,116927;2,148182;79,80864;
;0,0515962;0,1166197;2,148182;79,81864;
;0,0516334;0,1163514;2,148182;79,82864;
;0,05171508;0,1159822;2,148182;79,83865;
;0,05175502;0,1157189;2,148182;79,84865;
;0,05184827;0,1153591;2,148182;79,85865;
;0,05187249;0,1150829;2,148182;79,86865;
;0,05192379;0,114867;2,148182;79,87865;
;0,05190685;0,1147858;2,148182;79,88866;
;0,05193178;0,1147663;2,148182;79,89866;
;0,05191076;0,1147657;2,148182;79,90866;
;0,05183978;0,1148852;2,148182;79,91866;
;0,05181998;0,1151171;2,148182;79,92867;
;0,05182346;0,1153391;2,148182;79,93867;
;0,05171838;0,1156663;2,148182;79,94867;
;0,05165351;0,1159765;2,148182;79,95867;
;0,05159592;0,1162391;2,148182;79,96867;
;0,05152669;0,1165962;2,148182;79,97868;
;0,05146302;0,1169042;2,148182;79,98868;
;0,05142199;0,1171427;2,148182;79,99868;
;0,05136095;0,1174508;2,148182;80,00868;
;0,05136016;0,1177003;2,148182;80,01868;
;0,05126776;0,1179258;2,148182;80,02869;
;0,05124027;0,1180866;2,148182;80,03869;
;0,0512058;0,1182753;2,148182;80,04869;
;0,05118253;0,1183987;2,148182;80,05869;
;0,05114008;0,1185305;2,148182;80,0687;
;0,05111885;0,1185999;2,148182;80,0787;
;0,05111866;0,118656;2,148182;80,0887;
;0,05112712;0,1186621;2,148182;80,0987;
;0,05117058;0,1186319;2,148182;80,1087;
;0,05115989;0,1185937;2,148182;80,11871;
;0,05117375;0,1184906;2,148182;80,12871;
;0,05119801;0,1183635;2,148182;80,13871;
;0,05123243;0,1182447;2,148182;80,14871;
;0,0513023;0,1180311;2,148182;80,15871;
;0,05133023;0,1178015;2,148182;80,16872;
;0,05139553;0,1176062;2,148182;80,17872;
;0,05146289;0,1173028;2,148182;80,18872;
;0,05150003;0,1170116;2,148182;80,19872;
;0,05152817;0,116763;2,148182;80,20872;
;0,05166792;0,1163835;2,148182;80,21873;
;0,05170617;0,1160619;2,148182;80,22873;
;0,05173135;0,1157961;2,148182;80,23873;
;0,05183469;0,1154411;2,148182;80,24873;
;0,05185849;0,1151485;2,148182;80,25874;
;0,05191607;0,1149529;2,148182;80,26874;
;0,05194766;0,114773;2,148182;80,27874;
;0,05193587;0,1147658;2,148182;80,28874;
;0,0519416;0,1147655;2,148182;80,29874;
;0,05189884;0,1148393;2,148182;80,30875;
;0,05186659;0,1150427;2,148182;80,31875;
;0,05184032;0,1152607;2,148182;80,32875;
;0,05176417;0,1155895;2,148182;80,33875;
;0,05167542;0,1158996;2,148182;80,34875;
;0,05163793;0,1161585;2,148182;80,35876;
;0,05161104;0,1165257;2,148182;80,36876;
;0,05150071;0,1168253;2,148182;80,37876;
;0,05144431;0,1171172;2,148182;80,38876;
;0,05140257;0,1173358;2,148182;80,39877;
;0,05133217;0,1176241;2,148182;80,40877;
;0,05129015;0,1178314;2,148182;80,41877;
;0,05122313;0,1180752;2,148182;80,42877;
;0,05120446;0,1182366;2,148182;80,43877;
;0,05119926;0,1183697;2,148182;80,44878;
;0,05114177;0,1185107;2,148182;80,45878;
;0,05111715;0,1185788;2,148182;80,46878;
;0,05111576;0,1186353;2,148182;80,47878;
;0,05110937;0,118665;2,148182;80,48878;
;0,05107641;0,1186367;2,148182;80,49879;
;0,05110032;0,1186094;2,148182;80,50879;
;0,05116056;0,1185202;2,148182;80,51879;
;0,05123022;0,1183882;2,148182;80,52879;
;0,05121876;0,1182605;2,148182;80,5388;
;0,0512456;0,118113;2,148182;80,5488;
;0,05135426;0,1178627;2,148182;80,5588;
;0,05137306;0,1176687;2,148182;80,5688;
;0,05144001;0,117384;2,148182;80,5788;
;0,05148266;0,1170959;2,148182;80,58881;
;0,05151303;0,1168333;2,148182;80,59881;
;0,05164608;0,1164691;2,148182;80,60881;
;0,05167926;0,1161463;2,148182;80,61881;
;0,05171526;0,1158727;2,148182;80,62881;
;0,05182622;0,1155063;2,148182;80,63882;
;0,05184392;0,1152136;2,148182;80,64882;
;0,05191046;0,1150062;2,148182;80,65882;
;0,05196807;0,114778;2,148182;80,66882;
;0,05192273;0,114766;2,148182;80,67883;
;0,05192763;0,1147656;2,148182;80,68883;
;0,05193305;0,1148023;2,148182;80,69883;
;0,05187856;0,1149798;2,148182;80,70883;
;0,05185245;0,1151945;2,148182;80,71883;
;0,05177759;0,1155094;2,148182;80,72884;
;0,0516945;0,1158165;2,148182;80,73884;
;0,05165485;0,1160829;2,148182;80,74884;
;0,05162951;0,1164469;2,148182;80,75884;
;0,05150284;0,1167513;2,148182;80,76884;
;0,05145734;0,1169944;2,148182;80,77885;
;0,0513956;0,11732;2,148182;80,78885;
;0,05134378;0,1175743;2,148182;80,79885;
;0,05130254;0,1177705;2,148182;80,80885;
;0,05123555;0,118027;2,148182;80,81886;
;0,05121284;0,1182012;2,148182;80,82886;
;0,05121889;0,1183603;2,148182;80,83886;
;0,05117567;0,1184661;2,148182;80,84886;
;0,05113938;0,1185696;2,148182;80,85886;
;0,05114007;0,118623;2,148182;80,86887;
;0,05112658;0,1186649;2,148182;80,87887;
;0,05113724;0,1186466;2,148182;80,88887;
;0,05114682;0,1186216;2,148182;80,89887;
;0,05116516;0,1185461;2,148182;80,90887;
;0,05119572;0,118429;2,148182;80,91888;
;0,05121709;0,1183229;2,148182;80,92888;
;0,05125908;0,1181318;2,148182;80,93888;
;0,05129756;0,1179237;2,148182;80,94888;
;0,05133322;0,1177343;2,148182;80,95889;
;0,05147975;0,1174429;2,148182;80,96889;
;0,05146586;0,1171675;2,148182;80,97889;
;0,05149006;0,1169197;2,148182;80,98889;
;0,05163037;0,1165491;2,148182;80,99889;
;0,05166012;0,1162376;2,148182;81,0089;
;0,05168328;0,1159623;2,148182;81,0189;
;0,05186413;0,1155857;2,148182;81,0289;
;0,05184756;0,115288;2,148182;81,0389;
;0,05187802;0,115068;2,148182;81,0489;
;0,05195635;0,1148141;2,148182;81,05891;
;0,05192872;0,1147674;2,148182;81,06891;
;0,05192035;0,1147659;2,148182;81,07891;
;0,05193018;0,1147655;2,148182;81,08891;
;0,05188372;0,1149329;2,148182;81,09892;
;0,05184377;0,1151312;2,148182;81,10892;
;0,0518313;0,1154478;2,148182;81,11892;
;0,05170757;0,1157403;2,148182;81,12892;
;0,05166647;0,116001;2,148182;81,13892;
;0,05163806;0,1163666;2,148182;81,14893;
;0,05152003;0,1166715;2,148182;81,15893;
;0,0514723;0,1169322;2,148182;81,16893;
;0,05141108;0,1172499;2,148182;81,17893;
;0,05135891;0,1175085;2,148182;81,18893;
;0,0513149;0,1177169;2,148182;81,19894;
;0,05124668;0,1179725;2,148182;81,20894;
;0,05122051;0,1181594;2,148182;81,21894;
;0,05122126;0,1182929;2,148182;81,22894;
;0,05115119;0,1184577;2,148182;81,23895;
;0,0511259;0,1185534;2,148182;81,24895;
;0,05112724;0,1186072;2,148182;81,25895;
;0,05112138;0,1186617;2,148182;81,26895;
;0,05114984;0,118656;2,148182;81,27895;
;0,05112758;0,118628;2,148182;81,28896;
;0,05112951;0,1185979;2,148182;81,29896;
;0,05116803;0,1185062;2,148182;81,30896;
;0,05118565;0,1184054;2,148182;81,31896;
;0,05120672;0,1182126;2,148182;81,32896;
;0,05130814;0,1179986;2,148182;81,33897;
;0,05135881;0,1177436;2,148182;81,34897;
;0,05138689;0,117552;2,148182;81,35897;
;0,05146689;0,1172599;2,148182;81,36897;
;0,05149181;0,1170059;2,148182;81,37897;
;0,05159385;0,1166402;2,148182;81,38898;
;0,05165978;0,1163022;2,148182;81,39898;
;0,05167679;0,1160435;2,148182;81,40898;
;0,05184549;0,1156626;2,148182;81,41898;
;0,05184271;0,1153613;2,148182;81,42899;
;0,051858;0,1151263;2,148182;81,43899;
;0,05192532;0,1148675;2,148182;81,44899;
;0,05193524;0,1147696;2,148182;81,45899;
;0,05193783;0,1147663;2,148182;81,46899;
;0,05191695;0,1147655;2,148182;81,479;
;0,05192963;0,1148857;2,148182;81,489;
;0,05187058;0,115069;2,148182;81,499;
;0,05184807;0,115375;2,148182;81,509;
;0,0517501;0,115662;2,148182;81,519;
;0,05169001;0,1159209;2,148182;81,52901;
;0,05164853;0,1162855;2,148182;81,53901;
;0,05153492;0,1166002;2,148182;81,54901;
;0,05149059;0,1168479;2,148182;81,55901;
;0,05142865;0,1171817;2,148182;81,56902;
;0,05137398;0,117442;2,148182;81,57902;
;0,05134937;0,1176529;2,148182;81,58902;
;0,05127629;0,117925;2,148182;81,59902;
;0,05122931;0,1181081;2,148182;81,60902;
;0,0512117;0,1182453;2,148182;81,61903;
;0,05115882;0,1184268;2,148182;81,62903;
;0,05114114;0,1185331;2,148182;81,63903;
;0,05116478;0,1185883;2,148182;81,64903;
;0,05112813;0,1186549;2,148182;81,65903;
;0,0511248;0,1186629;2,148182;81,66904;
;0,051126;0,1186374;2,148182;81,67904;
;0,05116351;0,1185879;2,148182;81,68904;
;0,05119468;0,1184904;2,148182;81,69904;
;0,05120622;0,1183859;2,148182;81,70905;
;0,05123415;0,1182223;2,148182;81,71905;
;0,05127545;0,1180314;2,148182;81,72905;
;0,05134274;0,1178086;2,148182;81,73905;
;0,05139755;0,1176097;2,148182;81,74905;
;0,05144071;0,1173232;2,148182;81,75906;
;0,05149598;0,1170223;2,148182;81,76906;
;0,05154336;0,1167622;2,148182;81,77906;
;0,05163844;0,1163934;2,148182;81,78906;
;0,05167071;0,1161196;2,148182;81,79906;
;0,05178028;0,1157503;2,148182;81,80907;
;0,05180437;0,1154385;2,148182;81,81907;
;0,05184666;0,1151953;2,148182;81,82907;
;0,05190129;0,114918;2,148182;81,83907;
;0,05197034;0,1147716;2,148182;81,84908;
;0,05193228;0,1147667;2,148182;81,85908;
;0,05192374;0,1147655;2,148182;81,86908;
;0,05195628;0,1148413;2,148182;81,87908;
;0,05189112;0,1150049;2,148182;81,88908;
;0,0518446;0,1153009;2,148182;81,89909;
;0,05173798;0,1155919;2,148182;81,90909;
;0,05170032;0,1158423;2,148182;81,91909;
;0,05167107;0,1162066;2,148182;81,92909;
;0,05155552;0,1165202;2,148182;81,93909;
;0,05153231;0,1167746;2,148182;81,9491;
;0,05144387;0,1171128;2,148182;81,9591;
;0,05138724;0,1173856;2,148182;81,9691;
;0,05134524;0,1175901;2,148182;81,9791;
;0,05130043;0,1178601;2,148182;81,98911;
;0,05124688;0,1180781;2,148182;81,99911;
;0,05121964;0,1182043;2,148182;82,00911;
;0,05116283;0,1183884;2,148182;82,01911;
;0,05114803;0,1185121;2,148182;82,02911;
;0,05116323;0,1185718;2,148182;82,03912;
;0,05111917;0,1186454;2,148182;82,04912;
;0,05112183;0,1186655;2,148182;82,05912;
;0,05115699;0,1186412;2,148182;82,06912;
;0,05115502;0,1186022;2,148182;82,07912;
;0,05116853;0,1185229;2,148182;82,08913;
;0,05118979;0,1184166;2,148182;82,09913;
;0,05122868;0,1182616;2,148182;82,10913;
;0,05127683;0,1180866;2,148182;82,11913;
;0,05132042;0,1179038;2,148182;82,12914;
;0,05139222;0,1176368;2,148182;82,13914;
;0,0514188;0,1173772;2,148182;82,14914;
;0,05144834;0,1171527;2,148182;82,15914;
;0,05158388;0,1167928;2,148182;82,16914;
;0,05161148;0,1164759;2,148182;82,17915;
;0,05163431;0,116212;2,148182;82,18915;
;0,05179027;0,1158266;2,148182;82,19915;
;0,0517909;0,1155189;2,148182;82,20915;
;0,05182207;0,1152748;2,148182;82,21915;
;0,0519025;0,1149725;2,148182;82,22916;
;0,05194719;0,114778;2,148182;82,23916;
;0,05192196;0,114768;2,148182;82,24916;
;0,05193609;0,1147656;2,148182;82,25916;
;0,05197186;0,1147989;2,148182;82,26917;
;0,05190873;0,1149505;2,148182;82,27917;
;0,05183935;0,1152288;2,148182;82,28917;
;0,05175538;0,1155043;2,148182;82,29917;
;0,0517191;0,1157625;2,148182;82,30917;
;0,05168614;0,1161252;2,148182;82,31918;
;0,0515979;0,1164417;2,148182;82,32918;
;0,05154465;0,1166966;2,148182;82,33918;
;0,0514569;0,1170391;2,148182;82,34918;
;0,05139599;0,1173098;2,148182;82,35918;
;0,05135443;0,117521;2,148182;82,36919;
;0,05132508;0,1178119;2,148182;82,37919;
;0,05125078;0,118021;2,148182;82,38919;
;0,05122215;0,1181721;2,148182;82,39919;
;0,05116528;0,1183544;2,148182;82,40919;
;0,05114075;0,1184857;2,148182;82,4192;
;0,05113402;0,1185535;2,148182;82,4292;
;0,05110604;0,1186323;2,148182;82,4392;
;0,05110254;0,1186654;2,148182;82,4492;
;0,05109912;0,1186504;2,148182;82,45921;
;0,05115103;0,1186175;2,148182;82,46921;
;0,05115526;0,1185476;2,148182;82,47921;
;0,05116228;0,1184501;2,148182;82,48921;
;0,05121217;0,1183026;2,148182;82,49921;
;0,05124466;0,1181369;2,148182;82,50922;
;0,05123277;0,1179648;2,148182;82,51922;
;0,05138073;0,1176948;2,148182;82,52922;
;0,05139544;0,1174537;2,148182;82,53922;
;0,05142501;0,1172216;2,148182;82,54922;
;0,05156303;0,1168725;2,148182;82,55923;
;0,05160036;0,1165541;2,148182;82,56923;
;0,05162356;0,1162874;2,148182;82,57923;
;0,05170787;0,1159106;2,148182;82,58923;
;0,05176292;0,1155929;2,148182;82,59924;
;0,05176926;0,1153554;2,148182;82,60924;
;0,05186812;0,1150302;2,148182;82,61924;
;0,05193636;0,1148214;2,148182;82,62924;
;0,05190305;0,1147677;2,148182;82,63924;
;0,05193144;0,1147659;2,148182;82,64925;
;0,05193424;0,1147655;2,148182;82,65925;
;0,0518934;0,1149024;2,148182;82,66925;
;0,051863;0,1151647;2,148182;82,67925;
;0,05177157;0,1154408;2,148182;82,68925;
;0,05173368;0,1156866;2,148182;82,69926;
;0,05171037;0,116049;2,148182;82,70926;
;0,05158715;0,1163592;2,148182;82,71926;
;0,05156186;0,1166707;2,148182;82,72926;
;0,05150086;0,1169249;2,148182;82,73927;
;0,05140166;0,117249;2,148182;82,74927;
;0,05135855;0,1174602;2,148182;82,75927;
;0,0512951;0,1177493;2,148182;82,76927;
;0,05124386;0,1179739;2,148182;82,77927;
;0,05117914;0,1181244;2,148182;82,78928;
;0,05120268;0,1183147;2,148182;82,79928;
;0,05115733;0,1184545;2,148182;82,80928;
;0,05114104;0,118534;2,148182;82,81928;
;0,05118034;0,1186161;2,148182;82,82928;
;0,05111699;0,1186618;2,148182;82,83929;
;0,05111499;0,1186578;2,148182;82,84929;
;0,05119441;0,1186251;2,148182;82,85929;
;0,05115894;0,1185702;2,148182;82,86929;
;0,05117074;0,1184817;2,148182;82,8793;
;0,05123466;0,118334;2,148182;82,8893;
;0,05125534;0,1181831;2,148182;82,8993;
;0,05127775;0,1180208;2,148182;82,9093;
;0,05135924;0,1177593;2,148182;82,9193;
;0,05139564;0,1175129;2,148182;82,92931;
;0,05143817;0,1172885;2,148182;82,93931;
;0,05153806;0,1169452;2,148182;82,94931;
;0,05157871;0,1166425;2,148182;82,95931;
;0,05160449;0,1163713;2,148182;82,96931;
;0,05175419;0,1159865;2,148182;82,97932;
;0,05176667;0,11567;2,148182;82,98932;
;0,05181689;0,1154171;2,148182;82,99932;
;0,05187508;0,1150915;2,148182;83,00932;
;0,05192431;0,1148702;2,148182;83,01933;
;0,051909;0,1147864;2,148182;83,02933;
;0,05186437;0,1147663;2,148182;83,03933;
;0,05189232;0,1147655;2,148182;83,04933;
;0,05189481;0,1148586;2,148182;83,05933;
;0,05185097;0,1150983;2,148182;83,06934;
;0,0517848;0,1153658;2,148182;83,07934;
;0,05173334;0,1156554;2,148182;83,08934;
;0,05171016;0,1159184;2,148182;83,09934;
;0,05160102;0,1162734;2,148182;83,10934;
;0,05155599;0,1165415;2,148182;83,11935;
;0,05149738;0,1168914;2,148182;83,12935;
;0,05142193;0,1171812;2,148182;83,13935;
;0,05137618;0,117398;2,148182;83,14935;
;0,05131406;0,1176835;2,148182;83,15936;
;0,05128322;0,1179209;2,148182;83,16936;
;0,05125339;0,1180828;2,148182;83,17936;
;0,05117955;0,1182713;2,148182;83,18936;
;0,05115879;0,1184254;2,148182;83,19936;
;0,05115316;0,1185139;2,148182;83,20937;
;0,05114967;0,1185969;2,148182;83,21937;
;0,05111366;0,1186547;2,148182;83,22937;
;0,05111038;0,1186616;2,148182;83,23937;
;0,05113262;0,1186321;2,148182;83,24937;
;0,0511384;0,118589;2,148182;83,25938;
;0,05114022;0,1185127;2,148182;83,26938;
;0,05122246;0,1183693;2,148182;83,27938;
;0,05123618;0,1182238;2,148182;83,28938;
;0,05126056;0,1180676;2,148182;83,29939;
;0,05137148;0,1178118;2,148182;83,30939;
;0,05140365;0,1175791;2,148182;83,31939;
;0,05141494;0,1173619;2,148182;83,32939;
;0,05151755;0,1170323;2,148182;83,33939;
;0,0515759;0,1167157;2,148182;83,3494;
;0,05159403;0,1164523;2,148182;83,3594;
;0,051733;0,1160684;2,148182;83,3694;
;0,05174788;0,1157553;2,148182;83,3794;
;0,05177337;0,1154998;2,148182;83,3894;
;0,05187976;0,1151553;2,148182;83,39941;
;0,05191339;0,114918;2,148182;83,40941;
;0,05191685;0,114796;2,148182;83,41941;
;0,05194177;0,1147667;2,148182;83,42941;
;0,05195399;0,1147655;2,148182;83,43941;
;0,05191058;0,1148274;2,148182;83,44942;
;0,05188067;0,1150343;2,148182;83,45942;
;0,05180181;0,1152929;2,148182;83,46942;
;0,05176418;0,1155351;2,148182;83,47942;
;0,0517228;0,1158916;2,148182;83,48943;
;0,05161476;0,1161928;2,148182;83,49943;
;0,05157264;0,1164597;2,148182;83,50943;
;0,05151979;0,1168172;2,148182;83,51943;
;0,0514359;0,1171096;2,148182;83,52943;
;0,05139605;0,1173318;2,148182;83,53944;
;0,05136762;0,1176261;2,148182;83,54944;
;0,05128482;0,117863;2,148182;83,55944;
;0,05124788;0,1180347;2,148182;83,56944;
;0,05118878;0,1182285;2,148182;83,57944;
;0,05116814;0,1183886;2,148182;83,58945;
;0,05116012;0,1184901;2,148182;83,59945;
;0,05114008;0,1185793;2,148182;83,60945;
;0,05111577;0,1186449;2,148182;83,61945;
;0,05111365;0,1186655;2,148182;83,62946;
;0,05112921;0,118641;2,148182;83,63946;
;0,05117531;0,1186046;2,148182;83,64946;
;0,05117378;0,1185373;2,148182;83,65946;
;0,05118274;0,1183979;2,148182;83,66946;
;0,05122766;0,1182652;2,148182;83,67947;
;0,05125926;0,118117;2,148182;83,68947;
;0,05132582;0,1178722;2,148182;83,69947;
;0,0513612;0,1176439;2,148182;83,70947;
;0,05139325;0,1174309;2,148182;83,71947;
;0,05152553;0,1171001;2,148182;83,72948;
;0,05155744;0,116791;2,148182;83,73948;
;0,05160289;0,1164758;2,148182;83,74948;
;0,05165247;0,116203;2,148182;83,75948;
;0,05174072;0,1158404;2,148182;83,76949;
;0,05176622;0,1155748;2,148182;83,77949;
;0,05187884;0,115229;2,148182;83,78949;
;0,05189392;0,1149761;2,148182;83,79949;
;0,05190251;0,1148166;2,148182;83,80949;
;0,05191565;0,1147675;2,148182;83,8195;
;0,05193494;0,1147656;2,148182;83,8295;
;0,05191535;0,1147877;2,148182;83,8395;
;0,05188495;0,1149784;2,148182;83,8495;
;0,05181971;0,1152311;2,148182;83,8595;
;0,05180602;0,1154676;2,148182;83,86951;
;0,05171994;0,1158081;2,148182;83,87951;
;0,05163039;0,1161314;2,148182;83,88951;
;0,051591;0,1163909;2,148182;83,89951;
;0,05154987;0,1167471;2,148182;83,90952;
;0,05144649;0,1170365;2,148182;83,91952;
;0,05140753;0,1172702;2,148182;83,92952;
;0,05138123;0,1175607;2,148182;83,93952;
;0,05130254;0,1178067;2,148182;83,94952;
;0,05125893;0,1179821;2,148182;83,95953;
;0,05119646;0,1181919;2,148182;83,96953;
;0,05117727;0,1183526;2,148182;83,97953;
;0,05116884;0,1184625;2,148182;83,98953;
;0,05113904;0,1185659;2,148182;83,99953;
;0,05111594;0,1186317;2,148182;84,00954;
;0,0511145;0,1186596;2,148182;84,01954;
;0,05113446;0,1186481;2,148182;84,02954;
;0,05118807;0,1186166;2,148182;84,03954;
;0,0511692;0,1185587;2,148182;84,04955;
;0,05117225;0,118432;2,148182;84,05955;
;0,05122125;0,1183013;2,148182;84,06955;
;0,05125177;0,1181657;2,148182;84,07955;
;0,05132997;0,1179271;2,148182;84,08955;
;0,05134735;0,1176934;2,148182;84,09956;
;0,05137908;0,1174966;2,148182;84,10956;
;0,05151244;0,1171781;2,148182;84,11956;
;0,05153251;0,1168752;2,148182;84,12956;
;0,05156291;0,1166147;2,148182;84,13956;
;0,05168824;0,1162347;2,148182;84,14957;
;0,05171711;0,1159165;2,148182;84,15957;
;0,0517398;0,1156536;2,148182;84,16957;
;0,05185634;0,1152968;2,148182;84,17957;
;0,05188379;0,1150308;2,148182;84,18958;
;0,05190624;0,1148567;2,148182;84,19958;
;0,05191426;0,1147691;2,148182;84,20958;
;0,051924;0,1147656;2,148182;84,21958;
;0,05192809;0,1147655;2,148182;84,22958;
;0,05191102;0,114926;2,148182;84,23959;
;0,05182716;0,115158;2,148182;84,24959;
;0,05179014;0,1153902;2,148182;84,25959;
;0,05176243;0,1157357;2,148182;84,26959;
;0,05164614;0,1160442;2,148182;84,27959;
;0,05159076;0,116354;2,148182;84,2896;
;0,05159102;0,1166198;2,148182;84,2996;
;0,05146315;0,1169601;2,148182;84,3096;
;0,05141381;0,1171977;2,148182;84,3196;
;0,05135573;0,1174982;2,148182;84,32961;
;0,05136795;0,1177524;2,148182;84,33961;
;0,05128812;0,1179414;2,148182;84,34961;
;0,05119933;0,1181514;2,148182;84,35961;
;0,0511877;0,1183109;2,148182;84,36961;
;0,05117839;0,1184299;2,148182;84,37962;
;0,05114008;0,1185511;2,148182;84,38962;
;0,05111677;0,1186161;2,148182;84,39962;
;0,0511162;0,1186538;2,148182;84,40962;
;0,05113165;0,118657;2,148182;84,41962;
;0,05118497;0,1186265;2,148182;84,42963;
;0,05116121;0,1185802;2,148182;84,43963;
;0,05116501;0,1184651;2,148182;84,44963;
;0,05121521;0,1183364;2,148182;84,45963;
;0,05124608;0,1182049;2,148182;84,46964;
;0,05129849;0,1179871;2,148182;84,47964;
;0,05133985;0,1177584;2,148182;84,48964;
;0,05140156;0,1175561;2,148182;84,49964;
;0,05147095;0,1172551;2,148182;84,50964;
;0,05151124;0,1169578;2,148182;84,51965;
;0,05153978;0,1166999;2,148182;84,52965;
;0,05167641;0,1163235;2,148182;84,53965;
;0,05170335;0,1159955;2,148182;84,54965;
;0,05172719;0,1157378;2,148182;84,55965;
;0,05188482;0,1153723;2,148182;84,56966;
;0,05186773;0,1150891;2,148182;84,57966;
;0,05190729;0,11491;2,148182;84,58966;
;0,05192007;0,1147713;2,148182;84,59966;
;0,0519385;0,1147657;2,148182;84,60966;
;0,05194753;0,1147655;2,148182;84,61967;
;0,05189336;0,1148759;2,148182;84,62967;
;0,05184444;0,1150926;2,148182;84,63967;
;0,05180856;0,1153194;2,148182;84,64967;
;0,05178521;0,1156611;2,148182;84,65968;
;0,05166328;0,1159582;2,148182;84,66968;
;0,05162121;0,1162228;2,148182;84,67968;
;0,05160341;0,1165845;2,148182;84,68968;
;0,05147237;0,1168906;2,148182;84,69968;
;0,05142753;0,1171289;2,148182;84,70969;
;0,05136982;0,1174391;2,148182;84,71969;
;0,0513531;0,1176874;2,148182;84,72969;
;0,0512931;0,1178764;2,148182;84,73969;
;0,05121171;0,1181123;2,148182;84,74969;
;0,05119781;0,118271;2,148182;84,7597;
;0,05119029;0,1183983;2,148182;84,7697;
;0,05114098;0,1185306;2,148182;84,7797;
;0,05111849;0,1185964;2,148182;84,7897;
;0,05111899;0,118645;2,148182;84,79971;
;0,05112914;0,1186631;2,148182;84,80971;
;0,05118932;0,1186319;2,148182;84,81971;
;0,05113984;0,1185904;2,148182;84,82971;
;0,05114665;0,1185133;2,148182;84,83971;
;0,05121197;0,1183654;2,148182;84,84972;
;0,05124349;0,11825;2,148182;84,85972;
;0,05128241;0,1180397;2,148182;84,86972;
;0,0513193;0,1178169;2,148182;84,87972;
;0,05135486;0,1176241;2,148182;84,88972;
;0,05149142;0,1173193;2,148182;84,89973;
;0,05149532;0,1170358;2,148182;84,90973;
;0,05151951;0,116782;2,148182;84,91973;
;0,0516619;0,1164019;2,148182;84,92973;
;0,05170519;0,1160761;2,148182;84,93974;
;0,05173334;0,1158101;2,148182;84,94974;
;0,05183099;0,11545;2,148182;84,95974;
;0,05185155;0,1151618;2,148182;84,96974;
;0,0519076;0,1149629;2,148182;84,97974;
;0,05190124;0,1147734;2,148182;84,98975;
;0,05185632;0,1147658;2,148182;84,99975;
;0,05185747;0,1147656;2,148182;85,00975;
;0,05189298;0,1148332;2,148182;85,01975;
;0,05184761;0,1150267;2,148182;85,02975;
;0,05177566;0,1152457;2,148182;85,03976;
;0,05177017;0,1155781;2,148182;85,04976;
;0,05167782;0,1158793;2,148182;85,05976;
;0,05165898;0,1161432;2,148182;85,06976;
;0,05154951;0,1165058;2,148182;85,07977;
;0,05148324;0,1168127;2,148182;85,08977;
;0,05144008;0,1170564;2,148182;85,09977;
;0,05133473;0,1173693;2,148182;85,10977;
;0,05129727;0,117622;2,148182;85,11977;
;0,05128029;0,1178204;2,148182;85,12978;
;0,05123822;0,1180653;2,148182;85,13978;
;0,05120638;0,1182288;2,148182;85,14978;
;0,05118982;0,1183597;2,148182;85,15978;
;0,05114206;0,1185051;2,148182;85,16978;
;0,0511197;0,1185796;2,148182;85,17979;
;0,05112061;0,1186443;2,148182;85,18979;
;0,05112666;0,1186627;2,148182;85,19979;
;0,05113846;0,1186364;2,148182;85,20979;
;0,05113677;0,1186093;2,148182;85,2198;
;0,05115563;0,1185263;2,148182;85,2298;
;0,05120352;0,1183975;2,148182;85,2398;
;0,05123485;0,1182862;2,148182;85,2498;
;0,05126831;0,1180919;2,148182;85,2598;
;0,05130559;0,1178738;2,148182;85,26981;
;0,05133972;0,117679;2,148182;85,27981;
;0,05142683;0,1173915;2,148182;85,28981;
;0,05151875;0,1171028;2,148182;85,29981;
;0,05153508;0,1168509;2,148182;85,30981;
;0,05162102;0,1164922;2,148182;85,31982;
;0,05167371;0,1161514;2,148182;85,32982;
;0,05170002;0,1158906;2,148182;85,33982;
;0,05186961;0,1155174;2,148182;85,34982;
;0,05183237;0,1152356;2,148182;85,35983;
;0,05188241;0,1149769;2,148182;85,36983;
;0,05193623;0,1148119;2,148182;85,37983;
;0,05193155;0,1147674;2,148182;85,38983;
;0,05192386;0,1147656;2,148182;85,39983;
;0,05192615;0,1148155;2,148182;85,40984;
;0,05187033;0,1149766;2,148182;85,41984;
;0,05183228;0,1151827;2,148182;85,42984;
;0,0518209;0,115508;2,148182;85,43984;
;0,05169316;0,1158052;2,148182;85,44984;
;0,05165249;0,1160644;2,148182;85,45985;
;0,05163421;0,1164311;2,148182;85,46985;
;0,05150659;0,1167344;2,148182;85,47985;
;0,05145962;0,1169833;2,148182;85,48985;
;0,05139866;0,1173088;2,148182;85,49986;
;0,05134862;0,1175599;2,148182;85,50986;
;0,0513055;0,1177624;2,148182;85,51986;
;0,05123628;0,1180164;2,148182;85,52986;
;0,05121262;0,118193;2,148182;85,53986;
;0,05122559;0,1183261;2,148182;85,54987;
;0,05114568;0,1184815;2,148182;85,55987;
;0,05111936;0,1185642;2,148182;85,56987;
;0,05111773;0,1186309;2,148182;85,57987;
;0,05111032;0,1186597;2,148182;85,58987;
;0,05105313;0,1186483;2,148182;85,59988;
;0,05111555;0,1186184;2,148182;85,60988;
;0,05114375;0,118538;2,148182;85,61988;
;0,05119599;0,118421;2,148182;85,62988;
;0,05123109;0,1183242;2,148182;85,63988;
;0,0512545;0,118144;2,148182;85,64989;
;0,05130076;0,117935;2,148182;85,65989;
;0,05136015;0,1177429;2,148182;85,66989;
;0,05143565;0,1174555;2,148182;85,67989;
;0,0514616;0,1171846;2,148182;85,6899;
;0,05149107;0,116934;2,148182;85,6999;
;0,05162513;0,1165699;2,148182;85,7099;
;0,05165719;0,116243;2,148182;85,7199;
;0,05168111;0,1159746;2,148182;85,7299;
;0,05185739;0,1156001;2,148182;85,73991;
;0,05182715;0,1152968;2,148182;85,74991;
;0,05188116;0,1150793;2,148182;85,75991;
;0,05191505;0,1148291;2,148182;85,76991;
;0,05193432;0,114768;2,148182;85,77991;
;0,05191659;0,114766;2,148182;85,78992;
;0,05193042;0,1147655;2,148182;85,79992;
;0,05190492;0,1149191;2,148182;85,80992;
;0,05187618;0,1151196;2,148182;85,81992;
;0,05179308;0,1154313;2,148182;85,82993;
;0,05171526;0,1157231;2,148182;85,83993;
;0,05167811;0,1159804;2,148182;85,84993;
;0,05163442;0,116351;2,148182;85,85993;
;0,05152142;0,1166625;2,148182;85,86993;
;0,05147593;0,1169149;2,148182;85,87994;
;0,05141474;0,1172421;2,148182;85,88994;
;0,05135853;0,1174989;2,148182;85,89994;
;0,05131615;0,1176999;2,148182;85,90994;
;0,05124868;0,117966;2,148182;85,91994;
;0,05122091;0,118156;2,148182;85,92995;
;0,05122224;0,118286;2,148182;85,93995;
;0,05115293;0,1184518;2,148182;85,94995;
;0,05112764;0,1185488;2,148182;85,95995;
;0,05113012;0,1186144;2,148182;85,96996;
;0,051133;0,1186536;2,148182;85,97996;
;0,05112896;0,1186577;2,148182;85,98996;
;0,05112597;0,1186302;2,148182;85,99996;
;0,05114569;0,1185747;2,148182;86,00996;
;0,05118715;0,1184676;2,148182;86,01997;
;0,05125782;0,1183362;2,148182;86,02997;
;0,05124565;0,1182076;2,148182;86,03997;
;0,05128068;0,1179925;2,148182;86,04997;
;0,05131984;0,1178027;2,148182;86,05997;
;0,05146329;0,1175183;2,148182;86,06998;
;0,05144668;0,1172535;2,148182;86,07998;
;0,05147156;0,1170111;2,148182;86,08998;
;0,05161378;0,1166415;2,148182;86,09998;
;0,05164107;0,1163287;2,148182;86,10999;
;0,05166366;0,1160593;2,148182;86,11999;
;0,05184252;0,1156736;2,148182;86,12999;
;0,05181421;0,1153801;2,148182;86,13999;
;0,05185954;0,1151386;2,148182;86,14999;
;0,05190718;0,1148757;2,148182;86,16;
;0,05196089;0,1147699;2,148182;86,17;
;0,05193041;0,1147664;2,148182;86,18;
;0,05191566;0,1147655;2,148182;86,19;
;0,05192886;0,1148816;2,148182;86,2;
;0,05187059;0,1150571;2,148182;86,21001;
;0,05185405;0,1153621;2,148182;86,22001;
;0,05172603;0,1156493;2,148182;86,23001;
;0,05168477;0,1159068;2,148182;86,24001;
;0,05165605;0,116272;2,148182;86,25002;
;0,05153782;0,1165828;2,148182;86,26002;
;0,05149195;0,1168339;2,148182;86,27002;
;0,05142873;0,1171708;2,148182;86,28002;
;0,05137224;0,1174358;2,148182;86,29002;
;0,05132743;0,1176413;2,148182;86,30003;
;0,05125718;0,1179069;2,148182;86,31003;
;0,0512161;0,1181092;2,148182;86,32003;
;0,05117092;0,1182392;2,148182;86,33003;
;0,05114722;0,1184197;2,148182;86,34003;
;0,05115261;0,1185319;2,148182;86,35004;
;0,0511503;0,1185847;2,148182;86,36004;
;0,05112678;0,1186529;2,148182;86,37004;
;0,05112111;0,1186627;2,148182;86,38004;
;0,05112041;0,1186423;2,148182;86,39005;
;0,05114099;0,1185897;2,148182;86,40005;
;0,05116647;0,118499;2,148182;86,41005;
;0,05116561;0,1183722;2,148182;86,42005;
;0,05121446;0,1182501;2,148182;86,43005;
;0,05128844;0,1180439;2,148182;86,44006;
;0,05130872;0,1178512;2,148182;86,45006;
;0,05143683;0,1175821;2,148182;86,46006;
;0,05143249;0,1173198;2,148182;86,47006;
;0,05145887;0,1170821;2,148182;86,48006;
;0,05159441;0,1167273;2,148182;86,49007;
;0,05162602;0,116402;2,148182;86,50007;
;0,05164938;0,1161379;2,148182;86,51007;
;0,05180915;0,1157599;2,148182;86,52007;
;0,05180295;0,1154531;2,148182;86,53008;
;0,05183875;0,1152107;2,148182;86,54008;
;0,05189974;0,1149289;2,148182;86,55008;
;0,05197348;0,114772;2,148182;86,56008;
;0,05193316;0,1147668;2,148182;86,57008;
;0,05192272;0,1147655;2,148182;86,58009;
;0,05195899;0,1148348;2,148182;86,59009;
;0,05188955;0,1149956;2,148182;86,60009;
;0,05185905;0,1152906;2,148182;86,61009;
;0,05174122;0,115567;2,148182;86,62009;
;0,05170281;0,1158236;2,148182;86,6301;
;0,05166516;0,1161924;2,148182;86,6401;
;0,0515515;0,1165044;2,148182;86,6501;
;0,0515052;0,1167599;2,148182;86,6601;
;0,05142583;0,1170997;2,148182;86,6701;
;0,05136168;0,1173679;2,148182;86,68011;
;0,05135829;0,1175786;2,148182;86,69011;
;0,05127994;0,1178558;2,148182;86,70011;
;0,05123847;0,1180558;2,148182;86,71011;
;0,05123533;0,1182032;2,148182;86,72012;
;0,0511638;0,1183835;2,148182;86,73012;
;0,05113826;0,1185047;2,148182;86,74012;
;0,05113894;0,1185682;2,148182;86,75012;
;0,05114218;0,1186433;2,148182;86,76012;
;0,05112016;0,1186658;2,148182;86,77013;
;0,05111723;0,1186426;2,148182;86,78013;
;0,05113985;0,1186085;2,148182;86,79013;
;0,0511742;0,118526;2,148182;86,80013;
;0,05120365;0,1184005;2,148182;86,81013;
;0,05121191;0,1182906;2,148182;86,82014;
;0,0512617;0,1181006;2,148182;86,83014;
;0,05129901;0,1179164;2,148182;86,84014;
;0,05141195;0,1176461;2,148182;86,85014;
;0,05141542;0,1174013;2,148182;86,86015;
;0,05144208;0,1171671;2,148182;86,87015;
;0,05158052;0,1168058;2,148182;86,88015;
;0,05162183;0,116495;2,148182;86,89015;
;0,05163512;0,1162203;2,148182;86,90015;
;0,05174062;0,1158478;2,148182;86,91016;
;0,05182184;0,1155262;2,148182;86,92016;
;0,05183503;0,1152809;2,148182;86,93016;
;0,05189791;0,1149814;2,148182;86,94016;
;0,05193165;0,1148042;2,148182;86,95016;
;0,05191596;0,1147732;2,148182;86,96017;
;0,0519378;0,1147658;2,148182;86,97017;
;0,05197409;0,114794;2,148182;86,98017;
;0,05189945;0,1149439;2,148182;86,99017;
;0,05187606;0,1152231;2,148182;87,00018;
;0,0517556;0,1154959;2,148182;87,01018;
;0,05171651;0,1157525;2,148182;87,02018;
;0,05169505;0,1161152;2,148182;87,03018;
;0,05156823;0,1164252;2,148182;87,04018;
;0,0515207;0,1166819;2,148182;87,05019;
;0,05144161;0,1170252;2,148182;87,06019;
;0,05132604;0,1172988;2,148182;87,07019;
;0,05134372;0,1175109;2,148182;87,08019;
;0,05131608;0,1177968;2,148182;87,09019;
;0,05124287;0,1180125;2,148182;87,1002;
;0,05121491;0,118161;2,148182;87,1102;
;0,05119129;0,1183469;2,148182;87,1202;
;0,05118857;0,1184806;2,148182;87,1302;
;0,05114736;0,1185463;2,148182;87,14021;
;0,0511428;0,1186089;2,148182;87,15021;
;0,0511172;0,1186606;2,148182;87,16021;
;0,0511189;0,1186515;2,148182;87,17021;
;0,05118297;0,1186175;2,148182;87,18021;
;0,05116573;0,1185519;2,148182;87,19022;
;0,05118876;0,1184344;2,148182;87,20022;
;0,05120072;0,118325;2,148182;87,21022;
;0,05125419;0,1181437;2,148182;87,22022;
;0,05128756;0,1179742;2,148182;87,23022;
;0,05138189;0,1177062;2,148182;87,24023;
;0,05140258;0,1174563;2,148182;87,25023;
;0,05143122;0,117235;2,148182;87,26023;
;0,05156695;0,116883;2,148182;87,27023;
;0,05159248;0,1165708;2,148182;87,28024;
;0,0516471;0,1162501;2,148182;87,29024;
;0,05170199;0,115972;2,148182;87,30024;
;0,05178155;0,115619;2,148182;87,31024;
;0,05181;0,1153612;2,148182;87,32024;
;0,05188162;0,1150457;2,148182;87,33025;
;0,05195337;0,1148303;2,148182;87,34025;
;0,0519256;0,1147785;2,148182;87,35025;
;0,05193721;0,114766;2,148182;87,36025;
;0,0519379;0,1147655;2,148182;87,37025;
;0,05189504;0,1148931;2,148182;87,38026;
;0,05187872;0,1151513;2,148182;87,39026;
;0,05177126;0,1154217;2,148182;87,40026;
;0,05173378;0,1156736;2,148182;87,41026;
;0,05169998;0,1160304;2,148182;87,42027;
;0,05158694;0,1163402;2,148182;87,43027;
;0,05154301;0,1166025;2,148182;87,44027;
;0,05148799;0,1169559;2,148182;87,45027;
;0,05141493;0,1172366;2,148182;87,46027;
;0,05138059;0,117453;2,148182;87,47028;
;0,05132639;0,117741;2,148182;87,48028;
;0,05125939;0,1179568;2,148182;87,49028;
;0,05123205;0,1181216;2,148182;87,50028;
;0,05117366;0,1183058;2,148182;87,51028;
;0,0511477;0,1184458;2,148182;87,52029;
;0,05113559;0,1185315;2,148182;87,53029;
;0,05108155;0,1186128;2,148182;87,54029;
;0,05109493;0,1186606;2,148182;87,55029;
;0,0511094;0,1186588;2,148182;87,5603;
;0,05111568;0,1186279;2,148182;87,5703;
;0,05113044;0,1185749;2,148182;87,5803;
;0,05111746;0,1184887;2,148182;87,5903;
;0,05120245;0,1183416;2,148182;87,6003;
;0,05126525;0,1181873;2,148182;87,61031;
;0,05128675;0,1180255;2,148182;87,62031;
;0,0513286;0,1177662;2,148182;87,63031;
;0,05138521;0,1175274;2,148182;87,64031;
;0,05141079;0,1173023;2,148182;87,65031;
;0,05148146;0,1169698;2,148182;87,66032;
;0,05157386;0,1166557;2,148182;87,67032;
;0,051599;0,1163899;2,148182;87,68032;
;0,05174062;0,1160068;2,148182;87,69032;
;0,05177488;0,1156812;2,148182;87,70033;
;0,05178278;0,1154403;2,148182;87,71033;
;0,05185299;0,1151075;2,148182;87,72033;
;0,0518436;0,1148817;2,148182;87,73033;
;0,05187532;0,1147887;2,148182;87,74033;
;0,05192569;0,1147664;2,148182;87,75034;
;0,05192065;0,1147655;2,148182;87,76034;
;0,05189109;0,1148541;2,148182;87,77034;
;0,05183562;0,1150813;2,148182;87,78034;
;0,05174531;0,1153526;2,148182;87,79034;
;0,05177351;0,1155979;2,148182;87,80035;
;0,05169811;0,1159492;2,148182;87,81035;
;0,05160036;0,1162622;2,148182;87,82035;
;0,05155993;0,1165239;2,148182;87,83035;
;0,05151158;0,1168763;2,148182;87,84035;
;0,0514242;0,117168;2,148182;87,85036;
;0,05137411;0,1173924;2,148182;87,86036;
;0,05130758;0,1176746;2,148182;87,87036;
;0,05124518;0,1179097;2,148182;87,88036;
;0,05115937;0,1181026;2,148182;87,89037;
;0,05117085;0,1182407;2,148182;87,90037;
;0,051167;0,1184196;2,148182;87,91037;
;0,05115634;0,1185092;2,148182;87,92037;
;0,05114779;0,1185929;2,148182;87,93037;
;0,05111776;0,1186532;2,148182;87,94038;
;0,05111875;0,118662;2,148182;87,95038;
;0,05118205;0,1186339;2,148182;87,96038;
;0,05114997;0,1185931;2,148182;87,97038;
;0,05115817;0,1185161;2,148182;87,98038;
;0,05119181;0,1183741;2,148182;87,99039;
;0,05123426;0,118234;2,148182;88,00039;
;0,05126647;0,11808;2,148182;88,01039;
;0,05133769;0,117824;2,148182;88,02039;
;0,05137193;0,1175969;2,148182;88,0304;
;0,05140389;0,1173746;2,148182;88,0404;
;0,05154021;0,1170352;2,148182;88,0504;
;0,05155893;0,1167371;2,148182;88,0604;
;0,05161513;0,1164126;2,148182;88,0704;
;0,0516693;0,1161336;2,148182;88,08041;
;0,05175266;0,1157718;2,148182;88,09041;
;0,05177772;0,1155137;2,148182;88,10041;
;0,05187739;0,115172;2,148182;88,11041;
;0,05190325;0,1149319;2,148182;88,12041;
;0,05190159;0,1147988;2,148182;88,13042;
;0,05187148;0,1147668;2,148182;88,14042;
;0,05188527;0,1147655;2,148182;88,15042;
;0,05188329;0,1148162;2,148182;88,16042;
;0,0518787;0,1150239;2,148182;88,17043;
;0,05180006;0,1152863;2,148182;88,18043;
;0,05176346;0,1155209;2,148182;88,19043;
;0,05172813;0,1158756;2,148182;88,20043;
;0,05161842;0,1161878;2,148182;88,21043;
;0,05157532;0,1164477;2,148182;88,22044;
;0,05151851;0,1168078;2,148182;88,23044;
;0,05143721;0,1170938;2,148182;88,24044;
;0,05139191;0,1173208;2,148182;88,25044;
;0,05133188;0,1176092;2,148182;88,26044;
;0,0513034;0,117854;2,148182;88,27045;
;0,05125462;0,1180289;2,148182;88,28045;
;0,05118522;0,118225;2,148182;88,29045;
;0,05116428;0,1183843;2,148182;88,30045;
;0,05114673;0,1184846;2,148182;88,31046;
;0,05109753;0,1185745;2,148182;88,32046;
;0,05112011;0,1186424;2,148182;88,33046;
;0,05112811;0,1186621;2,148182;88,34046;
;0,05113768;0,1186383;2,148182;88,35046;
;0,051135;0,1186096;2,148182;88,36047;
;0,051146;0,118542;2,148182;88,37047;
;0,05120484;0,1184025;2,148182;88,38047;
;0,05126456;0,118268;2,148182;88,39047;
;0,05126618;0,1181209;2,148182;88,40047;
;0,05131869;0,1178831;2,148182;88,41048;
;0,05135878;0,1176552;2,148182;88,42048;
;0,05139144;0,1174422;2,148182;88,43048;
;0,05152247;0,1171162;2,148182;88,44048;
;0,05154316;0,1168061;2,148182;88,45049;
;0,05156704;0,1165526;2,148182;88,46049;
;0,0517118;0,1161673;2,148182;88,47049;
;0,05174075;0,1158448;2,148182;88,48049;
;0,05176002;0,1155867;2,148182;88,49049;
;0,05187845;0,1152342;2,148182;88,5005;
;0,05189372;0,1149805;2,148182;88,5105;
;0,05191271;0,1147778;2,148182;88,5205;
;0,05191928;0,1147679;2,148182;88,5305;
;0,05192278;0,1147656;2,148182;88,5405;
;0,05189883;0,114803;2,148182;88,55051;
;0,05190044;0,1149666;2,148182;88,56051;
;0,05180956;0,1152545;2,148182;88,57051;
;0,05176046;0,1155413;2,148182;88,58051;
;0,05172437;0,1157899;2,148182;88,59052;
;0,05162937;0,1161109;2,148182;88,60052;
;0,05158635;0,1163675;2,148182;88,61052;
;0,05149183;0,1167228;2,148182;88,62052;
;0,05140235;0,1170179;2,148182;88,63052;
;0,05140654;0,1172514;2,148182;88,64053;
;0,05135893;0,1175447;2,148182;88,65053;
;0,05130517;0,1177909;2,148182;88,66053;
;0,05126213;0,1179782;2,148182;88,67053;
;0,0511959;0,118182;2,148182;88,68053;
;0,05117309;0,1183442;2,148182;88,69054;
;0,05115144;0,1184577;2,148182;88,70054;
;0,05106926;0,1185604;2,148182;88,71054;
;0,05112333;0,1186291;2,148182;88,72054;
;0,05113613;0,1186589;2,148182;88,73055;
;0,05113535;0,1186495;2,148182;88,74055;
;0,05115153;0,1186202;2,148182;88,75055;
;0,05115198;0,118564;2,148182;88,76055;
;0,05117457;0,118438;2,148182;88,77055;
;0,05121997;0,118307;2,148182;88,78056;
;0,0512498;0,1181719;2,148182;88,79056;
;0,05132474;0,1179435;2,148182;88,80056;
;0,05134111;0,1177154;2,148182;88,81056;
;0,05137142;0,1175041;2,148182;88,82056;
;0,05146344;0,1171957;2,148182;88,83057;
;0,05145753;0,116897;2,148182;88,84057;
;0,05153684;0,1166274;2,148182;88,85057;
;0,05169278;0,1162603;2,148182;88,86057;
;0,0517148;0,115926;2,148182;88,87057;
;0,05174075;0,1156621;2,148182;88,88058;
;0,0518776;0,1153112;2,148182;88,89058;
;0,05186293;0,1150425;2,148182;88,90058;
;0,05187429;0,1148715;2,148182;88,91058;
;0,05195221;0,1147697;2,148182;88,92059;
;0,05191721;0,1147657;2,148182;88,93059;
;0,05190513;0,1147655;2,148182;88,94059;
;0,05191009;0,1149205;2,148182;88,95059;
;0,05182917;0,1151617;2,148182;88,96059;
;0,0517921;0,11538;2,148182;88,9706;
;0,05176625;0,1157198;2,148182;88,9806;
;0,05165253;0,1160245;2,148182;88,9906;
;0,05160872;0,1162947;2,148182;89,0006;
;0,05157166;0,1166524;2,148182;89,0106;
;0,05146244;0,1169514;2,148182;89,02061;
;0,05140134;0,1172353;2,148182;89,03061;
;0,05137445;0,117451;2,148182;89,04061;
;0,05135328;0,1177394;2,148182;89,05061;
;0,05125323;0,1179564;2,148182;89,06062;
;0,0512182;0,1181308;2,148182;89,07062;
;0,05118704;0,1183021;2,148182;89,08062;
;0,05117878;0,1184241;2,148182;89,09062;
;0,05114062;0,1185455;2,148182;89,10062;
;0,05111717;0,1186123;2,148182;89,11063;
;0,05111666;0,1186524;2,148182;89,12063;
;0,05113103;0,1186583;2,148182;89,13063;
;0,05118087;0,1186275;2,148182;89,14063;
;0,05115924;0,118582;2,148182;89,15063;
;0,05116369;0,1184715;2,148182;89,16064;
;0,05121325;0,1183436;2,148182;89,17064;
;0,05124522;0,1182166;2,148182;89,18064;
;0,05130794;0,1179961;2,148182;89,19064;
;0,05133013;0,1177672;2,148182;89,20065;
;0,05136906;0,1175411;2,148182;89,21065;
;0,05150139;0,1172599;2,148182;89,22065;
;0,05151718;0,1169673;2,148182;89,23065;
;0,05153751;0,1167069;2,148182;89,24065;
;0,05167318;0,1163307;2,148182;89,25066;
;0,05169908;0,1160139;2,148182;89,26066;
;0,05171939;0,1157479;2,148182;89,27066;
;0,05181724;0,1153866;2,148182;89,28066;
;0,05191949;0,1151031;2,148182;89,29066;
;0,0519148;0,1149202;2,148182;89,30067;
;0,05191185;0,1147717;2,148182;89,31067;
;0,05192543;0,1147657;2,148182;89,32067;
;0,05196093;0,1147655;2,148182;89,33067;
;0,05191735;0,114857;2,148182;89,34068;
;0,05185203;0,1150789;2,148182;89,35068;
;0,05180593;0,1152973;2,148182;89,36068;
;0,05170901;0,1156393;2,148182;89,37068;
;0,05168286;0,1159457;2,148182;89,38068;
;0,05165088;0,1162077;2,148182;89,39069;
;0,05154252;0,1165599;2,148182;89,40069;
;0,05148048;0,116872;2,148182;89,41069;
;0,05144991;0,1171171;2,148182;89,42069;
;0,0513953;0,1174252;2,148182;89,43069;
;0,05131013;0,1176787;2,148182;89,4407;
;0,05129624;0,1178749;2,148182;89,4507;
;0,05123916;0,1181058;2,148182;89,4607;
;0,05118722;0,1182591;2,148182;89,4707;
;0,05118719;0,118391;2,148182;89,48071;
;0,05115505;0,1185261;2,148182;89,49071;
;0,05111838;0,1185922;2,148182;89,50071;
;0,05111789;0,1186423;2,148182;89,51071;
;0,05112964;0,1186636;2,148182;89,52071;
;0,05118379;0,1186339;2,148182;89,53072;
;0,05115606;0,1186014;2,148182;89,54072;
;0,05115631;0,1185016;2,148182;89,55072;
;0,0512085;0,1183727;2,148182;89,56072;
;0,05123634;0,1182579;2,148182;89,57072;
;0,05127884;0,1180502;2,148182;89,58073;
;0,05131425;0,1178318;2,148182;89,59073;
;0,05134754;0,1176373;2,148182;89,60073;
;0,05143527;0,1173384;2,148182;89,61073;
;0,05148247;0,1170516;2,148182;89,62074;
;0,05152744;0,1167943;2,148182;89,63074;
;0,05163857;0,1164266;2,148182;89,64074;
;0,05168352;0,1160881;2,148182;89,65074;
;0,05170717;0,1158248;2,148182;89,66074;
;0,0518061;0,115465;2,148182;89,67075;
;0,05185592;0,115174;2,148182;89,68075;
;0,05188268;0,1149763;2,148182;89,69075;
;0,05194468;0,1147739;2,148182;89,70075;
;0,05190157;0,1147658;2,148182;89,71075;
;0,05191181;0,1147656;2,148182;89,72076;
;0,05190144;0,1148234;2,148182;89,73076;
;0,05187455;0,1150241;2,148182;89,74076;
;0,05182864;0,1152376;2,148182;89,75076;
;0,05180257;0,1155665;2,148182;89,76077;
;0,05168311;0,1158663;2,148182;89,77077;
;0,05164147;0,1161265;2,148182;89,78077;
;0,0516313;0,1164959;2,148182;89,79077;
;0,05149093;0,116802;2,148182;89,80077;
;0,05144494;0,1170445;2,148182;89,81078;
;0,05138641;0,1173612;2,148182;89,82078;
;0,05135146;0,1176112;2,148182;89,83078;
;0,05130112;0,1178083;2,148182;89,84078;
;0,05122627;0,1180567;2,148182;89,85078;
;0,05120811;0,1182221;2,148182;89,86079;
;0,05120891;0,1183541;2,148182;89,87079;
;0,05114472;0,1185034;2,148182;89,88079;
;0,05112112;0,1185765;2,148182;89,89079;
;0,05112267;0,1186311;2,148182;89,90079;
;0,05112864;0,1186656;2,148182;89,9108;
;0,05113764;0,1186391;2,148182;89,9208;
;0,0511357;0,1186151;2,148182;89,9308;
;0,0511538;0,1185333;2,148182;89,9408;
;0,0512018;0,1184077;2,148182;89,95081;
;0,05127701;0,1182723;2,148182;89,96081;
;0,05126911;0,1181239;2,148182;89,97081;
;0,05130344;0,117887;2,148182;89,98081;
;0,05134048;0,1176974;2,148182;89,99081;
;0,05148137;0,1173995;2,148182;90,00082;
;0,05147552;0,1171284;2,148182;90,01082;
;0,05149972;0,1168718;2,148182;90,02082;
;0,05164135;0,1164976;2,148182;90,03082;
;0,05166808;0,1161781;2,148182;90,04082;
;0,05168964;0,1159106;2,148182;90,05083;
;0,05180383;0,1155418;2,148182;90,06083;
;0,05184931;0,1152482;2,148182;90,07083;
;0,05187494;0,1150628;2,148182;90,08083;
;0,05192975;0,1148273;2,148182;90,09084;
;0,05189976;0,114768;2,148182;90,10084;
;0,05188058;0,114766;2,148182;90,11084;
;0,05184088;0,1147796;2,148182;90,12084;
;0,05181732;0,1149611;2,148182;90,13084;
;0,05181722;0,1151669;2,148182;90,14085;
;0,05175858;0,1154867;2,148182;90,15085;
;0,05167447;0,115786;2,148182;90,16085;
;0,05162281;0,1160391;2,148182;90,17085;
;0,05161596;0,1164172;2,148182;90,18085;
;0,05150623;0,1167206;2,148182;90,19086;
;0,05147376;0,116967;2,148182;90,20086;
;0,05140715;0,1172964;2,148182;90,21086;
;0,05132856;0,1175428;2,148182;90,22086;
;0,05129653;0,1177491;2,148182;90,23087;
;0,05122957;0,1180026;2,148182;90,24087;
;0,05113824;0,1181852;2,148182;90,25087;
;0,0511868;0,1183189;2,148182;90,26087;
;0,05114756;0,1184732;2,148182;90,27087;
;0,05111753;0,118562;2,148182;90,28088;
;0,0511206;0,1186169;2,148182;90,29088;
;0,05112869;0,1186642;2,148182;90,30088;
;0,05112943;0,118651;2,148182;90,31088;
;0,05112769;0,1186259;2,148182;90,32088;
;0,05114827;0,1185559;2,148182;90,33089;
;0,05119174;0,1184406;2,148182;90,34089;
;0,05123549;0,1183312;2,148182;90,35089;
;0,05125156;0,118153;2,148182;90,36089;
;0,05128511;0,1179529;2,148182;90,3709;
;0,05131836;0,1177643;2,148182;90,3809;
;0,05139318;0,1174705;2,148182;90,3909;
;0,0514234;0,1171968;2,148182;90,4009;
;0,0514815;0,116954;2,148182;90,4109;
;0,05161322;0,1165812;2,148182;90,42091;
;0,0516663;0,1162593;2,148182;90,43091;
;0,0516825;0,115994;2,148182;90,44091;
;0,05185315;0,1156099;2,148182;90,45091;
;0,05181788;0,1153226;2,148182;90,46091;
;0,05183664;0,1150936;2,148182;90,47092;
;0,05184487;0,1148406;2,148182;90,48092;
;0,05195294;0,1147685;2,148182;90,49092;
;0,05193453;0,1147661;2,148182;90,50092;
;0,0519058;0,1147655;2,148182;90,51093;
;0,05189127;0,1149152;2,148182;90,52093;
;0,05186329;0,1151037;2,148182;90,53093;
;0,05177792;0,1154105;2,148182;90,54093;
;0,0517253;0,115715;2,148182;90,55093;
;0,05171222;0,1159749;2,148182;90,56094;
;0,05161138;0,1163193;2,148182;90,57094;
;0,05152397;0,116657;2,148182;90,58094;
;0,0514825;0,1168956;2,148182;90,59094;
;0,05141561;0,1172302;2,148182;90,60094;
;0,05136263;0,1174833;2,148182;90,61095;
;0,05131931;0,1176886;2,148182;90,62095;
;0,05125079;0,1179528;2,148182;90,63095;
;0,05122095;0,1181471;2,148182;90,64095;
;0,05122114;0,1182786;2,148182;90,65096;
;0,05115186;0,1184451;2,148182;90,66096;
;0,0511247;0,1185421;2,148182;90,67096;
;0,05112328;0,1185992;2,148182;90,68096;
;0,05110209;0,118659;2,148182;90,69096;
;0,05104173;0,1186594;2,148182;90,70097;
;0,05108648;0,1186351;2,148182;90,71097;
;0,05114416;0,1185762;2,148182;90,72097;
;0,05117968;0,1184699;2,148182;90,73097;
;0,05122555;0,1183672;2,148182;90,74097;
;0,05123844;0,1181937;2,148182;90,75098;
;0,05126999;0,1180256;2,148182;90,76098;
;0,05130604;0,1178466;2,148182;90,77098;
;0,05147374;0,1175304;2,148182;90,78098;
;0,0514418;0,1172703;2,148182;90,79099;
;0,05146597;0,1170265;2,148182;90,80099;
;0,0516054;0,1166653;2,148182;90,81099;
;0,05163826;0,1163439;2,148182;90,82099;
;0,05166139;0,1160717;2,148182;90,83099;
;0,05183151;0,115692;2,148182;90,841;
;0,051807;0,1153873;2,148182;90,851;
;0,05182751;0,1151557;2,148182;90,861;
;0,05188466;0,1148862;2,148182;90,871;
;0,0519109;0,1147703;2,148182;90,881;
;0,05189529;0,1147657;2,148182;90,89101;
;0,05192626;0,1147655;2,148182;90,90101;
;0,05192489;0,1148662;2,148182;90,91101;
;0,05186837;0,1150411;2,148182;90,92101;
;0,05183833;0,115347;2,148182;90,93102;
;0,05173181;0,1156229;2,148182;90,94102;
;0,05169352;0,1158805;2,148182;90,95102;
;0,0516497;0,1162537;2,148182;90,96102;
;0,05154218;0,116568;2,148182;90,97102;
;0,05149694;0,1168188;2,148182;90,98103;
;0,05143478;0,1171566;2,148182;90,99103;
;0,05137231;0,1174258;2,148182;91,00103;
;0,05132967;0,1176272;2,148182;91,01103;
;0,05126356;0,117902;2,148182;91,02103;
;0,05123375;0,1181017;2,148182;91,03104;
;0,05121606;0,1182327;2,148182;91,04104;
;0,05115728;0,1184154;2,148182;91,05104;
;0,05113434;0,1185256;2,148182;91,06104;
;0,05113676;0,1185801;2,148182;91,07104;
;0,05113626;0,1186514;2,148182;91,08105;
;0,05112234;0,1186643;2,148182;91,09105;
;0,05112039;0,118639;2,148182;91,10105;
;0,05114235;0,1185955;2,148182;91,11105;
;0,05117792;0,1185048;2,148182;91,12106;
;0,05120576;0,1183977;2,148182;91,13106;
;0,05123166;0,1182363;2,148182;91,14106;
;0,05126942;0,1180551;2,148182;91,15106;
;0,05130734;0,1178687;2,148182;91,16106;
;0,05143511;0,1175967;2,148182;91,17107;
;0,05142698;0,1173399;2,148182;91,18107;
;0,05148699;0,117054;2,148182;91,19107;
;0,05153649;0,1167913;2,148182;91,20107;
;0,05162502;0,1164319;2,148182;91,21107;
;0,05164585;0,1161586;2,148182;91,22108;
;0,05174222;0,1157815;2,148182;91,23108;
;0,05172545;0,1154761;2,148182;91,24108;
;0,05181925;0,1152251;2,148182;91,25108;
;0,05189865;0,1149381;2,148182;91,26109;
;0,0518982;0,1147724;2,148182;91,27109;
;0,05191105;0,1147669;2,148182;91,28109;
;0,05193583;0,1147656;2,148182;91,29109;
;0,05195294;0,1148297;2,148182;91,30109;
;0,05188146;0,1149838;2,148182;91,3111;
;0,05178811;0,1152698;2,148182;91,3211;
;0,0516674;0,1155477;2,148182;91,3311;
;0,05168691;0,1158121;2,148182;91,3411;
;0,05167708;0,1161741;2,148182;91,3511;
;0,05155553;0,1164881;2,148182;91,36111;
;0,05151021;0,1167461;2,148182;91,37111;
;0,05144948;0,1170866;2,148182;91,38111;
;0,05140179;0,1173608;2,148182;91,39111;
;0,05134616;0,1175655;2,148182;91,40112;
;0,05126853;0,1178422;2,148182;91,41112;
;0,05122304;0,1180554;2,148182;91,42112;
;0,05116579;0,1181924;2,148182;91,43112;
;0,05114432;0,1183782;2,148182;91,44112;
;0,05113721;0,1185044;2,148182;91,45113;
;0,0511403;0,1185653;2,148182;91,46113;
;0,05114785;0,1186406;2,148182;91,47113;
;0,05112436;0,1186662;2,148182;91,48113;
;0,05113305;0,1186445;2,148182;91,49113;
;0,05115101;0,118608;2,148182;91,50114;
;0,05115985;0,1185348;2,148182;91,51114;
;0,05116897;0,1184329;2,148182;91,52114;
;0,05122244;0,1182792;2,148182;91,53114;
;0,05126234;0,1181035;2,148182;91,54115;
;0,05128183;0,1179264;2,148182;91,55115;
;0,05140441;0,1176579;2,148182;91,56115;
;0,05141413;0,1174081;2,148182;91,57115;
;0,05144105;0,1171773;2,148182;91,58115;
;0,05157573;0,1168232;2,148182;91,59116;
;0,05161955;0,1164965;2,148182;91,60116;
;0,05163505;0,1162381;2,148182;91,61116;
;0,051777;0,11586;2,148182;91,62116;
;0,05178557;0,1155447;2,148182;91,63116;
;0,05181719;0,1152974;2,148182;91,64117;
;0,05189676;0,1149933;2,148182;91,65117;
;0,05198499;0,1147918;2,148182;91,66117;
;0,05193601;0,1147708;2,148182;91,67117;
;0,05193375;0,1147657;2,148182;91,68118;
;0,05196815;0,1147839;2,148182;91,69118;
;0,05189909;0,1149318;2,148182;91,70118;
;0,05186611;0,1152119;2,148182;91,71118;
;0,05175911;0,1154838;2,148182;91,72118;
;0,05172095;0,1157337;2,148182;91,73119;
;0,05168622;0,1160978;2,148182;91,74119;
;0,05157015;0,1164079;2,148182;91,75119;
;0,05152263;0,116664;2,148182;91,76119;
;0,05143736;0,1170113;2,148182;91,77119;
;0,05130845;0,1172827;2,148182;91,7812;
;0,05132443;0,1174986;2,148182;91,7912;
;0,05129916;0,1177898;2,148182;91,8012;
;0,05125529;0,118004;2,148182;91,8112;
;0,05123997;0,1181553;2,148182;91,82121;
;0,05116921;0,1183385;2,148182;91,83121;
;0,05114626;0,1184746;2,148182;91,84121;
;0,05114402;0,1185487;2,148182;91,85121;
;0,0511918;0,118627;2,148182;91,86121;
;0,05111704;0,1186642;2,148182;91,87122;
;0,05111028;0,1186534;2,148182;91,88122;
;0,05113768;0,1186225;2,148182;91,89122;
;0,05117064;0,1185539;2,148182;91,90122;
;0,05118072;0,1184605;2,148182;91,91122;
;0,05120853;0,1183139;2,148182;91,92123;
;0,0512503;0,1181508;2,148182;91,93123;
;0,05128397;0,1179812;2,148182;91,94123;
;0,05137436;0,1177141;2,148182;91,95123;
;0,05139592;0,1174799;2,148182;91,96124;
;0,05142317;0,1172467;2,148182;91,97124;
;0,05152266;0,1169018;2,148182;91,98124;
;0,05151298;0,1165924;2,148182;91,99124;
;0,05159505;0,1163216;2,148182;92,00124;
;0,05174549;0,1159402;2,148182;92,01125;
;0,05179728;0,1156211;2,148182;92,02125;
;0,05181071;0,1153729;2,148182;92,03125;
;0,05191701;0,1150472;2,148182;92,04125;
;0,05192678;0,1148393;2,148182;92,05125;
;0,0519124;0,1147802;2,148182;92,06126;
;0,05193815;0,1147661;2,148182;92,07126;
;0,05193321;0,1147655;2,148182;92,08126;
;0,05189011;0,1148818;2,148182;92,09126;
;0,05182425;0,1151355;2,148182;92,10126;
;0,0517088;0,1154025;2,148182;92,11127;
;0,0517415;0,1156575;2,148182;92,12127;
;0,05168539;0,1160162;2,148182;92,13127;
;0,05158579;0,1163287;2,148182;92,14127;
;0,05154024;0,1165906;2,148182;92,15128;
;0,05145204;0,11694;2,148182;92,16128;
;0,05134046;0,117219;2,148182;92,17128;
;0,05134055;0,1174362;2,148182;92,18128;
;0,05131435;0,1177243;2,148182;92,19128;
;0,0512736;0,1179573;2,148182;92,20129;
;0,05124027;0,118108;2,148182;92,21129;
;0,05120243;0,118295;2,148182;92,22129;
;0,05116407;0,118445;2,148182;92,23129;
;0,05115386;0,1185286;2,148182;92,24129;
;0,05114452;0,1186095;2,148182;92,2513;
;0,05112441;0,1186584;2,148182;92,2613;
;0,05112603;0,1186595;2,148182;92,2713;
;0,05112854;0,1186292;2,148182;92,2813;
;0,05116075;0,1185783;2,148182;92,29131;
;0,05118426;0,1184923;2,148182;92,30131;
;0,0511998;0,1183504;2,148182;92,31131;
;0,05123967;0,1182;2,148182;92,32131;
;0,05127284;0,1180382;2,148182;92,33131;
;0,05135262;0,1177763;2,148182;92,34132;
;0,05138457;0,1175367;2,148182;92,35132;
;0,05141448;0,1173233;2,148182;92,36132;
;0,05154543;0,1169821;2,148182;92,37132;
;0,05157272;0,1166676;2,148182;92,38132;
;0,05159673;0,1164005;2,148182;92,39133;
;0,05174177;0,1160203;2,148182;92,40133;
;0,05175354;0,1157067;2,148182;92,41133;
;0,05177418;0,1154525;2,148182;92,42133;
;0,05186414;0,1151173;2,148182;92,43134;
;0,05192167;0,1148889;2,148182;92,44134;
;0,05191486;0,1147902;2,148182;92,45134;
;0,05192133;0,1147665;2,148182;92,46134;
;0,05192464;0,1147655;2,148182;92,47134;
;0,05189927;0,1148469;2,148182;92,48135;
;0,05187977;0,115073;2,148182;92,49135;
;0,05179012;0,1153367;2,148182;92,50135;
;0,05175302;0,1155802;2,148182;92,51135;
;0,05171721;0,1159352;2,148182;92,52135;
;0,0516023;0,1162505;2,148182;92,53136;
;0,05155533;0,1165122;2,148182;92,54136;
;0,05146914;0,1168563;2,148182;92,55136;
;0,05135666;0,1171449;2,148182;92,56136;
;0,05136766;0,1173739;2,148182;92,57137;
;0,05137449;0,1176664;2,148182;92,58137;
;0,05127497;0,1178964;2,148182;92,59137;
;0,05124019;0,1180653;2,148182;92,60137;
;0,0511847;0,1182531;2,148182;92,61137;
;0,05116314;0,1184103;2,148182;92,62138;
;0,05115556;0,1185059;2,148182;92,63138;
;0,05114383;0,1185892;2,148182;92,64138;
;0,05112676;0,1186515;2,148182;92,65138;
;0,05112221;0,1186623;2,148182;92,66138;
;0,05111834;0,1186359;2,148182;92,67139;
;0,05113718;0,1185952;2,148182;92,68139;
;0,05115025;0,1185223;2,148182;92,69139;
;0,05115266;0,1183829;2,148182;92,70139;
;0,05121168;0,1182419;2,148182;92,7114;
;0,05124693;0,1180894;2,148182;92,7214;
;0,05134343;0,1178338;2,148182;92,7314;
;0,05142332;0,1175957;2,148182;92,7414;
;0,05141704;0,1173803;2,148182;92,7514;
;0,05147756;0,1170677;2,148182;92,76141;
;0,05154929;0,1167427;2,148182;92,77141;
;0,05154942;0,1164882;2,148182;92,78141;
;0,05169965;0,1161017;2,148182;92,79141;
;0,05173944;0,1157795;2,148182;92,80141;
;0,05175944;0,1155291;2,148182;92,81142;
;0,05188501;0,1151816;2,148182;92,82142;
;0,05187893;0,1149418;2,148182;92,83142;
;0,05188255;0,1148008;2,148182;92,84142;
;0,05187965;0,1147669;2,148182;92,85143;
;0,05191154;0,1147656;2,148182;92,86143;
;0,05189635;0,1148097;2,148182;92,87143;
;0,05184621;0,1150111;2,148182;92,88143;
;0,05173925;0,1152645;2,148182;92,89143;
;0,05176981;0,115513;2,148182;92,90144;
;0,05171778;0,1158547;2,148182;92,91144;
;0,05161897;0,1161718;2,148182;92,92144;
;0,05156205;0,1164932;2,148182;92,93144;
;0,05155019;0,1167512;2,148182;92,94144;
;0,05143535;0,1170858;2,148182;92,95145;
;0,05138776;0,1173069;2,148182;92,96145;
;0,05132503;0,1175982;2,148182;92,97145;
;0,05126245;0,1178428;2,148182;92,98145;
;0,05121137;0,1180109;2,148182;92,99146;
;0,05118518;0,11822;2,148182;93,00146;
;0,05117387;0,1183755;2,148182;93,01146;
;0,05116497;0,118479;2,148182;93,02146;
;0,05113869;0,1185751;2,148182;93,03146;
;0,0511152;0,1186403;2,148182;93,04147;
;0,05111352;0,1186619;2,148182;93,05147;
;0,05113642;0,1186407;2,148182;93,06147;
;0,05116316;0,1186093;2,148182;93,07147;
;0,05115864;0,1185452;2,148182;93,08147;
;0,05117721;0,1184102;2,148182;93,09148;
;0,05121915;0,1182803;2,148182;93,10148;
;0,05123933;0,1181397;2,148182;93,11148;
;0,05124995;0,1178982;2,148182;93,12148;
;0,05136181;0,117662;2,148182;93,13148;
;0,05142045;0,1174518;2,148182;93,14149;
;0,05149943;0,1171275;2,148182;93,15149;
;0,0515475;0,1168357;2,148182;93,16149;
;0,05157587;0,1165675;2,148182;93,17149;
;0,0516879;0,1161849;2,148182;93,1815;
;0,05173851;0,1158657;2,148182;93,1915;
;0,05175862;0,1156037;2,148182;93,2015;
;0,05188416;0,1152514;2,148182;93,2115;
;0,05188655;0,1149936;2,148182;93,2215;
;0,05189525;0,1148314;2,148182;93,23151;
;0,051879;0,1147681;2,148182;93,24151;
;0,05188433;0,1147656;2,148182;93,25151;
;0,05188724;0,1147743;2,148182;93,26151;
;0,05188496;0,1149563;2,148182;93,27151;
;0,05181627;0,1152058;2,148182;93,28152;
;0,05178019;0,1154353;2,148182;93,29152;
;0,0517502;0,1157801;2,148182;93,30152;
;0,05163794;0,1160878;2,148182;93,31152;
;0,05159479;0,1163498;2,148182;93,32153;
;0,05154919;0,1167155;2,148182;93,33153;
;0,05145007;0,1170105;2,148182;93,34153;
;0,05140306;0,1172442;2,148182;93,35153;
;0,05133659;0,1175343;2,148182;93,36153;
;0,05125896;0,1177814;2,148182;93,37154;
;0,05122003;0,117963;2,148182;93,38154;
;0,05119631;0,1181797;2,148182;93,39154;
;0,0512345;0,1183406;2,148182;93,40154;
;0,05118766;0,1184523;2,148182;93,41154;
;0,0511374;0,1185594;2,148182;93,42155;
;0,05114456;0,1186258;2,148182;93,43155;
;0,05112848;0,1186579;2,148182;93,44155;
;0,05111973;0,118652;2,148182;93,45155;
;0,05118543;0,1186199;2,148182;93,46156;
;0,05116886;0,1185688;2,148182;93,47156;
;0,05117556;0,118447;2,148182;93,48156;
;0,05127181;0,1183154;2,148182;93,49156;
;0,05126501;0,118183;2,148182;93,50156;
;0,05129945;0,117953;2,148182;93,51157;
;0,05134161;0,1177222;2,148182;93,52157;
;0,05140606;0,1174815;2,148182;93,53157;
;0,05153127;0,1170851;2,148182;93,54157;
;0,05153465;0,1168471;2,148182;93,55157;
;0,0516086;0,1164956;2,148182;93,56158;
;0,05166296;0,1162405;2,148182;93,57158;
;0,05172479;0,1159113;2,148182;93,58158;
;0,05174495;0,1156776;2,148182;93,59158;
;0,0518815;0,1153226;2,148182;93,60159;
;0,05187441;0,1150554;2,148182;93,61159;
;0,05190295;0,1148761;2,148182;93,62159;
;0,0519161;0,1147699;2,148182;93,63159;
;0,05192335;0,1147657;2,148182;93,64159;
;0,05192813;0,1147655;2,148182;93,6516;
;0,05189252;0,1149033;2,148182;93,6616;
;0,05183552;0,1151321;2,148182;93,6716;
;0,05179847;0,1153606;2,148182;93,6816;
;0,05176898;0,1157065;2,148182;93,6916;
;0,05165043;0,1160086;2,148182;93,70161;
;0,05160353;0,1162681;2,148182;93,71161;
;0,05150565;0,1166281;2,148182;93,72161;
;0,05142344;0,116931;2,148182;93,73161;
;0,05140925;0,1171694;2,148182;93,74162;
;0,05136646;0,1174736;2,148182;93,75162;
;0,05135408;0,1177237;2,148182;93,76162;
;0,05128794;0,1179133;2,148182;93,77162;
;0,05120121;0,1181374;2,148182;93,78162;
;0,05118267;0,1182972;2,148182;93,79163;
;0,05115418;0,118419;2,148182;93,80163;
;0,05106485;0,1185392;2,148182;93,81163;
;0,05111374;0,1186084;2,148182;93,82163;
;0,05113423;0,1186506;2,148182;93,83163;
;0,05115004;0,1186601;2,148182;93,84164;
;0,0511504;0,1186263;2,148182;93,85164;
;0,05114567;0,1185865;2,148182;93,86164;
;0,05116443;0,1184795;2,148182;93,87164;
;0,05121128;0,1183503;2,148182;93,88165;
;0,0512404;0,1182268;2,148182;93,89165;
;0,05128921;0,1180083;2,148182;93,90165;
;0,05132521;0,1177797;2,148182;93,91165;
;0,05135699;0,1175824;2,148182;93,92165;
;0,05144127;0,1172778;2,148182;93,93166;
;0,05145932;0,1169901;2,148182;93,94166;
;0,05151608;0,1167283;2,148182;93,95166;
;0,05167748;0,1163486;2,148182;93,96166;
;0,05169639;0,1160264;2,148182;93,97166;
;0,05171948;0,115765;2,148182;93,98167;
;0,05187615;0,1153963;2,148182;93,99167;
;0,05184802;0,1151145;2,148182;94,00167;
;0,05186283;0,1149355;2,148182;94,01167;
;0,05188753;0,1147723;2,148182;94,02168;
;0,05193459;0,1147658;2,148182;94,03168;
;0,05194813;0,1147656;2,148182;94,04168;
;0,05189279;0,11486;2,148182;94,05168;
;0,05185895;0,1150757;2,148182;94,06168;
;0,05181679;0,1152931;2,148182;94,07169;
;0,05178526;0,1156289;2,148182;94,08169;
;0,05167105;0,1159314;2,148182;94,09169;
;0,05162872;0,1161919;2,148182;94,10169;
;0,05160421;0,1165619;2,148182;94,11169;
;0,05148022;0,1168595;2,148182;94,1217;
;0,05143436;0,1171026;2,148182;94,1317;
;0,05137706;0,1174076;2,148182;94,1417;
;0,05135212;0,1176616;2,148182;94,1517;
;0,05129582;0,1178553;2,148182;94,16171;
;0,05121724;0,1180899;2,148182;94,17171;
;0,05120106;0,1182542;2,148182;94,18171;
;0,05119447;0,1183851;2,148182;94,19171;
;0,05114171;0,1185221;2,148182;94,20171;
;0,05111926;0,1185883;2,148182;94,21172;
;0,05112021;0,1186406;2,148182;94,22172;
;0,05112927;0,1186641;2,148182;94,23172;
;0,05115198;0,1186347;2,148182;94,24172;
;0,05114406;0,1186019;2,148182;94,25172;
;0,05115889;0,118507;2,148182;94,26173;
;0,05120664;0,118381;2,148182;94,27173;
;0,05123705;0,1182639;2,148182;94,28173;
;0,05127707;0,1180616;2,148182;94,29173;
;0,05131453;0,1178398;2,148182;94,30173;
;0,05134918;0,1176526;2,148182;94,31174;
;0,05149756;0,1173413;2,148182;94,32174;
;0,05149417;0,1170648;2,148182;94,33174;
;0,05151428;0,116807;2,148182;94,34174;
;0,0516527;0,1164293;2,148182;94,35175;
;0,05169355;0,1161082;2,148182;94,36175;
;0,05170564;0,1158415;2,148182;94,37175;
;0,0517958;0,1154798;2,148182;94,38175;
;0,05180294;0,1151949;2,148182;94,39175;
;0,05186957;0,1149858;2,148182;94,40176;
;0,05192782;0,1147743;2,148182;94,41176;
;0,05191879;0,1147658;2,148182;94,42176;
;0,05190564;0,1147656;2,148182;94,43176;
;0,05192386;0,1148137;2,148182;94,44176;
;0,05185953;0,1150013;2,148182;94,45177;
;0,05181542;0,1152236;2,148182;94,46177;
;0,05173707;0,1155419;2,148182;94,47177;
;0,05164434;0,1158511;2,148182;94,48177;
;0,05166351;0,1161143;2,148182;94,49178;
;0,05159431;0,1164782;2,148182;94,50178;
;0,05150105;0,1167847;2,148182;94,51178;
;0,05146756;0,1170289;2,148182;94,52178;
;0,0514067;0,1173508;2,148182;94,53178;
;0,05134627;0,1175962;2,148182;94,54179;
;0,0513009;0,1178024;2,148182;94,55179;
;0,05124128;0,1180457;2,148182;94,56179;
;0,05123766;0,1182203;2,148182;94,57179;
;0,05120547;0,11835;2,148182;94,58179;
;0,05114318;0,1184972;2,148182;94,5918;
;0,05112277;0,1185737;2,148182;94,6018;
;0,05112371;0,1186284;2,148182;94,6118;
;0,05113008;0,1186654;2,148182;94,6218;
;0,05116357;0,1186418;2,148182;94,63181;
;0,05114419;0,118615;2,148182;94,64181;
;0,05115115;0,1185331;2,148182;94,65181;
;0,05119949;0,1184116;2,148182;94,66181;
;0,05124047;0,1183034;2,148182;94,67181;
;0,05126799;0,1181127;2,148182;94,68182;
;0,05129685;0,1178996;2,148182;94,69182;
;0,05132981;0,1177063;2,148182;94,70182;
;0,05139956;0,117427;2,148182;94,71182;
;0,05143236;0,1171382;2,148182;94,72182;
;0,0514883;0,1168847;2,148182;94,73183;
;0,05164085;0,1165143;2,148182;94,74183;
;0,05166404;0,1161859;2,148182;94,75183;
;0,05168428;0,1159274;2,148182;94,76183;
;0,05178162;0,1155614;2,148182;94,77184;
;0,05177352;0,1152686;2,148182;94,78184;
;0,05188739;0,1150418;2,148182;94,79184;
;0,05197646;0,1147965;2,148182;94,80184;
;0,05192634;0,1147667;2,148182;94,81184;
;0,051941;0,1147657;2,148182;94,82185;
;0,05190391;0,1147731;2,148182;94,83185;
;0,05190469;0,114952;2,148182;94,84185;
;0,05185056;0,1151571;2,148182;94,85185;
;0,05182234;0,1154794;2,148182;94,86185;
;0,05170042;0,1157696;2,148182;94,87186;
;0,05165879;0,1160376;2,148182;94,88186;
;0,05163406;0,1164003;2,148182;94,89186;
;0,05150889;0,1167102;2,148182;94,90186;
;0,05146081;0,1169552;2,148182;94,91187;
;0,05138689;0,1172768;2,148182;94,92187;
;0,05131595;0,1175334;2,148182;94,93187;
;0,05128275;0,1177398;2,148182;94,94187;
;0,0512565;0,1179983;2,148182;94,95187;
;0,0512408;0,118179;2,148182;94,96188;
;0,0512142;0,1183093;2,148182;94,97188;
;0,05114643;0,1184691;2,148182;94,98188;
;0,05112567;0,1185603;2,148182;94,99188;
;0,0511276;0,1186147;2,148182;95,00188;
;0,05113146;0,1186637;2,148182;95,01189;
;0,05115228;0,1186532;2,148182;95,02189;
;0,05113568;0,1186281;2,148182;95,03189;
;0,05114349;0,1185597;2,148182;95,04189;
;0,05118197;0,1184462;2,148182;95,0519;
;0,05118349;0,1183382;2,148182;95,0619;
;0,05126113;0,1181572;2,148182;95,0719;
;0,05129949;0,1179575;2,148182;95,0819;
;0,05130937;0,1178096;2,148182;95,0919;
;0,05137442;0,117587;2,148182;95,10191;
;0,05144396;0,1173046;2,148182;95,11191;
;0,0514744;0,1170597;2,148182;95,12191;
;0,0515921;0,1166951;2,148182;95,13191;
;0,0516546;0,1163565;2,148182;95,14191;
;0,05167121;0,1160441;2,148182;95,15192;
;0,05176771;0,1156373;2,148182;95,16192;
;0,05175568;0,1153397;2,148182;95,17192;
;0,05185495;0,1151026;2,148182;95,18192;
;0,05191939;0,1148454;2,148182;95,19193;
;0,05195194;0,1147687;2,148182;95,20193;
;0,05194682;0,1147661;2,148182;95,21193;
;0,05189819;0,1147655;2,148182;95,22193;
;0,05181111;0,1149009;2,148182;95,23193;
;0,0518588;0,1150934;2,148182;95,24194;
;0,05178129;0,115403;2,148182;95,25194;
;0,05170963;0,1157031;2,148182;95,26194;
;0,05166127;0,1159554;2,148182;95,27194;
;0,05161145;0,1163176;2,148182;95,28194;
;0,05151822;0,1166274;2,148182;95,29195;
;0,05147299;0,1168792;2,148182;95,30195;
;0,05139435;0,1172124;2,148182;95,31195;
;0,0512956;0,1174669;2,148182;95,32195;
;0,05128895;0,1176755;2,148182;95,33195;
;0,05127338;0,1179465;2,148182;95,34196;
;0,05123704;0,1181429;2,148182;95,35196;
;0,05119616;0,1182684;2,148182;95,36196;
;0,05114584;0,1184355;2,148182;95,37196;
;0,05112745;0,1185439;2,148182;95,38197;
;0,05111348;0,1185969;2,148182;95,39197;
;0,05110502;0,1186584;2,148182;95,40197;
;0,05113436;0,1186603;2,148182;95,41197;
;0,05112379;0,1186361;2,148182;95,42197;
;0,05113862;0,1185801;2,148182;95,43198;
;0,05117963;0,1184806;2,148182;95,44198;
;0,05121785;0,1183724;2,148182;95,45198;
;0,0512369;0,1182038;2,148182;95,46198;
;0,05127136;0,1180128;2,148182;95,47198;
;0,05130509;0,1178244;2,148182;95,48199;
;0,05136577;0,1175495;2,148182;95,49199;
;0,05141662;0,1172787;2,148182;95,50199;
;0,05146435;0,1170432;2,148182;95,51199;
;0,05160733;0,1166772;2,148182;95,522;
;0,05163502;0,1163524;2,148182;95,532;
;0,05165846;0,116085;2,148182;95,542;
;0,05182507;0,115707;2,148182;95,552;
;0,05180386;0,1154089;2,148182;95,562;
;0,05182425;0,1151644;2,148182;95,57201;
;0,05184351;0,1149026;2,148182;95,58201;
;0,0519712;0,114771;2,148182;95,59201;
;0,05193722;0,1147666;2,148182;95,60201;
;0,05191293;0,1147655;2,148182;95,61201;
;0,05187942;0,1148542;